[{"si7021_373a_01": {"reading_time": 1641056397.0475802, "sensor_value": 15.8, "description": "dry-bulb temperature", "unit": "degC"}, "si7021_373a_02": {"reading_time": 1641056397.0475802, "sensor_value": 48.46, "description": "relative humidity", "unit": "%"}}, {"si7021_373a_01": {"reading_time": 1641056427.0847726, "sensor_value": 15.8, "description": "dry-bulb temperature", "unit": "degC"}, "si7021_373a_02": {"reading_time": 1641056427.0847726, "sensor_value": 48.46, "description": "relative humidity", "unit": "%"}}, {"si7021_373a_01": {"reading_time": 1641056457.1431296, "sensor_value": 15.77, "description": "dry-bulb temperature", "unit": "degC"}, "si7021_373a_02": {"reading_time": 1641056457.1431296, "sensor_value": 48.45, "description": "relative humidity", "unit": "%"}}, {"si7021_373a_01": {"reading_time": 1641056487.2014651, "sensor_value": 15.8, "description": "dry-bulb temperature", "unit": "degC"}, "si7021_373a_02": {"reading_time": 1641056487.2014651, "sensor_value": 48.45, "description": "relative humidity", "unit": "%"}}][{"si7021_373a_01": {"reading_time": 1641056517.237166, "sensor_value": 15.78, "description": "dry-bulb temperature", "unit": "degC"}, "si7021_373a_02": {"reading_time": 1641056517.237166, "sensor_value": 48.45, "description": "relative humidity", "unit": "%"}}, {"si7021_373a_01": {"reading_time": 1641056547.2749932, "sensor_value": 15.8, "description": "dry-bulb temperature", "unit": "degC"}, "si7021_373a_02": {"reading_time": 1641056547.2749932, "sensor_value": 48.47, "description": "relative humidity", "unit": "%"}}, {"si7021_373a_01": {"reading_time": 1641056577.3245702, "sensor_value": 15.77, "description": "dry-bulb temperature", "unit": "degC"}, "si7021_373a_02": {"reading_time": 1641056577.3245702, "sensor_value": 48.48, "description": "relative humidity", "unit": "%"}}, {"si7021_373a_01": {"reading_time": 1641056607.3698862, "sensor_value": 15.82, "description": "dry-bulb temperature", "unit": "degC"}, "si7021_373a_02": {"reading_time": 1641056607.3698862, "sensor_value": 48.45, "description": "relative humidity", "unit": "%"}}][{"si7021_373a_01": {"reading_time": 1641056637.4176059, "sensor_value": 15.8, "description": "dry-bulb temperature", "unit": "degC"}, "si7021_373a_02": {"reading_time": 1641056637.4176059, "sensor_value": 48.48, "description": "relative humidity", "unit": "%"}}, {"si7021_373a_01": {"reading_time": 1641056667.4550035, "sensor_value": 15.81, "description": "dry-bulb temperature", "unit": "degC"}, "si7021_373a_02": {"reading_time": 1641056667.4550035, "sensor_value": 48.48, "description": "relative humidity", "unit": "%"}}, {"si7021_373a_01": {"reading_time": 1641056697.5182383, "sensor_value": 15.81, "description": "dry-bulb temperature", "unit": "degC"}, "si7021_373a_02": {"reading_time": 1641056697.5182383, "sensor_value": 48.49, "description": "relative humidity", "unit": "%"}}, {"si7021_373a_01": {"reading_time": 1641056727.5553367, "sensor_value": 15.81, "description": "dry-bulb temperature", "unit": "degC"}, "si7021_373a_02": {"reading_time": 1641056727.5553367, "sensor_value": 48.49, "description": "relative humidity", "unit": "%"}}][{"si7021_373a_01": {"reading_time": 1641056757.5876195, "sensor_value": 15.8, "description": "dry-bulb temperature", "unit": "degC"}, "si7021_373a_02": {"reading_time": 1641056757.5876195, "sensor_value": 48.49, "description": "relative humidity", "unit": "%"}}, {"si7021_373a_01": {"reading_time": 1641056787.6471272, "sensor_value": 15.83, "description": "dry-bulb temperature", "unit": "degC"}, "si7021_373a_02": {"reading_time": 1641056787.6471272, "sensor_value": 48.5, "description": "relative humidity", "unit": "%"}}, {"si7021_373a_01": {"reading_time": 1641056817.7065732, "sensor_value": 15.83, "description": "dry-bulb temperature", "unit": "degC"}, "si7021_373a_02": {"reading_time": 1641056817.7065732, "sensor_value": 48.51, "description": "relative humidity", "unit": "%"}}, {"si7021_373a_01": {"reading_time": 1641056847.7359397, "sensor_value": 15.83, "description": "dry-bulb temperature", "unit": "degC"}, "si7021_373a_02": {"reading_time": 1641056847.7359397, "sensor_value": 48.49, "description": "relative humidity", "unit": "%"}}][{"si7021_373a_01": {"reading_time": 1641056877.778082, "sensor_value": 15.84, "description": "dry-bulb temperature", "unit": "degC"}, "si7021_373a_02": {"reading_time": 1641056877.778082, "sensor_value": 48.51, "description": "relative humidity", "unit": "%"}}, {"si7021_373a_01": {"reading_time": 1641056907.8245595, "sensor_value": 15.84, "description": "dry-bulb temperature", "unit": "degC"}, "si7021_373a_02": {"reading_time": 1641056907.8245595, "sensor_value": 48.49, "description": "relative humidity", "unit": "%"}}, {"si7021_373a_01": {"reading_time": 1641056937.888315, "sensor_value": 15.83, "description": "dry-bulb temperature", "unit": "degC"}, "si7021_373a_02": {"reading_time": 1641056937.888315, "sensor_value": 48.49, "description": "relative humidity", "unit": "%"}}, {"si7021_373a_01": {"reading_time": 1641056967.9208004, "sensor_value": 15.82, "description": "dry-bulb temperature", "unit": "degC"}, "si7021_373a_02": {"reading_time": 1641056967.9208004, "sensor_value": 48.49, "description": "relative humidity", "unit": "%"}}][{"si7021_373a_01": {"reading_time": 1641056997.9575775, "sensor_value": 15.85, "description": "dry-bulb temperature", "unit": "degC"}, "si7021_373a_02": {"reading_time": 1641056997.9575775, "sensor_value": 48.51, "description": "relative humidity", "unit": "%"}}, {"si7021_373a_01": {"reading_time": 1641057028.0170581, "sensor_value": 15.84, "description": "dry-bulb temperature", "unit": "degC"}, "si7021_373a_02": {"reading_time": 1641057028.0170581, "sensor_value": 48.5, "description": "relative humidity", "unit": "%"}}, {"si7021_373a_01": {"reading_time": 1641057058.0764198, "sensor_value": 15.83, "description": "dry-bulb temperature", "unit": "degC"}, "si7021_373a_02": {"reading_time": 1641057058.0764198, "sensor_value": 48.51, "description": "relative humidity", "unit": "%"}}, {"si7021_373a_01": {"reading_time": 1641057088.108862, "sensor_value": 15.85, "description": "dry-bulb temperature", "unit": "degC"}, "si7021_373a_02": {"reading_time": 1641057088.108862, "sensor_value": 48.49, "description": "relative humidity", "unit": "%"}}][{"si7021_373a_01": {"reading_time": 1641057118.1618016, "sensor_value": 15.85, "description": "dry-bulb temperature", "unit": "degC"}, "si7021_373a_02": {"reading_time": 1641057118.1618016, "sensor_value": 48.49, "description": "relative humidity", "unit": "%"}}, {"si7021_373a_01": {"reading_time": 1641057148.2153096, "sensor_value": 15.85, "description": "dry-bulb temperature", "unit": "degC"}, "si7021_373a_02": {"reading_time": 1641057148.2153096, "sensor_value": 48.51, "description": "relative humidity", "unit": "%"}}, {"si7021_373a_01": {"reading_time": 1641057178.2515602, "sensor_value": 15.84, "description": "dry-bulb temperature", "unit": "degC"}, "si7021_373a_02": {"reading_time": 1641057178.2515602, "sensor_value": 48.5, "description": "relative humidity", "unit": "%"}}, {"si7021_373a_01": {"reading_time": 1641057208.288529, "sensor_value": 15.85, "description": "dry-bulb temperature", "unit": "degC"}, "si7021_373a_02": {"reading_time": 1641057208.288529, "sensor_value": 48.49, "description": "relative humidity", "unit": "%"}}][{"si7021_373a_01": {"reading_time": 1641057238.3376055, "sensor_value": 15.86, "description": "dry-bulb temperature", "unit": "degC"}, "si7021_373a_02": {"reading_time": 1641057238.3376055, "sensor_value": 48.49, "description": "relative humidity", "unit": "%"}}, {"si7021_373a_01": {"reading_time": 1641057268.3945694, "sensor_value": 15.86, "description": "dry-bulb temperature", "unit": "degC"}, "si7021_373a_02": {"reading_time": 1641057268.3945694, "sensor_value": 48.49, "description": "relative humidity", "unit": "%"}}, {"si7021_373a_01": {"reading_time": 1641057298.450008, "sensor_value": 15.86, "description": "dry-bulb temperature", "unit": "degC"}, "si7021_373a_02": {"reading_time": 1641057298.450008, "sensor_value": 48.49, "description": "relative humidity", "unit": "%"}}, {"si7021_373a_01": {"reading_time": 1641057328.5033433, "sensor_value": 15.86, "description": "dry-bulb temperature", "unit": "degC"}, "si7021_373a_02": {"reading_time": 1641057328.5033433, "sensor_value": 48.49, "description": "relative humidity", "unit": "%"}}][{"si7021_373a_01": {"reading_time": 1641057358.5621912, "sensor_value": 15.86, "description": "dry-bulb temperature", "unit": "degC"}, "si7021_373a_02": {"reading_time": 1641057358.5621912, "sensor_value": 48.49, "description": "relative humidity", "unit": "%"}}, {"si7021_373a_01": {"reading_time": 1641057388.6209474, "sensor_value": 15.86, "description": "dry-bulb temperature", "unit": "degC"}, "si7021_373a_02": {"reading_time": 1641057388.6209474, "sensor_value": 48.48, "description": "relative humidity", "unit": "%"}}, {"si7021_373a_01": {"reading_time": 1641057418.6570442, "sensor_value": 15.85, "description": "dry-bulb temperature", "unit": "degC"}, "si7021_373a_02": {"reading_time": 1641057418.6570442, "sensor_value": 48.45, "description": "relative humidity", "unit": "%"}}, {"si7021_373a_01": {"reading_time": 1641057448.7158213, "sensor_value": 15.87, "description": "dry-bulb temperature", "unit": "degC"}, "si7021_373a_02": {"reading_time": 1641057448.7158213, "sensor_value": 48.48, "description": "relative humidity", "unit": "%"}}][{"si7021_373a_01": {"reading_time": 1641057478.7782292, "sensor_value": 15.84, "description": "dry-bulb temperature", "unit": "degC"}, "si7021_373a_02": {"reading_time": 1641057478.7782292, "sensor_value": 48.47, "description": "relative humidity", "unit": "%"}}, {"si7021_373a_01": {"reading_time": 1641057508.8370173, "sensor_value": 15.86, "description": "dry-bulb temperature", "unit": "degC"}, "si7021_373a_02": {"reading_time": 1641057508.8370173, "sensor_value": 48.49, "description": "relative humidity", "unit": "%"}}, {"si7021_373a_01": {"reading_time": 1641057538.8715062, "sensor_value": 15.87, "description": "dry-bulb temperature", "unit": "degC"}, "si7021_373a_02": {"reading_time": 1641057538.8715062, "sensor_value": 48.48, "description": "relative humidity", "unit": "%"}}, {"si7021_373a_01": {"reading_time": 1641057568.9074597, "sensor_value": 15.86, "description": "dry-bulb temperature", "unit": "degC"}, "si7021_373a_02": {"reading_time": 1641057568.9074597, "sensor_value": 48.46, "description": "relative humidity", "unit": "%"}}][{"si7021_373a_01": {"reading_time": 1641057598.9688563, "sensor_value": 15.86, "description": "dry-bulb temperature", "unit": "degC"}, "si7021_373a_02": {"reading_time": 1641057598.9688563, "sensor_value": 48.47, "description": "relative humidity", "unit": "%"}}, {"si7021_373a_01": {"reading_time": 1641057629.0294316, "sensor_value": 15.86, "description": "dry-bulb temperature", "unit": "degC"}, "si7021_373a_02": {"reading_time": 1641057629.0294316, "sensor_value": 48.48, "description": "relative humidity", "unit": "%"}}, {"si7021_373a_01": {"reading_time": 1641057659.0674684, "sensor_value": 15.87, "description": "dry-bulb temperature", "unit": "degC"}, "si7021_373a_02": {"reading_time": 1641057659.0674684, "sensor_value": 48.46, "description": "relative humidity", "unit": "%"}}, {"si7021_373a_01": {"reading_time": 1641057689.107388, "sensor_value": 15.87, "description": "dry-bulb temperature", "unit": "degC"}, "si7021_373a_02": {"reading_time": 1641057689.107388, "sensor_value": 48.47, "description": "relative humidity", "unit": "%"}}][{"si7021_373a_01": {"reading_time": 1641057719.1695178, "sensor_value": 15.85, "description": "dry-bulb temperature", "unit": "degC"}, "si7021_373a_02": {"reading_time": 1641057719.1695178, "sensor_value": 48.47, "description": "relative humidity", "unit": "%"}}, {"si7021_373a_01": {"reading_time": 1641057749.2152567, "sensor_value": 15.86, "description": "dry-bulb temperature", "unit": "degC"}, "si7021_373a_02": {"reading_time": 1641057749.2152567, "sensor_value": 48.49, "description": "relative humidity", "unit": "%"}}, {"si7021_373a_01": {"reading_time": 1641057779.264577, "sensor_value": 15.86, "description": "dry-bulb temperature", "unit": "degC"}, "si7021_373a_02": {"reading_time": 1641057779.264577, "sensor_value": 48.48, "description": "relative humidity", "unit": "%"}}, {"si7021_373a_01": {"reading_time": 1641057809.322482, "sensor_value": 15.85, "description": "dry-bulb temperature", "unit": "degC"}, "si7021_373a_02": {"reading_time": 1641057809.322482, "sensor_value": 48.48, "description": "relative humidity", "unit": "%"}}][{"si7021_373a_01": {"reading_time": 1641057839.3837159, "sensor_value": 15.86, "description": "dry-bulb temperature", "unit": "degC"}, "si7021_373a_02": {"reading_time": 1641057839.3837159, "sensor_value": 48.49, "description": "relative humidity", "unit": "%"}}, {"si7021_373a_01": {"reading_time": 1641057869.4425106, "sensor_value": 15.87, "description": "dry-bulb temperature", "unit": "degC"}, "si7021_373a_02": {"reading_time": 1641057869.4425106, "sensor_value": 48.49, "description": "relative humidity", "unit": "%"}}, {"si7021_373a_01": {"reading_time": 1641057899.500938, "sensor_value": 15.89, "description": "dry-bulb temperature", "unit": "degC"}, "si7021_373a_02": {"reading_time": 1641057899.500938, "sensor_value": 48.5, "description": "relative humidity", "unit": "%"}}, {"si7021_373a_01": {"reading_time": 1641057929.53459, "sensor_value": 15.88, "description": "dry-bulb temperature", "unit": "degC"}, "si7021_373a_02": {"reading_time": 1641057929.53459, "sensor_value": 48.5, "description": "relative humidity", "unit": "%"}}][{"si7021_373a_01": {"reading_time": 1641057959.6003954, "sensor_value": 15.87, "description": "dry-bulb temperature", "unit": "degC"}, "si7021_373a_02": {"reading_time": 1641057959.6003954, "sensor_value": 48.48, "description": "relative humidity", "unit": "%"}}, {"si7021_373a_01": {"reading_time": 1641057989.6601195, "sensor_value": 15.88, "description": "dry-bulb temperature", "unit": "degC"}, "si7021_373a_02": {"reading_time": 1641057989.6601195, "sensor_value": 48.45, "description": "relative humidity", "unit": "%"}}, {"si7021_373a_01": {"reading_time": 1641058019.7196074, "sensor_value": 15.88, "description": "dry-bulb temperature", "unit": "degC"}, "si7021_373a_02": {"reading_time": 1641058019.7196074, "sensor_value": 48.49, "description": "relative humidity", "unit": "%"}}, {"si7021_373a_01": {"reading_time": 1641058049.7783165, "sensor_value": 15.88, "description": "dry-bulb temperature", "unit": "degC"}, "si7021_373a_02": {"reading_time": 1641058049.7783165, "sensor_value": 48.45, "description": "relative humidity", "unit": "%"}}][{"si7021_373a_01": {"reading_time": 1641058079.8378048, "sensor_value": 15.88, "description": "dry-bulb temperature", "unit": "degC"}, "si7021_373a_02": {"reading_time": 1641058079.8378048, "sensor_value": 48.46, "description": "relative humidity", "unit": "%"}}, {"si7021_373a_01": {"reading_time": 1641058109.8962467, "sensor_value": 15.87, "description": "dry-bulb temperature", "unit": "degC"}, "si7021_373a_02": {"reading_time": 1641058109.8962467, "sensor_value": 48.48, "description": "relative humidity", "unit": "%"}}, {"si7021_373a_01": {"reading_time": 1641058139.9545534, "sensor_value": 15.88, "description": "dry-bulb temperature", "unit": "degC"}, "si7021_373a_02": {"reading_time": 1641058139.9545534, "sensor_value": 48.47, "description": "relative humidity", "unit": "%"}}, {"si7021_373a_01": {"reading_time": 1641058170.0045598, "sensor_value": 15.88, "description": "dry-bulb temperature", "unit": "degC"}, "si7021_373a_02": {"reading_time": 1641058170.0045598, "sensor_value": 48.47, "description": "relative humidity", "unit": "%"}}][{"si7021_373a_01": {"reading_time": 1641058200.0658958, "sensor_value": 15.9, "description": "dry-bulb temperature", "unit": "degC"}, "si7021_373a_02": {"reading_time": 1641058200.0658958, "sensor_value": 48.48, "description": "relative humidity", "unit": "%"}}, {"si7021_373a_01": {"reading_time": 1641058230.1243875, "sensor_value": 15.88, "description": "dry-bulb temperature", "unit": "degC"}, "si7021_373a_02": {"reading_time": 1641058230.1243875, "sensor_value": 48.49, "description": "relative humidity", "unit": "%"}}, {"si7021_373a_01": {"reading_time": 1641058260.1827621, "sensor_value": 15.88, "description": "dry-bulb temperature", "unit": "degC"}, "si7021_373a_02": {"reading_time": 1641058260.1827621, "sensor_value": 48.47, "description": "relative humidity", "unit": "%"}}, {"si7021_373a_01": {"reading_time": 1641058290.216068, "sensor_value": 15.86, "description": "dry-bulb temperature", "unit": "degC"}, "si7021_373a_02": {"reading_time": 1641058290.216068, "sensor_value": 48.5, "description": "relative humidity", "unit": "%"}}][{"si7021_373a_01": {"reading_time": 1641058320.2772298, "sensor_value": 15.88, "description": "dry-bulb temperature", "unit": "degC"}, "si7021_373a_02": {"reading_time": 1641058320.2772298, "sensor_value": 48.47, "description": "relative humidity", "unit": "%"}}, {"si7021_373a_01": {"reading_time": 1641058350.3361478, "sensor_value": 15.89, "description": "dry-bulb temperature", "unit": "degC"}, "si7021_373a_02": {"reading_time": 1641058350.3361478, "sensor_value": 48.47, "description": "relative humidity", "unit": "%"}}, {"si7021_373a_01": {"reading_time": 1641058380.3952599, "sensor_value": 15.89, "description": "dry-bulb temperature", "unit": "degC"}, "si7021_373a_02": {"reading_time": 1641058380.3952599, "sensor_value": 48.48, "description": "relative humidity", "unit": "%"}}, {"si7021_373a_01": {"reading_time": 1641058410.4545043, "sensor_value": 15.91, "description": "dry-bulb temperature", "unit": "degC"}, "si7021_373a_02": {"reading_time": 1641058410.4545043, "sensor_value": 48.49, "description": "relative humidity", "unit": "%"}}][{"si7021_373a_01": {"reading_time": 1641058440.516385, "sensor_value": 15.89, "description": "dry-bulb temperature", "unit": "degC"}, "si7021_373a_02": {"reading_time": 1641058440.516385, "sensor_value": 48.49, "description": "relative humidity", "unit": "%"}}, {"si7021_373a_01": {"reading_time": 1641058470.5756176, "sensor_value": 15.89, "description": "dry-bulb temperature", "unit": "degC"}, "si7021_373a_02": {"reading_time": 1641058470.5756176, "sensor_value": 48.49, "description": "relative humidity", "unit": "%"}}, {"si7021_373a_01": {"reading_time": 1641058500.6345687, "sensor_value": 15.89, "description": "dry-bulb temperature", "unit": "degC"}, "si7021_373a_02": {"reading_time": 1641058500.6345687, "sensor_value": 48.47, "description": "relative humidity", "unit": "%"}}, {"si7021_373a_01": {"reading_time": 1641058530.69347, "sensor_value": 15.91, "description": "dry-bulb temperature", "unit": "degC"}, "si7021_373a_02": {"reading_time": 1641058530.69347, "sensor_value": 48.48, "description": "relative humidity", "unit": "%"}}][{"si7021_373a_01": {"reading_time": 1641058560.7562642, "sensor_value": 15.88, "description": "dry-bulb temperature", "unit": "degC"}, "si7021_373a_02": {"reading_time": 1641058560.7562642, "sensor_value": 48.49, "description": "relative humidity", "unit": "%"}}, {"si7021_373a_01": {"reading_time": 1641058590.8153365, "sensor_value": 15.88, "description": "dry-bulb temperature", "unit": "degC"}, "si7021_373a_02": {"reading_time": 1641058590.8153365, "sensor_value": 48.47, "description": "relative humidity", "unit": "%"}}, {"si7021_373a_01": {"reading_time": 1641058620.8445785, "sensor_value": 15.91, "description": "dry-bulb temperature", "unit": "degC"}, "si7021_373a_02": {"reading_time": 1641058620.8445785, "sensor_value": 48.49, "description": "relative humidity", "unit": "%"}}, {"si7021_373a_01": {"reading_time": 1641058650.9037013, "sensor_value": 15.92, "description": "dry-bulb temperature", "unit": "degC"}, "si7021_373a_02": {"reading_time": 1641058650.9037013, "sensor_value": 48.45, "description": "relative humidity", "unit": "%"}}][{"si7021_373a_01": {"reading_time": 1641058680.9654548, "sensor_value": 15.9, "description": "dry-bulb temperature", "unit": "degC"}, "si7021_373a_02": {"reading_time": 1641058680.9654548, "sensor_value": 48.45, "description": "relative humidity", "unit": "%"}}, {"si7021_373a_01": {"reading_time": 1641058711.0244024, "sensor_value": 15.91, "description": "dry-bulb temperature", "unit": "degC"}, "si7021_373a_02": {"reading_time": 1641058711.0244024, "sensor_value": 48.45, "description": "relative humidity", "unit": "%"}}, {"si7021_373a_01": {"reading_time": 1641058741.0834541, "sensor_value": 15.9, "description": "dry-bulb temperature", "unit": "degC"}, "si7021_373a_02": {"reading_time": 1641058741.0834541, "sensor_value": 48.45, "description": "relative humidity", "unit": "%"}}, {"si7021_373a_01": {"reading_time": 1641058771.146011, "sensor_value": 15.89, "description": "dry-bulb temperature", "unit": "degC"}, "si7021_373a_02": {"reading_time": 1641058771.146011, "sensor_value": 48.46, "description": "relative humidity", "unit": "%"}}][{"si7021_373a_01": {"reading_time": 1641058801.202597, "sensor_value": 15.95, "description": "dry-bulb temperature", "unit": "degC"}, "si7021_373a_02": {"reading_time": 1641058801.202597, "sensor_value": 48.44, "description": "relative humidity", "unit": "%"}}, {"si7021_373a_01": {"reading_time": 1641058831.2461762, "sensor_value": 15.91, "description": "dry-bulb temperature", "unit": "degC"}, "si7021_373a_02": {"reading_time": 1641058831.2461762, "sensor_value": 48.45, "description": "relative humidity", "unit": "%"}}, {"si7021_373a_01": {"reading_time": 1641058861.3049686, "sensor_value": 15.9, "description": "dry-bulb temperature", "unit": "degC"}, "si7021_373a_02": {"reading_time": 1641058861.3049686, "sensor_value": 48.45, "description": "relative humidity", "unit": "%"}}, {"si7021_373a_01": {"reading_time": 1641058891.3628776, "sensor_value": 15.9, "description": "dry-bulb temperature", "unit": "degC"}, "si7021_373a_02": {"reading_time": 1641058891.3628776, "sensor_value": 48.45, "description": "relative humidity", "unit": "%"}}][{"si7021_373a_01": {"reading_time": 1641058921.4237397, "sensor_value": 15.91, "description": "dry-bulb temperature", "unit": "degC"}, "si7021_373a_02": {"reading_time": 1641058921.4237397, "sensor_value": 48.45, "description": "relative humidity", "unit": "%"}}, {"si7021_373a_01": {"reading_time": 1641058951.4815862, "sensor_value": 15.9, "description": "dry-bulb temperature", "unit": "degC"}, "si7021_373a_02": {"reading_time": 1641058951.4815862, "sensor_value": 48.47, "description": "relative humidity", "unit": "%"}}, {"si7021_373a_01": {"reading_time": 1641058981.5399344, "sensor_value": 15.91, "description": "dry-bulb temperature", "unit": "degC"}, "si7021_373a_02": {"reading_time": 1641058981.5399344, "sensor_value": 48.45, "description": "relative humidity", "unit": "%"}}, {"si7021_373a_01": {"reading_time": 1641059011.5981798, "sensor_value": 15.91, "description": "dry-bulb temperature", "unit": "degC"}, "si7021_373a_02": {"reading_time": 1641059011.5981798, "sensor_value": 48.44, "description": "relative humidity", "unit": "%"}}][{"si7021_373a_01": {"reading_time": 1641059041.65919, "sensor_value": 15.92, "description": "dry-bulb temperature", "unit": "degC"}, "si7021_373a_02": {"reading_time": 1641059041.65919, "sensor_value": 48.43, "description": "relative humidity", "unit": "%"}}, {"si7021_373a_01": {"reading_time": 1641059071.7182333, "sensor_value": 15.92, "description": "dry-bulb temperature", "unit": "degC"}, "si7021_373a_02": {"reading_time": 1641059071.7182333, "sensor_value": 48.45, "description": "relative humidity", "unit": "%"}}, {"si7021_373a_01": {"reading_time": 1641059101.7822294, "sensor_value": 15.92, "description": "dry-bulb temperature", "unit": "degC"}, "si7021_373a_02": {"reading_time": 1641059101.7822294, "sensor_value": 48.44, "description": "relative humidity", "unit": "%"}}, {"si7021_373a_01": {"reading_time": 1641059131.840555, "sensor_value": 15.92, "description": "dry-bulb temperature", "unit": "degC"}, "si7021_373a_02": {"reading_time": 1641059131.840555, "sensor_value": 48.43, "description": "relative humidity", "unit": "%"}}][{"si7021_373a_01": {"reading_time": 1641059161.9026556, "sensor_value": 15.91, "description": "dry-bulb temperature", "unit": "degC"}, "si7021_373a_02": {"reading_time": 1641059161.9026556, "sensor_value": 48.42, "description": "relative humidity", "unit": "%"}}, {"si7021_373a_01": {"reading_time": 1641059191.9616637, "sensor_value": 15.95, "description": "dry-bulb temperature", "unit": "degC"}, "si7021_373a_02": {"reading_time": 1641059191.9616637, "sensor_value": 48.44, "description": "relative humidity", "unit": "%"}}, {"si7021_373a_01": {"reading_time": 1641059222.007396, "sensor_value": 15.93, "description": "dry-bulb temperature", "unit": "degC"}, "si7021_373a_02": {"reading_time": 1641059222.007396, "sensor_value": 48.42, "description": "relative humidity", "unit": "%"}}, {"si7021_373a_01": {"reading_time": 1641059252.0665293, "sensor_value": 15.95, "description": "dry-bulb temperature", "unit": "degC"}, "si7021_373a_02": {"reading_time": 1641059252.0665293, "sensor_value": 48.4, "description": "relative humidity", "unit": "%"}}][{"si7021_373a_01": {"reading_time": 1641059282.1283338, "sensor_value": 15.93, "description": "dry-bulb temperature", "unit": "degC"}, "si7021_373a_02": {"reading_time": 1641059282.1283338, "sensor_value": 48.41, "description": "relative humidity", "unit": "%"}}, {"si7021_373a_01": {"reading_time": 1641059312.1645718, "sensor_value": 15.93, "description": "dry-bulb temperature", "unit": "degC"}, "si7021_373a_02": {"reading_time": 1641059312.1645718, "sensor_value": 48.39, "description": "relative humidity", "unit": "%"}}, {"si7021_373a_01": {"reading_time": 1641059342.2145655, "sensor_value": 15.92, "description": "dry-bulb temperature", "unit": "degC"}, "si7021_373a_02": {"reading_time": 1641059342.2145655, "sensor_value": 48.41, "description": "relative humidity", "unit": "%"}}, {"si7021_373a_01": {"reading_time": 1641059372.2735634, "sensor_value": 15.93, "description": "dry-bulb temperature", "unit": "degC"}, "si7021_373a_02": {"reading_time": 1641059372.2735634, "sensor_value": 48.38, "description": "relative humidity", "unit": "%"}}][{"si7021_373a_01": {"reading_time": 1641059402.3355997, "sensor_value": 15.93, "description": "dry-bulb temperature", "unit": "degC"}, "si7021_373a_02": {"reading_time": 1641059402.3355997, "sensor_value": 48.39, "description": "relative humidity", "unit": "%"}}, {"si7021_373a_01": {"reading_time": 1641059432.394814, "sensor_value": 15.93, "description": "dry-bulb temperature", "unit": "degC"}, "si7021_373a_02": {"reading_time": 1641059432.394814, "sensor_value": 48.41, "description": "relative humidity", "unit": "%"}}, {"si7021_373a_01": {"reading_time": 1641059462.453633, "sensor_value": 15.91, "description": "dry-bulb temperature", "unit": "degC"}, "si7021_373a_02": {"reading_time": 1641059462.453633, "sensor_value": 48.41, "description": "relative humidity", "unit": "%"}}, {"si7021_373a_01": {"reading_time": 1641059492.5125158, "sensor_value": 15.93, "description": "dry-bulb temperature", "unit": "degC"}, "si7021_373a_02": {"reading_time": 1641059492.5125158, "sensor_value": 48.39, "description": "relative humidity", "unit": "%"}}][{"si7021_373a_01": {"reading_time": 1641059522.5745556, "sensor_value": 15.93, "description": "dry-bulb temperature", "unit": "degC"}, "si7021_373a_02": {"reading_time": 1641059522.5745556, "sensor_value": 48.39, "description": "relative humidity", "unit": "%"}}, {"si7021_373a_01": {"reading_time": 1641059552.608454, "sensor_value": 15.93, "description": "dry-bulb temperature", "unit": "degC"}, "si7021_373a_02": {"reading_time": 1641059552.608454, "sensor_value": 48.38, "description": "relative humidity", "unit": "%"}}, {"si7021_373a_01": {"reading_time": 1641059582.6500158, "sensor_value": 15.95, "description": "dry-bulb temperature", "unit": "degC"}, "si7021_373a_02": {"reading_time": 1641059582.6500158, "sensor_value": 48.39, "description": "relative humidity", "unit": "%"}}, {"si7021_373a_01": {"reading_time": 1641059612.6971464, "sensor_value": 15.92, "description": "dry-bulb temperature", "unit": "degC"}, "si7021_373a_02": {"reading_time": 1641059612.6971464, "sensor_value": 48.33, "description": "relative humidity", "unit": "%"}}][{"si7021_373a_01": {"reading_time": 1641059642.7584753, "sensor_value": 15.95, "description": "dry-bulb temperature", "unit": "degC"}, "si7021_373a_02": {"reading_time": 1641059642.7584753, "sensor_value": 48.35, "description": "relative humidity", "unit": "%"}}, {"si7021_373a_01": {"reading_time": 1641059672.8176694, "sensor_value": 15.93, "description": "dry-bulb temperature", "unit": "degC"}, "si7021_373a_02": {"reading_time": 1641059672.8176694, "sensor_value": 48.33, "description": "relative humidity", "unit": "%"}}, {"si7021_373a_01": {"reading_time": 1641059702.876984, "sensor_value": 15.95, "description": "dry-bulb temperature", "unit": "degC"}, "si7021_373a_02": {"reading_time": 1641059702.876984, "sensor_value": 48.36, "description": "relative humidity", "unit": "%"}}, {"si7021_373a_01": {"reading_time": 1641059732.9404552, "sensor_value": 15.93, "description": "dry-bulb temperature", "unit": "degC"}, "si7021_373a_02": {"reading_time": 1641059732.9404552, "sensor_value": 48.34, "description": "relative humidity", "unit": "%"}}][{"si7021_373a_01": {"reading_time": 1641059762.996827, "sensor_value": 15.93, "description": "dry-bulb temperature", "unit": "degC"}, "si7021_373a_02": {"reading_time": 1641059762.996827, "sensor_value": 48.35, "description": "relative humidity", "unit": "%"}}, {"si7021_373a_01": {"reading_time": 1641059793.0303497, "sensor_value": 15.96, "description": "dry-bulb temperature", "unit": "degC"}, "si7021_373a_02": {"reading_time": 1641059793.0303497, "sensor_value": 48.36, "description": "relative humidity", "unit": "%"}}, {"si7021_373a_01": {"reading_time": 1641059823.0894165, "sensor_value": 15.93, "description": "dry-bulb temperature", "unit": "degC"}, "si7021_373a_02": {"reading_time": 1641059823.0894165, "sensor_value": 48.34, "description": "relative humidity", "unit": "%"}}, {"si7021_373a_01": {"reading_time": 1641059853.1398096, "sensor_value": 15.93, "description": "dry-bulb temperature", "unit": "degC"}, "si7021_373a_02": {"reading_time": 1641059853.1398096, "sensor_value": 48.31, "description": "relative humidity", "unit": "%"}}]