[{"si7021_373a_01": {"reading_time": 1641049184.8398726, "sensor_value": 15.49, "description": "dry-bulb temperature", "unit": "degC"}, "si7021_373a_02": {"reading_time": 1641049184.8398726, "sensor_value": 49.26, "description": "relative humidity", "unit": "%"}}, {"si7021_373a_01": {"reading_time": 1641049214.8991067, "sensor_value": 15.47, "description": "dry-bulb temperature", "unit": "degC"}, "si7021_373a_02": {"reading_time": 1641049214.8991067, "sensor_value": 49.25, "description": "relative humidity", "unit": "%"}}, {"si7021_373a_01": {"reading_time": 1641049244.958824, "sensor_value": 15.49, "description": "dry-bulb temperature", "unit": "degC"}, "si7021_373a_02": {"reading_time": 1641049244.958824, "sensor_value": 49.23, "description": "relative humidity", "unit": "%"}}, {"si7021_373a_01": {"reading_time": 1641049275.0186694, "sensor_value": 15.48, "description": "dry-bulb temperature", "unit": "degC"}, "si7021_373a_02": {"reading_time": 1641049275.0186694, "sensor_value": 49.21, "description": "relative humidity", "unit": "%"}}][{"si7021_373a_01": {"reading_time": 1641049305.0811043, "sensor_value": 15.47, "description": "dry-bulb temperature", "unit": "degC"}, "si7021_373a_02": {"reading_time": 1641049305.0811043, "sensor_value": 49.21, "description": "relative humidity", "unit": "%"}}, {"si7021_373a_01": {"reading_time": 1641049335.1150758, "sensor_value": 15.49, "description": "dry-bulb temperature", "unit": "degC"}, "si7021_373a_02": {"reading_time": 1641049335.1150758, "sensor_value": 49.21, "description": "relative humidity", "unit": "%"}}, {"si7021_373a_01": {"reading_time": 1641049365.1569023, "sensor_value": 15.49, "description": "dry-bulb temperature", "unit": "degC"}, "si7021_373a_02": {"reading_time": 1641049365.1569023, "sensor_value": 49.23, "description": "relative humidity", "unit": "%"}}, {"si7021_373a_01": {"reading_time": 1641049395.215276, "sensor_value": 15.49, "description": "dry-bulb temperature", "unit": "degC"}, "si7021_373a_02": {"reading_time": 1641049395.215276, "sensor_value": 49.2, "description": "relative humidity", "unit": "%"}}][{"si7021_373a_01": {"reading_time": 1641049425.276354, "sensor_value": 15.51, "description": "dry-bulb temperature", "unit": "degC"}, "si7021_373a_02": {"reading_time": 1641049425.276354, "sensor_value": 49.19, "description": "relative humidity", "unit": "%"}}, {"si7021_373a_01": {"reading_time": 1641049455.3269677, "sensor_value": 15.47, "description": "dry-bulb temperature", "unit": "degC"}, "si7021_373a_02": {"reading_time": 1641049455.3269677, "sensor_value": 49.16, "description": "relative humidity", "unit": "%"}}, {"si7021_373a_01": {"reading_time": 1641049485.385449, "sensor_value": 15.47, "description": "dry-bulb temperature", "unit": "degC"}, "si7021_373a_02": {"reading_time": 1641049485.385449, "sensor_value": 49.14, "description": "relative humidity", "unit": "%"}}, {"si7021_373a_01": {"reading_time": 1641049515.414576, "sensor_value": 15.46, "description": "dry-bulb temperature", "unit": "degC"}, "si7021_373a_02": {"reading_time": 1641049515.414576, "sensor_value": 49.16, "description": "relative humidity", "unit": "%"}}][{"si7021_373a_01": {"reading_time": 1641049545.4671993, "sensor_value": 15.51, "description": "dry-bulb temperature", "unit": "degC"}, "si7021_373a_02": {"reading_time": 1641049545.4671993, "sensor_value": 49.14, "description": "relative humidity", "unit": "%"}}, {"si7021_373a_01": {"reading_time": 1641049575.5084858, "sensor_value": 15.47, "description": "dry-bulb temperature", "unit": "degC"}, "si7021_373a_02": {"reading_time": 1641049575.5084858, "sensor_value": 49.13, "description": "relative humidity", "unit": "%"}}, {"si7021_373a_01": {"reading_time": 1641049605.5670938, "sensor_value": 15.46, "description": "dry-bulb temperature", "unit": "degC"}, "si7021_373a_02": {"reading_time": 1641049605.5670938, "sensor_value": 49.11, "description": "relative humidity", "unit": "%"}}, {"si7021_373a_01": {"reading_time": 1641049635.614851, "sensor_value": 15.46, "description": "dry-bulb temperature", "unit": "degC"}, "si7021_373a_02": {"reading_time": 1641049635.614851, "sensor_value": 49.1, "description": "relative humidity", "unit": "%"}}][{"si7021_373a_01": {"reading_time": 1641049665.657238, "sensor_value": 15.47, "description": "dry-bulb temperature", "unit": "degC"}, "si7021_373a_02": {"reading_time": 1641049665.657238, "sensor_value": 49.1, "description": "relative humidity", "unit": "%"}}, {"si7021_373a_01": {"reading_time": 1641049695.7168984, "sensor_value": 15.45, "description": "dry-bulb temperature", "unit": "degC"}, "si7021_373a_02": {"reading_time": 1641049695.7168984, "sensor_value": 49.07, "description": "relative humidity", "unit": "%"}}, {"si7021_373a_01": {"reading_time": 1641049725.775258, "sensor_value": 15.45, "description": "dry-bulb temperature", "unit": "degC"}, "si7021_373a_02": {"reading_time": 1641049725.775258, "sensor_value": 49.07, "description": "relative humidity", "unit": "%"}}, {"si7021_373a_01": {"reading_time": 1641049755.8341346, "sensor_value": 15.47, "description": "dry-bulb temperature", "unit": "degC"}, "si7021_373a_02": {"reading_time": 1641049755.8341346, "sensor_value": 49.08, "description": "relative humidity", "unit": "%"}}][{"si7021_373a_01": {"reading_time": 1641049785.8872378, "sensor_value": 15.45, "description": "dry-bulb temperature", "unit": "degC"}, "si7021_373a_02": {"reading_time": 1641049785.8872378, "sensor_value": 49.1, "description": "relative humidity", "unit": "%"}}, {"si7021_373a_01": {"reading_time": 1641049815.9469454, "sensor_value": 15.45, "description": "dry-bulb temperature", "unit": "degC"}, "si7021_373a_02": {"reading_time": 1641049815.9469454, "sensor_value": 49.1, "description": "relative humidity", "unit": "%"}}, {"si7021_373a_01": {"reading_time": 1641049845.985475, "sensor_value": 15.45, "description": "dry-bulb temperature", "unit": "degC"}, "si7021_373a_02": {"reading_time": 1641049845.985475, "sensor_value": 49.09, "description": "relative humidity", "unit": "%"}}, {"si7021_373a_01": {"reading_time": 1641049876.0154068, "sensor_value": 15.48, "description": "dry-bulb temperature", "unit": "degC"}, "si7021_373a_02": {"reading_time": 1641049876.0154068, "sensor_value": 49.08, "description": "relative humidity", "unit": "%"}}][{"si7021_373a_01": {"reading_time": 1641049906.0684087, "sensor_value": 15.46, "description": "dry-bulb temperature", "unit": "degC"}, "si7021_373a_02": {"reading_time": 1641049906.0684087, "sensor_value": 49.08, "description": "relative humidity", "unit": "%"}}, {"si7021_373a_01": {"reading_time": 1641049936.1267397, "sensor_value": 15.48, "description": "dry-bulb temperature", "unit": "degC"}, "si7021_373a_02": {"reading_time": 1641049936.1267397, "sensor_value": 49.06, "description": "relative humidity", "unit": "%"}}, {"si7021_373a_01": {"reading_time": 1641049966.1658127, "sensor_value": 15.47, "description": "dry-bulb temperature", "unit": "degC"}, "si7021_373a_02": {"reading_time": 1641049966.1658127, "sensor_value": 49.03, "description": "relative humidity", "unit": "%"}}, {"si7021_373a_01": {"reading_time": 1641049996.2049828, "sensor_value": 15.48, "description": "dry-bulb temperature", "unit": "degC"}, "si7021_373a_02": {"reading_time": 1641049996.2049828, "sensor_value": 49.04, "description": "relative humidity", "unit": "%"}}][{"si7021_373a_01": {"reading_time": 1641050026.2668383, "sensor_value": 15.47, "description": "dry-bulb temperature", "unit": "degC"}, "si7021_373a_02": {"reading_time": 1641050026.2668383, "sensor_value": 49.04, "description": "relative humidity", "unit": "%"}}, {"si7021_373a_01": {"reading_time": 1641050056.3223221, "sensor_value": 15.49, "description": "dry-bulb temperature", "unit": "degC"}, "si7021_373a_02": {"reading_time": 1641050056.3223221, "sensor_value": 49.0, "description": "relative humidity", "unit": "%"}}, {"si7021_373a_01": {"reading_time": 1641050086.35583, "sensor_value": 15.47, "description": "dry-bulb temperature", "unit": "degC"}, "si7021_373a_02": {"reading_time": 1641050086.35583, "sensor_value": 48.97, "description": "relative humidity", "unit": "%"}}, {"si7021_373a_01": {"reading_time": 1641050116.3953989, "sensor_value": 15.47, "description": "dry-bulb temperature", "unit": "degC"}, "si7021_373a_02": {"reading_time": 1641050116.3953989, "sensor_value": 48.99, "description": "relative humidity", "unit": "%"}}][{"si7021_373a_01": {"reading_time": 1641050146.4571657, "sensor_value": 15.46, "description": "dry-bulb temperature", "unit": "degC"}, "si7021_373a_02": {"reading_time": 1641050146.4571657, "sensor_value": 49.0, "description": "relative humidity", "unit": "%"}}, {"si7021_373a_01": {"reading_time": 1641050176.4959774, "sensor_value": 15.46, "description": "dry-bulb temperature", "unit": "degC"}, "si7021_373a_02": {"reading_time": 1641050176.4959774, "sensor_value": 48.97, "description": "relative humidity", "unit": "%"}}, {"si7021_373a_01": {"reading_time": 1641050206.5258186, "sensor_value": 15.47, "description": "dry-bulb temperature", "unit": "degC"}, "si7021_373a_02": {"reading_time": 1641050206.5258186, "sensor_value": 48.97, "description": "relative humidity", "unit": "%"}}, {"si7021_373a_01": {"reading_time": 1641050236.5855374, "sensor_value": 15.49, "description": "dry-bulb temperature", "unit": "degC"}, "si7021_373a_02": {"reading_time": 1641050236.5855374, "sensor_value": 48.96, "description": "relative humidity", "unit": "%"}}][{"si7021_373a_01": {"reading_time": 1641050266.6466804, "sensor_value": 15.46, "description": "dry-bulb temperature", "unit": "degC"}, "si7021_373a_02": {"reading_time": 1641050266.6466804, "sensor_value": 48.94, "description": "relative humidity", "unit": "%"}}, {"si7021_373a_01": {"reading_time": 1641050296.6762307, "sensor_value": 15.49, "description": "dry-bulb temperature", "unit": "degC"}, "si7021_373a_02": {"reading_time": 1641050296.6762307, "sensor_value": 48.94, "description": "relative humidity", "unit": "%"}}, {"si7021_373a_01": {"reading_time": 1641050326.714226, "sensor_value": 15.49, "description": "dry-bulb temperature", "unit": "degC"}, "si7021_373a_02": {"reading_time": 1641050326.714226, "sensor_value": 48.93, "description": "relative humidity", "unit": "%"}}, {"si7021_373a_01": {"reading_time": 1641050356.7730107, "sensor_value": 15.47, "description": "dry-bulb temperature", "unit": "degC"}, "si7021_373a_02": {"reading_time": 1641050356.7730107, "sensor_value": 48.93, "description": "relative humidity", "unit": "%"}}][{"si7021_373a_01": {"reading_time": 1641050386.8343196, "sensor_value": 15.46, "description": "dry-bulb temperature", "unit": "degC"}, "si7021_373a_02": {"reading_time": 1641050386.8343196, "sensor_value": 48.92, "description": "relative humidity", "unit": "%"}}, {"si7021_373a_01": {"reading_time": 1641050416.8663604, "sensor_value": 15.46, "description": "dry-bulb temperature", "unit": "degC"}, "si7021_373a_02": {"reading_time": 1641050416.8663604, "sensor_value": 48.9, "description": "relative humidity", "unit": "%"}}, {"si7021_373a_01": {"reading_time": 1641050446.9062266, "sensor_value": 15.49, "description": "dry-bulb temperature", "unit": "degC"}, "si7021_373a_02": {"reading_time": 1641050446.9062266, "sensor_value": 48.89, "description": "relative humidity", "unit": "%"}}, {"si7021_373a_01": {"reading_time": 1641050476.9643319, "sensor_value": 15.45, "description": "dry-bulb temperature", "unit": "degC"}, "si7021_373a_02": {"reading_time": 1641050476.9643319, "sensor_value": 48.89, "description": "relative humidity", "unit": "%"}}][{"si7021_373a_01": {"reading_time": 1641050507.0253007, "sensor_value": 15.48, "description": "dry-bulb temperature", "unit": "degC"}, "si7021_373a_02": {"reading_time": 1641050507.0253007, "sensor_value": 48.86, "description": "relative humidity", "unit": "%"}}, {"si7021_373a_01": {"reading_time": 1641050537.0549104, "sensor_value": 15.47, "description": "dry-bulb temperature", "unit": "degC"}, "si7021_373a_02": {"reading_time": 1641050537.0549104, "sensor_value": 48.87, "description": "relative humidity", "unit": "%"}}, {"si7021_373a_01": {"reading_time": 1641050567.0854008, "sensor_value": 15.47, "description": "dry-bulb temperature", "unit": "degC"}, "si7021_373a_02": {"reading_time": 1641050567.0854008, "sensor_value": 48.85, "description": "relative humidity", "unit": "%"}}, {"si7021_373a_01": {"reading_time": 1641050597.143512, "sensor_value": 15.48, "description": "dry-bulb temperature", "unit": "degC"}, "si7021_373a_02": {"reading_time": 1641050597.143512, "sensor_value": 48.85, "description": "relative humidity", "unit": "%"}}][{"si7021_373a_01": {"reading_time": 1641050627.2074428, "sensor_value": 15.47, "description": "dry-bulb temperature", "unit": "degC"}, "si7021_373a_02": {"reading_time": 1641050627.2074428, "sensor_value": 48.81, "description": "relative humidity", "unit": "%"}}, {"si7021_373a_01": {"reading_time": 1641050657.265621, "sensor_value": 15.48, "description": "dry-bulb temperature", "unit": "degC"}, "si7021_373a_02": {"reading_time": 1641050657.265621, "sensor_value": 48.82, "description": "relative humidity", "unit": "%"}}, {"si7021_373a_01": {"reading_time": 1641050687.3040226, "sensor_value": 15.48, "description": "dry-bulb temperature", "unit": "degC"}, "si7021_373a_02": {"reading_time": 1641050687.3040226, "sensor_value": 48.81, "description": "relative humidity", "unit": "%"}}, {"si7021_373a_01": {"reading_time": 1641050717.362696, "sensor_value": 15.49, "description": "dry-bulb temperature", "unit": "degC"}, "si7021_373a_02": {"reading_time": 1641050717.362696, "sensor_value": 48.82, "description": "relative humidity", "unit": "%"}}][{"si7021_373a_01": {"reading_time": 1641050747.403945, "sensor_value": 15.47, "description": "dry-bulb temperature", "unit": "degC"}, "si7021_373a_02": {"reading_time": 1641050747.403945, "sensor_value": 48.8, "description": "relative humidity", "unit": "%"}}, {"si7021_373a_01": {"reading_time": 1641050777.4355097, "sensor_value": 15.49, "description": "dry-bulb temperature", "unit": "degC"}, "si7021_373a_02": {"reading_time": 1641050777.4355097, "sensor_value": 48.78, "description": "relative humidity", "unit": "%"}}, {"si7021_373a_01": {"reading_time": 1641050807.4945402, "sensor_value": 15.49, "description": "dry-bulb temperature", "unit": "degC"}, "si7021_373a_02": {"reading_time": 1641050807.4945402, "sensor_value": 48.81, "description": "relative humidity", "unit": "%"}}, {"si7021_373a_01": {"reading_time": 1641050837.5535977, "sensor_value": 15.51, "description": "dry-bulb temperature", "unit": "degC"}, "si7021_373a_02": {"reading_time": 1641050837.5535977, "sensor_value": 48.78, "description": "relative humidity", "unit": "%"}}][{"si7021_373a_01": {"reading_time": 1641050867.5927188, "sensor_value": 15.49, "description": "dry-bulb temperature", "unit": "degC"}, "si7021_373a_02": {"reading_time": 1641050867.5927188, "sensor_value": 48.78, "description": "relative humidity", "unit": "%"}}, {"si7021_373a_01": {"reading_time": 1641050897.6254947, "sensor_value": 15.49, "description": "dry-bulb temperature", "unit": "degC"}, "si7021_373a_02": {"reading_time": 1641050897.6254947, "sensor_value": 48.78, "description": "relative humidity", "unit": "%"}}, {"si7021_373a_01": {"reading_time": 1641050927.6759505, "sensor_value": 15.51, "description": "dry-bulb temperature", "unit": "degC"}, "si7021_373a_02": {"reading_time": 1641050927.6759505, "sensor_value": 48.77, "description": "relative humidity", "unit": "%"}}, {"si7021_373a_01": {"reading_time": 1641050957.734803, "sensor_value": 15.49, "description": "dry-bulb temperature", "unit": "degC"}, "si7021_373a_02": {"reading_time": 1641050957.734803, "sensor_value": 48.75, "description": "relative humidity", "unit": "%"}}][{"si7021_373a_01": {"reading_time": 1641050987.7675989, "sensor_value": 15.53, "description": "dry-bulb temperature", "unit": "degC"}, "si7021_373a_02": {"reading_time": 1641050987.7675989, "sensor_value": 48.75, "description": "relative humidity", "unit": "%"}}, {"si7021_373a_01": {"reading_time": 1641051017.8175328, "sensor_value": 15.49, "description": "dry-bulb temperature", "unit": "degC"}, "si7021_373a_02": {"reading_time": 1641051017.8175328, "sensor_value": 48.76, "description": "relative humidity", "unit": "%"}}, {"si7021_373a_01": {"reading_time": 1641051047.8603606, "sensor_value": 15.51, "description": "dry-bulb temperature", "unit": "degC"}, "si7021_373a_02": {"reading_time": 1641051047.8603606, "sensor_value": 48.72, "description": "relative humidity", "unit": "%"}}, {"si7021_373a_01": {"reading_time": 1641051077.8990865, "sensor_value": 15.51, "description": "dry-bulb temperature", "unit": "degC"}, "si7021_373a_02": {"reading_time": 1641051077.8990865, "sensor_value": 48.71, "description": "relative humidity", "unit": "%"}}][{"si7021_373a_01": {"reading_time": 1641051107.9384742, "sensor_value": 15.49, "description": "dry-bulb temperature", "unit": "degC"}, "si7021_373a_02": {"reading_time": 1641051107.9384742, "sensor_value": 48.69, "description": "relative humidity", "unit": "%"}}, {"si7021_373a_01": {"reading_time": 1641051137.9753954, "sensor_value": 15.51, "description": "dry-bulb temperature", "unit": "degC"}, "si7021_373a_02": {"reading_time": 1641051137.9753954, "sensor_value": 48.72, "description": "relative humidity", "unit": "%"}}, {"si7021_373a_01": {"reading_time": 1641051168.0045688, "sensor_value": 15.51, "description": "dry-bulb temperature", "unit": "degC"}, "si7021_373a_02": {"reading_time": 1641051168.0045688, "sensor_value": 48.71, "description": "relative humidity", "unit": "%"}}, {"si7021_373a_01": {"reading_time": 1641051198.0545762, "sensor_value": 15.51, "description": "dry-bulb temperature", "unit": "degC"}, "si7021_373a_02": {"reading_time": 1641051198.0545762, "sensor_value": 48.71, "description": "relative humidity", "unit": "%"}}][{"si7021_373a_01": {"reading_time": 1641051228.1073956, "sensor_value": 15.54, "description": "dry-bulb temperature", "unit": "degC"}, "si7021_373a_02": {"reading_time": 1641051228.1073956, "sensor_value": 48.7, "description": "relative humidity", "unit": "%"}}, {"si7021_373a_01": {"reading_time": 1641051258.1553333, "sensor_value": 15.51, "description": "dry-bulb temperature", "unit": "degC"}, "si7021_373a_02": {"reading_time": 1641051258.1553333, "sensor_value": 48.7, "description": "relative humidity", "unit": "%"}}, {"si7021_373a_01": {"reading_time": 1641051288.2134275, "sensor_value": 15.51, "description": "dry-bulb temperature", "unit": "degC"}, "si7021_373a_02": {"reading_time": 1641051288.2134275, "sensor_value": 48.68, "description": "relative humidity", "unit": "%"}}, {"si7021_373a_01": {"reading_time": 1641051318.2439065, "sensor_value": 15.52, "description": "dry-bulb temperature", "unit": "degC"}, "si7021_373a_02": {"reading_time": 1641051318.2439065, "sensor_value": 48.68, "description": "relative humidity", "unit": "%"}}][{"si7021_373a_01": {"reading_time": 1641051348.2775826, "sensor_value": 15.52, "description": "dry-bulb temperature", "unit": "degC"}, "si7021_373a_02": {"reading_time": 1641051348.2775826, "sensor_value": 48.68, "description": "relative humidity", "unit": "%"}}, {"si7021_373a_01": {"reading_time": 1641051378.3361487, "sensor_value": 15.52, "description": "dry-bulb temperature", "unit": "degC"}, "si7021_373a_02": {"reading_time": 1641051378.3361487, "sensor_value": 48.65, "description": "relative humidity", "unit": "%"}}, {"si7021_373a_01": {"reading_time": 1641051408.3945298, "sensor_value": 15.52, "description": "dry-bulb temperature", "unit": "degC"}, "si7021_373a_02": {"reading_time": 1641051408.3945298, "sensor_value": 48.68, "description": "relative humidity", "unit": "%"}}, {"si7021_373a_01": {"reading_time": 1641051438.446363, "sensor_value": 15.52, "description": "dry-bulb temperature", "unit": "degC"}, "si7021_373a_02": {"reading_time": 1641051438.446363, "sensor_value": 48.64, "description": "relative humidity", "unit": "%"}}][{"si7021_373a_01": {"reading_time": 1641051468.4852672, "sensor_value": 15.52, "description": "dry-bulb temperature", "unit": "degC"}, "si7021_373a_02": {"reading_time": 1641051468.4852672, "sensor_value": 48.64, "description": "relative humidity", "unit": "%"}}, {"si7021_373a_01": {"reading_time": 1641051498.535385, "sensor_value": 15.51, "description": "dry-bulb temperature", "unit": "degC"}, "si7021_373a_02": {"reading_time": 1641051498.535385, "sensor_value": 48.65, "description": "relative humidity", "unit": "%"}}, {"si7021_373a_01": {"reading_time": 1641051528.573236, "sensor_value": 15.52, "description": "dry-bulb temperature", "unit": "degC"}, "si7021_373a_02": {"reading_time": 1641051528.573236, "sensor_value": 48.67, "description": "relative humidity", "unit": "%"}}, {"si7021_373a_01": {"reading_time": 1641051558.6314685, "sensor_value": 15.51, "description": "dry-bulb temperature", "unit": "degC"}, "si7021_373a_02": {"reading_time": 1641051558.6314685, "sensor_value": 48.64, "description": "relative humidity", "unit": "%"}}][{"si7021_373a_01": {"reading_time": 1641051588.6723523, "sensor_value": 15.54, "description": "dry-bulb temperature", "unit": "degC"}, "si7021_373a_02": {"reading_time": 1641051588.6723523, "sensor_value": 48.62, "description": "relative humidity", "unit": "%"}}, {"si7021_373a_01": {"reading_time": 1641051618.7276905, "sensor_value": 15.51, "description": "dry-bulb temperature", "unit": "degC"}, "si7021_373a_02": {"reading_time": 1641051618.7276905, "sensor_value": 48.63, "description": "relative humidity", "unit": "%"}}, {"si7021_373a_01": {"reading_time": 1641051648.7664669, "sensor_value": 15.52, "description": "dry-bulb temperature", "unit": "degC"}, "si7021_373a_02": {"reading_time": 1641051648.7664669, "sensor_value": 48.62, "description": "relative humidity", "unit": "%"}}, {"si7021_373a_01": {"reading_time": 1641051678.8192658, "sensor_value": 15.53, "description": "dry-bulb temperature", "unit": "degC"}, "si7021_373a_02": {"reading_time": 1641051678.8192658, "sensor_value": 48.63, "description": "relative humidity", "unit": "%"}}][{"si7021_373a_01": {"reading_time": 1641051708.859341, "sensor_value": 15.53, "description": "dry-bulb temperature", "unit": "degC"}, "si7021_373a_02": {"reading_time": 1641051708.859341, "sensor_value": 48.6, "description": "relative humidity", "unit": "%"}}, {"si7021_373a_01": {"reading_time": 1641051738.9178822, "sensor_value": 15.52, "description": "dry-bulb temperature", "unit": "degC"}, "si7021_373a_02": {"reading_time": 1641051738.9178822, "sensor_value": 48.61, "description": "relative humidity", "unit": "%"}}, {"si7021_373a_01": {"reading_time": 1641051768.9531896, "sensor_value": 15.54, "description": "dry-bulb temperature", "unit": "degC"}, "si7021_373a_02": {"reading_time": 1641051768.9531896, "sensor_value": 48.63, "description": "relative humidity", "unit": "%"}}, {"si7021_373a_01": {"reading_time": 1641051798.9895148, "sensor_value": 15.53, "description": "dry-bulb temperature", "unit": "degC"}, "si7021_373a_02": {"reading_time": 1641051798.9895148, "sensor_value": 48.65, "description": "relative humidity", "unit": "%"}}][{"si7021_373a_01": {"reading_time": 1641051829.05265, "sensor_value": 15.53, "description": "dry-bulb temperature", "unit": "degC"}, "si7021_373a_02": {"reading_time": 1641051829.05265, "sensor_value": 48.62, "description": "relative humidity", "unit": "%"}}, {"si7021_373a_01": {"reading_time": 1641051859.1123111, "sensor_value": 15.54, "description": "dry-bulb temperature", "unit": "degC"}, "si7021_373a_02": {"reading_time": 1641051859.1123111, "sensor_value": 48.62, "description": "relative humidity", "unit": "%"}}, {"si7021_373a_01": {"reading_time": 1641051889.1423965, "sensor_value": 15.54, "description": "dry-bulb temperature", "unit": "degC"}, "si7021_373a_02": {"reading_time": 1641051889.1423965, "sensor_value": 48.61, "description": "relative humidity", "unit": "%"}}, {"si7021_373a_01": {"reading_time": 1641051919.180869, "sensor_value": 15.54, "description": "dry-bulb temperature", "unit": "degC"}, "si7021_373a_02": {"reading_time": 1641051919.180869, "sensor_value": 48.58, "description": "relative humidity", "unit": "%"}}][{"si7021_373a_01": {"reading_time": 1641051949.2181177, "sensor_value": 15.55, "description": "dry-bulb temperature", "unit": "degC"}, "si7021_373a_02": {"reading_time": 1641051949.2181177, "sensor_value": 48.58, "description": "relative humidity", "unit": "%"}}, {"si7021_373a_01": {"reading_time": 1641051979.2767675, "sensor_value": 15.55, "description": "dry-bulb temperature", "unit": "degC"}, "si7021_373a_02": {"reading_time": 1641051979.2767675, "sensor_value": 48.58, "description": "relative humidity", "unit": "%"}}, {"si7021_373a_01": {"reading_time": 1641052009.3113873, "sensor_value": 15.54, "description": "dry-bulb temperature", "unit": "degC"}, "si7021_373a_02": {"reading_time": 1641052009.3113873, "sensor_value": 48.56, "description": "relative humidity", "unit": "%"}}, {"si7021_373a_01": {"reading_time": 1641052039.3552566, "sensor_value": 15.55, "description": "dry-bulb temperature", "unit": "degC"}, "si7021_373a_02": {"reading_time": 1641052039.3552566, "sensor_value": 48.55, "description": "relative humidity", "unit": "%"}}][{"si7021_373a_01": {"reading_time": 1641052069.403901, "sensor_value": 15.54, "description": "dry-bulb temperature", "unit": "degC"}, "si7021_373a_02": {"reading_time": 1641052069.403901, "sensor_value": 48.59, "description": "relative humidity", "unit": "%"}}, {"si7021_373a_01": {"reading_time": 1641052099.4629197, "sensor_value": 15.57, "description": "dry-bulb temperature", "unit": "degC"}, "si7021_373a_02": {"reading_time": 1641052099.4629197, "sensor_value": 48.61, "description": "relative humidity", "unit": "%"}}, {"si7021_373a_01": {"reading_time": 1641052129.5131137, "sensor_value": 15.56, "description": "dry-bulb temperature", "unit": "degC"}, "si7021_373a_02": {"reading_time": 1641052129.5131137, "sensor_value": 48.59, "description": "relative humidity", "unit": "%"}}, {"si7021_373a_01": {"reading_time": 1641052159.5716546, "sensor_value": 15.55, "description": "dry-bulb temperature", "unit": "degC"}, "si7021_373a_02": {"reading_time": 1641052159.5716546, "sensor_value": 48.58, "description": "relative humidity", "unit": "%"}}][{"si7021_373a_01": {"reading_time": 1641052189.632646, "sensor_value": 15.56, "description": "dry-bulb temperature", "unit": "degC"}, "si7021_373a_02": {"reading_time": 1641052189.632646, "sensor_value": 48.57, "description": "relative humidity", "unit": "%"}}, {"si7021_373a_01": {"reading_time": 1641052219.6909032, "sensor_value": 15.55, "description": "dry-bulb temperature", "unit": "degC"}, "si7021_373a_02": {"reading_time": 1641052219.6909032, "sensor_value": 48.55, "description": "relative humidity", "unit": "%"}}, {"si7021_373a_01": {"reading_time": 1641052249.7369652, "sensor_value": 15.55, "description": "dry-bulb temperature", "unit": "degC"}, "si7021_373a_02": {"reading_time": 1641052249.7369652, "sensor_value": 48.53, "description": "relative humidity", "unit": "%"}}, {"si7021_373a_01": {"reading_time": 1641052279.7980783, "sensor_value": 15.56, "description": "dry-bulb temperature", "unit": "degC"}, "si7021_373a_02": {"reading_time": 1641052279.7980783, "sensor_value": 48.53, "description": "relative humidity", "unit": "%"}}][{"si7021_373a_01": {"reading_time": 1641052309.8502042, "sensor_value": 15.55, "description": "dry-bulb temperature", "unit": "degC"}, "si7021_373a_02": {"reading_time": 1641052309.8502042, "sensor_value": 48.52, "description": "relative humidity", "unit": "%"}}, {"si7021_373a_01": {"reading_time": 1641052339.9085443, "sensor_value": 15.57, "description": "dry-bulb temperature", "unit": "degC"}, "si7021_373a_02": {"reading_time": 1641052339.9085443, "sensor_value": 48.57, "description": "relative humidity", "unit": "%"}}, {"si7021_373a_01": {"reading_time": 1641052369.964575, "sensor_value": 15.55, "description": "dry-bulb temperature", "unit": "degC"}, "si7021_373a_02": {"reading_time": 1641052369.964575, "sensor_value": 48.55, "description": "relative humidity", "unit": "%"}}, {"si7021_373a_01": {"reading_time": 1641052400.0239563, "sensor_value": 15.57, "description": "dry-bulb temperature", "unit": "degC"}, "si7021_373a_02": {"reading_time": 1641052400.0239563, "sensor_value": 48.52, "description": "relative humidity", "unit": "%"}}][{"si7021_373a_01": {"reading_time": 1641052430.0855405, "sensor_value": 15.56, "description": "dry-bulb temperature", "unit": "degC"}, "si7021_373a_02": {"reading_time": 1641052430.0855405, "sensor_value": 48.52, "description": "relative humidity", "unit": "%"}}, {"si7021_373a_01": {"reading_time": 1641052460.1441371, "sensor_value": 15.58, "description": "dry-bulb temperature", "unit": "degC"}, "si7021_373a_02": {"reading_time": 1641052460.1441371, "sensor_value": 48.49, "description": "relative humidity", "unit": "%"}}, {"si7021_373a_01": {"reading_time": 1641052490.2025924, "sensor_value": 15.55, "description": "dry-bulb temperature", "unit": "degC"}, "si7021_373a_02": {"reading_time": 1641052490.2025924, "sensor_value": 48.51, "description": "relative humidity", "unit": "%"}}, {"si7021_373a_01": {"reading_time": 1641052520.2612393, "sensor_value": 15.57, "description": "dry-bulb temperature", "unit": "degC"}, "si7021_373a_02": {"reading_time": 1641052520.2612393, "sensor_value": 48.52, "description": "relative humidity", "unit": "%"}}][{"si7021_373a_01": {"reading_time": 1641052550.3232858, "sensor_value": 15.56, "description": "dry-bulb temperature", "unit": "degC"}, "si7021_373a_02": {"reading_time": 1641052550.3232858, "sensor_value": 48.51, "description": "relative humidity", "unit": "%"}}, {"si7021_373a_01": {"reading_time": 1641052580.374251, "sensor_value": 15.56, "description": "dry-bulb temperature", "unit": "degC"}, "si7021_373a_02": {"reading_time": 1641052580.374251, "sensor_value": 48.52, "description": "relative humidity", "unit": "%"}}, {"si7021_373a_01": {"reading_time": 1641052610.4045832, "sensor_value": 15.59, "description": "dry-bulb temperature", "unit": "degC"}, "si7021_373a_02": {"reading_time": 1641052610.4045832, "sensor_value": 48.51, "description": "relative humidity", "unit": "%"}}, {"si7021_373a_01": {"reading_time": 1641052640.4629483, "sensor_value": 15.57, "description": "dry-bulb temperature", "unit": "degC"}, "si7021_373a_02": {"reading_time": 1641052640.4629483, "sensor_value": 48.49, "description": "relative humidity", "unit": "%"}}][{"si7021_373a_01": {"reading_time": 1641052670.5216491, "sensor_value": 15.57, "description": "dry-bulb temperature", "unit": "degC"}, "si7021_373a_02": {"reading_time": 1641052670.5216491, "sensor_value": 48.49, "description": "relative humidity", "unit": "%"}}, {"si7021_373a_01": {"reading_time": 1641052700.5808015, "sensor_value": 15.56, "description": "dry-bulb temperature", "unit": "degC"}, "si7021_373a_02": {"reading_time": 1641052700.5808015, "sensor_value": 48.49, "description": "relative humidity", "unit": "%"}}, {"si7021_373a_01": {"reading_time": 1641052730.6396468, "sensor_value": 15.59, "description": "dry-bulb temperature", "unit": "degC"}, "si7021_373a_02": {"reading_time": 1641052730.6396468, "sensor_value": 48.5, "description": "relative humidity", "unit": "%"}}, {"si7021_373a_01": {"reading_time": 1641052760.6987476, "sensor_value": 15.57, "description": "dry-bulb temperature", "unit": "degC"}, "si7021_373a_02": {"reading_time": 1641052760.6987476, "sensor_value": 48.49, "description": "relative humidity", "unit": "%"}}]