[{"si7021_373a_01": {"reading_time": 1641063489.3478549, "sensor_value": 16.07, "description": "dry-bulb temperature", "unit": "degC"}, "si7021_373a_02": {"reading_time": 1641063489.3478549, "sensor_value": 48.11, "description": "relative humidity", "unit": "%"}}, {"si7021_373a_01": {"reading_time": 1641063519.3786929, "sensor_value": 16.06, "description": "dry-bulb temperature", "unit": "degC"}, "si7021_373a_02": {"reading_time": 1641063519.3786929, "sensor_value": 48.12, "description": "relative humidity", "unit": "%"}}, {"si7021_373a_01": {"reading_time": 1641063549.4087346, "sensor_value": 16.07, "description": "dry-bulb temperature", "unit": "degC"}, "si7021_373a_02": {"reading_time": 1641063549.4087346, "sensor_value": 48.12, "description": "relative humidity", "unit": "%"}}, {"si7021_373a_01": {"reading_time": 1641063579.44303, "sensor_value": 16.08, "description": "dry-bulb temperature", "unit": "degC"}, "si7021_373a_02": {"reading_time": 1641063579.44303, "sensor_value": 48.1, "description": "relative humidity", "unit": "%"}}][{"si7021_373a_01": {"reading_time": 1641063609.4865139, "sensor_value": 16.06, "description": "dry-bulb temperature", "unit": "degC"}, "si7021_373a_02": {"reading_time": 1641063609.4865139, "sensor_value": 48.11, "description": "relative humidity", "unit": "%"}}, {"si7021_373a_01": {"reading_time": 1641063639.5158412, "sensor_value": 16.06, "description": "dry-bulb temperature", "unit": "degC"}, "si7021_373a_02": {"reading_time": 1641063639.5158412, "sensor_value": 48.1, "description": "relative humidity", "unit": "%"}}, {"si7021_373a_01": {"reading_time": 1641063669.5574834, "sensor_value": 16.08, "description": "dry-bulb temperature", "unit": "degC"}, "si7021_373a_02": {"reading_time": 1641063669.5574834, "sensor_value": 48.09, "description": "relative humidity", "unit": "%"}}, {"si7021_373a_01": {"reading_time": 1641063699.6163716, "sensor_value": 16.06, "description": "dry-bulb temperature", "unit": "degC"}, "si7021_373a_02": {"reading_time": 1641063699.6163716, "sensor_value": 48.07, "description": "relative humidity", "unit": "%"}}][{"si7021_373a_01": {"reading_time": 1641063729.677571, "sensor_value": 16.06, "description": "dry-bulb temperature", "unit": "degC"}, "si7021_373a_02": {"reading_time": 1641063729.677571, "sensor_value": 48.04, "description": "relative humidity", "unit": "%"}}, {"si7021_373a_01": {"reading_time": 1641063759.7276995, "sensor_value": 16.06, "description": "dry-bulb temperature", "unit": "degC"}, "si7021_373a_02": {"reading_time": 1641063759.7276995, "sensor_value": 48.07, "description": "relative humidity", "unit": "%"}}, {"si7021_373a_01": {"reading_time": 1641063789.7781136, "sensor_value": 16.05, "description": "dry-bulb temperature", "unit": "degC"}, "si7021_373a_02": {"reading_time": 1641063789.7781136, "sensor_value": 48.09, "description": "relative humidity", "unit": "%"}}, {"si7021_373a_01": {"reading_time": 1641063819.8133886, "sensor_value": 16.08, "description": "dry-bulb temperature", "unit": "degC"}, "si7021_373a_02": {"reading_time": 1641063819.8133886, "sensor_value": 48.1, "description": "relative humidity", "unit": "%"}}][{"si7021_373a_01": {"reading_time": 1641063849.8742692, "sensor_value": 16.08, "description": "dry-bulb temperature", "unit": "degC"}, "si7021_373a_02": {"reading_time": 1641063849.8742692, "sensor_value": 48.1, "description": "relative humidity", "unit": "%"}}, {"si7021_373a_01": {"reading_time": 1641063879.9091907, "sensor_value": 16.1, "description": "dry-bulb temperature", "unit": "degC"}, "si7021_373a_02": {"reading_time": 1641063879.9091907, "sensor_value": 48.09, "description": "relative humidity", "unit": "%"}}, {"si7021_373a_01": {"reading_time": 1641063909.9580908, "sensor_value": 16.08, "description": "dry-bulb temperature", "unit": "degC"}, "si7021_373a_02": {"reading_time": 1641063909.9580908, "sensor_value": 48.1, "description": "relative humidity", "unit": "%"}}, {"si7021_373a_01": {"reading_time": 1641063940.0176215, "sensor_value": 16.08, "description": "dry-bulb temperature", "unit": "degC"}, "si7021_373a_02": {"reading_time": 1641063940.0176215, "sensor_value": 48.1, "description": "relative humidity", "unit": "%"}}][{"si7021_373a_01": {"reading_time": 1641063970.083436, "sensor_value": 16.1, "description": "dry-bulb temperature", "unit": "degC"}, "si7021_373a_02": {"reading_time": 1641063970.083436, "sensor_value": 48.1, "description": "relative humidity", "unit": "%"}}, {"si7021_373a_01": {"reading_time": 1641064000.14147, "sensor_value": 16.07, "description": "dry-bulb temperature", "unit": "degC"}, "si7021_373a_02": {"reading_time": 1641064000.14147, "sensor_value": 48.1, "description": "relative humidity", "unit": "%"}}, {"si7021_373a_01": {"reading_time": 1641064030.1999917, "sensor_value": 16.07, "description": "dry-bulb temperature", "unit": "degC"}, "si7021_373a_02": {"reading_time": 1641064030.1999917, "sensor_value": 48.12, "description": "relative humidity", "unit": "%"}}, {"si7021_373a_01": {"reading_time": 1641064060.2583141, "sensor_value": 16.08, "description": "dry-bulb temperature", "unit": "degC"}, "si7021_373a_02": {"reading_time": 1641064060.2583141, "sensor_value": 48.13, "description": "relative humidity", "unit": "%"}}][{"si7021_373a_01": {"reading_time": 1641064090.319457, "sensor_value": 16.08, "description": "dry-bulb temperature", "unit": "degC"}, "si7021_373a_02": {"reading_time": 1641064090.319457, "sensor_value": 48.1, "description": "relative humidity", "unit": "%"}}, {"si7021_373a_01": {"reading_time": 1641064120.3785436, "sensor_value": 16.07, "description": "dry-bulb temperature", "unit": "degC"}, "si7021_373a_02": {"reading_time": 1641064120.3785436, "sensor_value": 48.12, "description": "relative humidity", "unit": "%"}}, {"si7021_373a_01": {"reading_time": 1641064150.4317904, "sensor_value": 16.1, "description": "dry-bulb temperature", "unit": "degC"}, "si7021_373a_02": {"reading_time": 1641064150.4317904, "sensor_value": 48.13, "description": "relative humidity", "unit": "%"}}, {"si7021_373a_01": {"reading_time": 1641064180.484584, "sensor_value": 16.08, "description": "dry-bulb temperature", "unit": "degC"}, "si7021_373a_02": {"reading_time": 1641064180.484584, "sensor_value": 48.13, "description": "relative humidity", "unit": "%"}}][{"si7021_373a_01": {"reading_time": 1641064210.5463665, "sensor_value": 16.11, "description": "dry-bulb temperature", "unit": "degC"}, "si7021_373a_02": {"reading_time": 1641064210.5463665, "sensor_value": 48.16, "description": "relative humidity", "unit": "%"}}, {"si7021_373a_01": {"reading_time": 1641064240.6056561, "sensor_value": 16.08, "description": "dry-bulb temperature", "unit": "degC"}, "si7021_373a_02": {"reading_time": 1641064240.6056561, "sensor_value": 48.13, "description": "relative humidity", "unit": "%"}}, {"si7021_373a_01": {"reading_time": 1641064270.664632, "sensor_value": 16.12, "description": "dry-bulb temperature", "unit": "degC"}, "si7021_373a_02": {"reading_time": 1641064270.664632, "sensor_value": 48.14, "description": "relative humidity", "unit": "%"}}, {"si7021_373a_01": {"reading_time": 1641064300.7160406, "sensor_value": 16.1, "description": "dry-bulb temperature", "unit": "degC"}, "si7021_373a_02": {"reading_time": 1641064300.7160406, "sensor_value": 48.13, "description": "relative humidity", "unit": "%"}}][{"si7021_373a_01": {"reading_time": 1641064330.7671986, "sensor_value": 16.11, "description": "dry-bulb temperature", "unit": "degC"}, "si7021_373a_02": {"reading_time": 1641064330.7671986, "sensor_value": 48.13, "description": "relative humidity", "unit": "%"}}, {"si7021_373a_01": {"reading_time": 1641064360.8260853, "sensor_value": 16.07, "description": "dry-bulb temperature", "unit": "degC"}, "si7021_373a_02": {"reading_time": 1641064360.8260853, "sensor_value": 48.12, "description": "relative humidity", "unit": "%"}}, {"si7021_373a_01": {"reading_time": 1641064390.8896413, "sensor_value": 16.08, "description": "dry-bulb temperature", "unit": "degC"}, "si7021_373a_02": {"reading_time": 1641064390.8896413, "sensor_value": 48.13, "description": "relative humidity", "unit": "%"}}, {"si7021_373a_01": {"reading_time": 1641064420.9488182, "sensor_value": 16.1, "description": "dry-bulb temperature", "unit": "degC"}, "si7021_373a_02": {"reading_time": 1641064420.9488182, "sensor_value": 48.1, "description": "relative humidity", "unit": "%"}}][{"si7021_373a_01": {"reading_time": 1641064451.0104764, "sensor_value": 16.08, "description": "dry-bulb temperature", "unit": "degC"}, "si7021_373a_02": {"reading_time": 1641064451.0104764, "sensor_value": 48.13, "description": "relative humidity", "unit": "%"}}, {"si7021_373a_01": {"reading_time": 1641064481.0558047, "sensor_value": 16.1, "description": "dry-bulb temperature", "unit": "degC"}, "si7021_373a_02": {"reading_time": 1641064481.0558047, "sensor_value": 48.13, "description": "relative humidity", "unit": "%"}}, {"si7021_373a_01": {"reading_time": 1641064511.1149426, "sensor_value": 16.11, "description": "dry-bulb temperature", "unit": "degC"}, "si7021_373a_02": {"reading_time": 1641064511.1149426, "sensor_value": 48.15, "description": "relative humidity", "unit": "%"}}, {"si7021_373a_01": {"reading_time": 1641064541.1740115, "sensor_value": 16.08, "description": "dry-bulb temperature", "unit": "degC"}, "si7021_373a_02": {"reading_time": 1641064541.1740115, "sensor_value": 48.13, "description": "relative humidity", "unit": "%"}}][{"si7021_373a_01": {"reading_time": 1641064571.2292266, "sensor_value": 16.1, "description": "dry-bulb temperature", "unit": "degC"}, "si7021_373a_02": {"reading_time": 1641064571.2292266, "sensor_value": 48.13, "description": "relative humidity", "unit": "%"}}, {"si7021_373a_01": {"reading_time": 1641064601.2582638, "sensor_value": 16.1, "description": "dry-bulb temperature", "unit": "degC"}, "si7021_373a_02": {"reading_time": 1641064601.2582638, "sensor_value": 48.16, "description": "relative humidity", "unit": "%"}}, {"si7021_373a_01": {"reading_time": 1641064631.31458, "sensor_value": 16.08, "description": "dry-bulb temperature", "unit": "degC"}, "si7021_373a_02": {"reading_time": 1641064631.31458, "sensor_value": 48.12, "description": "relative humidity", "unit": "%"}}, {"si7021_373a_01": {"reading_time": 1641064661.3736126, "sensor_value": 16.12, "description": "dry-bulb temperature", "unit": "degC"}, "si7021_373a_02": {"reading_time": 1641064661.3736126, "sensor_value": 48.12, "description": "relative humidity", "unit": "%"}}][{"si7021_373a_01": {"reading_time": 1641064691.4102209, "sensor_value": 16.12, "description": "dry-bulb temperature", "unit": "degC"}, "si7021_373a_02": {"reading_time": 1641064691.4102209, "sensor_value": 48.16, "description": "relative humidity", "unit": "%"}}, {"si7021_373a_01": {"reading_time": 1641064721.4430885, "sensor_value": 16.1, "description": "dry-bulb temperature", "unit": "degC"}, "si7021_373a_02": {"reading_time": 1641064721.4430885, "sensor_value": 48.16, "description": "relative humidity", "unit": "%"}}, {"si7021_373a_01": {"reading_time": 1641064751.5011773, "sensor_value": 16.11, "description": "dry-bulb temperature", "unit": "degC"}, "si7021_373a_02": {"reading_time": 1641064751.5011773, "sensor_value": 48.16, "description": "relative humidity", "unit": "%"}}, {"si7021_373a_01": {"reading_time": 1641064781.5604398, "sensor_value": 16.11, "description": "dry-bulb temperature", "unit": "degC"}, "si7021_373a_02": {"reading_time": 1641064781.5604398, "sensor_value": 48.17, "description": "relative humidity", "unit": "%"}}][{"si7021_373a_01": {"reading_time": 1641064811.6000655, "sensor_value": 16.12, "description": "dry-bulb temperature", "unit": "degC"}, "si7021_373a_02": {"reading_time": 1641064811.6000655, "sensor_value": 48.17, "description": "relative humidity", "unit": "%"}}, {"si7021_373a_01": {"reading_time": 1641064841.653866, "sensor_value": 16.11, "description": "dry-bulb temperature", "unit": "degC"}, "si7021_373a_02": {"reading_time": 1641064841.653866, "sensor_value": 48.16, "description": "relative humidity", "unit": "%"}}, {"si7021_373a_01": {"reading_time": 1641064871.7126675, "sensor_value": 16.11, "description": "dry-bulb temperature", "unit": "degC"}, "si7021_373a_02": {"reading_time": 1641064871.7126675, "sensor_value": 48.17, "description": "relative humidity", "unit": "%"}}, {"si7021_373a_01": {"reading_time": 1641064901.7474775, "sensor_value": 16.13, "description": "dry-bulb temperature", "unit": "degC"}, "si7021_373a_02": {"reading_time": 1641064901.7474775, "sensor_value": 48.18, "description": "relative humidity", "unit": "%"}}][{"si7021_373a_01": {"reading_time": 1641064931.779722, "sensor_value": 16.13, "description": "dry-bulb temperature", "unit": "degC"}, "si7021_373a_02": {"reading_time": 1641064931.779722, "sensor_value": 48.19, "description": "relative humidity", "unit": "%"}}, {"si7021_373a_01": {"reading_time": 1641064961.8332741, "sensor_value": 16.12, "description": "dry-bulb temperature", "unit": "degC"}, "si7021_373a_02": {"reading_time": 1641064961.8332741, "sensor_value": 48.2, "description": "relative humidity", "unit": "%"}}, {"si7021_373a_01": {"reading_time": 1641064991.8924596, "sensor_value": 16.11, "description": "dry-bulb temperature", "unit": "degC"}, "si7021_373a_02": {"reading_time": 1641064991.8924596, "sensor_value": 48.18, "description": "relative humidity", "unit": "%"}}, {"si7021_373a_01": {"reading_time": 1641065021.9274685, "sensor_value": 16.11, "description": "dry-bulb temperature", "unit": "degC"}, "si7021_373a_02": {"reading_time": 1641065021.9274685, "sensor_value": 48.17, "description": "relative humidity", "unit": "%"}}][{"si7021_373a_01": {"reading_time": 1641065051.959667, "sensor_value": 16.13, "description": "dry-bulb temperature", "unit": "degC"}, "si7021_373a_02": {"reading_time": 1641065051.959667, "sensor_value": 48.16, "description": "relative humidity", "unit": "%"}}, {"si7021_373a_01": {"reading_time": 1641065082.0185359, "sensor_value": 16.1, "description": "dry-bulb temperature", "unit": "degC"}, "si7021_373a_02": {"reading_time": 1641065082.0185359, "sensor_value": 48.16, "description": "relative humidity", "unit": "%"}}, {"si7021_373a_01": {"reading_time": 1641065112.077645, "sensor_value": 16.12, "description": "dry-bulb temperature", "unit": "degC"}, "si7021_373a_02": {"reading_time": 1641065112.077645, "sensor_value": 48.17, "description": "relative humidity", "unit": "%"}}, {"si7021_373a_01": {"reading_time": 1641065142.1169803, "sensor_value": 16.12, "description": "dry-bulb temperature", "unit": "degC"}, "si7021_373a_02": {"reading_time": 1641065142.1169803, "sensor_value": 48.2, "description": "relative humidity", "unit": "%"}}][{"si7021_373a_01": {"reading_time": 1641065172.1575167, "sensor_value": 16.12, "description": "dry-bulb temperature", "unit": "degC"}, "si7021_373a_02": {"reading_time": 1641065172.1575167, "sensor_value": 48.22, "description": "relative humidity", "unit": "%"}}, {"si7021_373a_01": {"reading_time": 1641065202.2022872, "sensor_value": 16.1, "description": "dry-bulb temperature", "unit": "degC"}, "si7021_373a_02": {"reading_time": 1641065202.2022872, "sensor_value": 48.21, "description": "relative humidity", "unit": "%"}}, {"si7021_373a_01": {"reading_time": 1641065232.254335, "sensor_value": 16.12, "description": "dry-bulb temperature", "unit": "degC"}, "si7021_373a_02": {"reading_time": 1641065232.254335, "sensor_value": 48.2, "description": "relative humidity", "unit": "%"}}, {"si7021_373a_01": {"reading_time": 1641065262.2929976, "sensor_value": 16.11, "description": "dry-bulb temperature", "unit": "degC"}, "si7021_373a_02": {"reading_time": 1641065262.2929976, "sensor_value": 48.2, "description": "relative humidity", "unit": "%"}}][{"si7021_373a_01": {"reading_time": 1641065292.3315165, "sensor_value": 16.11, "description": "dry-bulb temperature", "unit": "degC"}, "si7021_373a_02": {"reading_time": 1641065292.3315165, "sensor_value": 48.22, "description": "relative humidity", "unit": "%"}}, {"si7021_373a_01": {"reading_time": 1641065322.3919764, "sensor_value": 16.12, "description": "dry-bulb temperature", "unit": "degC"}, "si7021_373a_02": {"reading_time": 1641065322.3919764, "sensor_value": 48.2, "description": "relative humidity", "unit": "%"}}, {"si7021_373a_01": {"reading_time": 1641065352.4509878, "sensor_value": 16.12, "description": "dry-bulb temperature", "unit": "degC"}, "si7021_373a_02": {"reading_time": 1641065352.4509878, "sensor_value": 48.2, "description": "relative humidity", "unit": "%"}}, {"si7021_373a_01": {"reading_time": 1641065382.4819994, "sensor_value": 16.11, "description": "dry-bulb temperature", "unit": "degC"}, "si7021_373a_02": {"reading_time": 1641065382.4819994, "sensor_value": 48.17, "description": "relative humidity", "unit": "%"}}][{"si7021_373a_01": {"reading_time": 1641065412.5197206, "sensor_value": 16.12, "description": "dry-bulb temperature", "unit": "degC"}, "si7021_373a_02": {"reading_time": 1641065412.5197206, "sensor_value": 48.2, "description": "relative humidity", "unit": "%"}}, {"si7021_373a_01": {"reading_time": 1641065442.578595, "sensor_value": 16.11, "description": "dry-bulb temperature", "unit": "degC"}, "si7021_373a_02": {"reading_time": 1641065442.578595, "sensor_value": 48.19, "description": "relative humidity", "unit": "%"}}, {"si7021_373a_01": {"reading_time": 1641065472.6137645, "sensor_value": 16.14, "description": "dry-bulb temperature", "unit": "degC"}, "si7021_373a_02": {"reading_time": 1641065472.6137645, "sensor_value": 48.19, "description": "relative humidity", "unit": "%"}}, {"si7021_373a_01": {"reading_time": 1641065502.644855, "sensor_value": 16.11, "description": "dry-bulb temperature", "unit": "degC"}, "si7021_373a_02": {"reading_time": 1641065502.644855, "sensor_value": 48.2, "description": "relative humidity", "unit": "%"}}][{"si7021_373a_01": {"reading_time": 1641065532.680017, "sensor_value": 16.12, "description": "dry-bulb temperature", "unit": "degC"}, "si7021_373a_02": {"reading_time": 1641065532.680017, "sensor_value": 48.19, "description": "relative humidity", "unit": "%"}}, {"si7021_373a_01": {"reading_time": 1641065562.736057, "sensor_value": 16.13, "description": "dry-bulb temperature", "unit": "degC"}, "si7021_373a_02": {"reading_time": 1641065562.736057, "sensor_value": 48.19, "description": "relative humidity", "unit": "%"}}, {"si7021_373a_01": {"reading_time": 1641065592.7750354, "sensor_value": 16.14, "description": "dry-bulb temperature", "unit": "degC"}, "si7021_373a_02": {"reading_time": 1641065592.7750354, "sensor_value": 48.2, "description": "relative humidity", "unit": "%"}}, {"si7021_373a_01": {"reading_time": 1641065622.805804, "sensor_value": 16.14, "description": "dry-bulb temperature", "unit": "degC"}, "si7021_373a_02": {"reading_time": 1641065622.805804, "sensor_value": 48.17, "description": "relative humidity", "unit": "%"}}][{"si7021_373a_01": {"reading_time": 1641065652.8680553, "sensor_value": 16.14, "description": "dry-bulb temperature", "unit": "degC"}, "si7021_373a_02": {"reading_time": 1641065652.8680553, "sensor_value": 48.2, "description": "relative humidity", "unit": "%"}}, {"si7021_373a_01": {"reading_time": 1641065682.927071, "sensor_value": 16.12, "description": "dry-bulb temperature", "unit": "degC"}, "si7021_373a_02": {"reading_time": 1641065682.927071, "sensor_value": 48.2, "description": "relative humidity", "unit": "%"}}, {"si7021_373a_01": {"reading_time": 1641065712.9664748, "sensor_value": 16.13, "description": "dry-bulb temperature", "unit": "degC"}, "si7021_373a_02": {"reading_time": 1641065712.9664748, "sensor_value": 48.2, "description": "relative humidity", "unit": "%"}}, {"si7021_373a_01": {"reading_time": 1641065743.0048976, "sensor_value": 16.12, "description": "dry-bulb temperature", "unit": "degC"}, "si7021_373a_02": {"reading_time": 1641065743.0048976, "sensor_value": 48.22, "description": "relative humidity", "unit": "%"}}][{"si7021_373a_01": {"reading_time": 1641065773.0664017, "sensor_value": 16.14, "description": "dry-bulb temperature", "unit": "degC"}, "si7021_373a_02": {"reading_time": 1641065773.0664017, "sensor_value": 48.22, "description": "relative humidity", "unit": "%"}}, {"si7021_373a_01": {"reading_time": 1641065803.1254036, "sensor_value": 16.14, "description": "dry-bulb temperature", "unit": "degC"}, "si7021_373a_02": {"reading_time": 1641065803.1254036, "sensor_value": 48.23, "description": "relative humidity", "unit": "%"}}, {"si7021_373a_01": {"reading_time": 1641065833.1545854, "sensor_value": 16.14, "description": "dry-bulb temperature", "unit": "degC"}, "si7021_373a_02": {"reading_time": 1641065833.1545854, "sensor_value": 48.23, "description": "relative humidity", "unit": "%"}}, {"si7021_373a_01": {"reading_time": 1641065863.2045765, "sensor_value": 16.15, "description": "dry-bulb temperature", "unit": "degC"}, "si7021_373a_02": {"reading_time": 1641065863.2045765, "sensor_value": 48.25, "description": "relative humidity", "unit": "%"}}][{"si7021_373a_01": {"reading_time": 1641065893.266111, "sensor_value": 16.14, "description": "dry-bulb temperature", "unit": "degC"}, "si7021_373a_02": {"reading_time": 1641065893.266111, "sensor_value": 48.23, "description": "relative humidity", "unit": "%"}}, {"si7021_373a_01": {"reading_time": 1641065923.3012767, "sensor_value": 16.15, "description": "dry-bulb temperature", "unit": "degC"}, "si7021_373a_02": {"reading_time": 1641065923.3012767, "sensor_value": 48.25, "description": "relative humidity", "unit": "%"}}, {"si7021_373a_01": {"reading_time": 1641065953.3599207, "sensor_value": 16.14, "description": "dry-bulb temperature", "unit": "degC"}, "si7021_373a_02": {"reading_time": 1641065953.3599207, "sensor_value": 48.24, "description": "relative humidity", "unit": "%"}}, {"si7021_373a_01": {"reading_time": 1641065983.4183464, "sensor_value": 16.16, "description": "dry-bulb temperature", "unit": "degC"}, "si7021_373a_02": {"reading_time": 1641065983.4183464, "sensor_value": 48.26, "description": "relative humidity", "unit": "%"}}][{"si7021_373a_01": {"reading_time": 1641066013.481008, "sensor_value": 16.15, "description": "dry-bulb temperature", "unit": "degC"}, "si7021_373a_02": {"reading_time": 1641066013.481008, "sensor_value": 48.22, "description": "relative humidity", "unit": "%"}}, {"si7021_373a_01": {"reading_time": 1641066043.534583, "sensor_value": 16.15, "description": "dry-bulb temperature", "unit": "degC"}, "si7021_373a_02": {"reading_time": 1641066043.534583, "sensor_value": 48.23, "description": "relative humidity", "unit": "%"}}, {"si7021_373a_01": {"reading_time": 1641066073.5927763, "sensor_value": 16.16, "description": "dry-bulb temperature", "unit": "degC"}, "si7021_373a_02": {"reading_time": 1641066073.5927763, "sensor_value": 48.25, "description": "relative humidity", "unit": "%"}}, {"si7021_373a_01": {"reading_time": 1641066103.6511102, "sensor_value": 16.14, "description": "dry-bulb temperature", "unit": "degC"}, "si7021_373a_02": {"reading_time": 1641066103.6511102, "sensor_value": 48.23, "description": "relative humidity", "unit": "%"}}][{"si7021_373a_01": {"reading_time": 1641066133.7183022, "sensor_value": 16.14, "description": "dry-bulb temperature", "unit": "degC"}, "si7021_373a_02": {"reading_time": 1641066133.7183022, "sensor_value": 48.26, "description": "relative humidity", "unit": "%"}}, {"si7021_373a_01": {"reading_time": 1641066163.777676, "sensor_value": 16.14, "description": "dry-bulb temperature", "unit": "degC"}, "si7021_373a_02": {"reading_time": 1641066163.777676, "sensor_value": 48.26, "description": "relative humidity", "unit": "%"}}, {"si7021_373a_01": {"reading_time": 1641066193.8367746, "sensor_value": 16.14, "description": "dry-bulb temperature", "unit": "degC"}, "si7021_373a_02": {"reading_time": 1641066193.8367746, "sensor_value": 48.27, "description": "relative humidity", "unit": "%"}}, {"si7021_373a_01": {"reading_time": 1641066223.8963704, "sensor_value": 16.15, "description": "dry-bulb temperature", "unit": "degC"}, "si7021_373a_02": {"reading_time": 1641066223.8963704, "sensor_value": 48.26, "description": "relative humidity", "unit": "%"}}][{"si7021_373a_01": {"reading_time": 1641066253.9588456, "sensor_value": 16.14, "description": "dry-bulb temperature", "unit": "degC"}, "si7021_373a_02": {"reading_time": 1641066253.9588456, "sensor_value": 48.26, "description": "relative humidity", "unit": "%"}}, {"si7021_373a_01": {"reading_time": 1641066284.013109, "sensor_value": 16.14, "description": "dry-bulb temperature", "unit": "degC"}, "si7021_373a_02": {"reading_time": 1641066284.013109, "sensor_value": 48.26, "description": "relative humidity", "unit": "%"}}, {"si7021_373a_01": {"reading_time": 1641066314.0721009, "sensor_value": 16.15, "description": "dry-bulb temperature", "unit": "degC"}, "si7021_373a_02": {"reading_time": 1641066314.0721009, "sensor_value": 48.25, "description": "relative humidity", "unit": "%"}}, {"si7021_373a_01": {"reading_time": 1641066344.1312993, "sensor_value": 16.15, "description": "dry-bulb temperature", "unit": "degC"}, "si7021_373a_02": {"reading_time": 1641066344.1312993, "sensor_value": 48.25, "description": "relative humidity", "unit": "%"}}][{"si7021_373a_01": {"reading_time": 1641066374.1929631, "sensor_value": 16.16, "description": "dry-bulb temperature", "unit": "degC"}, "si7021_373a_02": {"reading_time": 1641066374.1929631, "sensor_value": 48.26, "description": "relative humidity", "unit": "%"}}, {"si7021_373a_01": {"reading_time": 1641066404.2445762, "sensor_value": 16.16, "description": "dry-bulb temperature", "unit": "degC"}, "si7021_373a_02": {"reading_time": 1641066404.2445762, "sensor_value": 48.25, "description": "relative humidity", "unit": "%"}}, {"si7021_373a_01": {"reading_time": 1641066434.2947938, "sensor_value": 16.15, "description": "dry-bulb temperature", "unit": "degC"}, "si7021_373a_02": {"reading_time": 1641066434.2947938, "sensor_value": 48.25, "description": "relative humidity", "unit": "%"}}, {"si7021_373a_01": {"reading_time": 1641066464.355599, "sensor_value": 16.14, "description": "dry-bulb temperature", "unit": "degC"}, "si7021_373a_02": {"reading_time": 1641066464.355599, "sensor_value": 48.25, "description": "relative humidity", "unit": "%"}}][{"si7021_373a_01": {"reading_time": 1641066494.4174888, "sensor_value": 16.15, "description": "dry-bulb temperature", "unit": "degC"}, "si7021_373a_02": {"reading_time": 1641066494.4174888, "sensor_value": 48.25, "description": "relative humidity", "unit": "%"}}, {"si7021_373a_01": {"reading_time": 1641066524.4768791, "sensor_value": 16.15, "description": "dry-bulb temperature", "unit": "degC"}, "si7021_373a_02": {"reading_time": 1641066524.4768791, "sensor_value": 48.26, "description": "relative humidity", "unit": "%"}}, {"si7021_373a_01": {"reading_time": 1641066554.51584, "sensor_value": 16.14, "description": "dry-bulb temperature", "unit": "degC"}, "si7021_373a_02": {"reading_time": 1641066554.51584, "sensor_value": 48.25, "description": "relative humidity", "unit": "%"}}, {"si7021_373a_01": {"reading_time": 1641066584.5746074, "sensor_value": 16.15, "description": "dry-bulb temperature", "unit": "degC"}, "si7021_373a_02": {"reading_time": 1641066584.5746074, "sensor_value": 48.26, "description": "relative humidity", "unit": "%"}}][{"si7021_373a_01": {"reading_time": 1641066614.6359756, "sensor_value": 16.15, "description": "dry-bulb temperature", "unit": "degC"}, "si7021_373a_02": {"reading_time": 1641066614.6359756, "sensor_value": 48.26, "description": "relative humidity", "unit": "%"}}, {"si7021_373a_01": {"reading_time": 1641066644.6954975, "sensor_value": 16.16, "description": "dry-bulb temperature", "unit": "degC"}, "si7021_373a_02": {"reading_time": 1641066644.6954975, "sensor_value": 48.26, "description": "relative humidity", "unit": "%"}}, {"si7021_373a_01": {"reading_time": 1641066674.7547162, "sensor_value": 16.14, "description": "dry-bulb temperature", "unit": "degC"}, "si7021_373a_02": {"reading_time": 1641066674.7547162, "sensor_value": 48.27, "description": "relative humidity", "unit": "%"}}, {"si7021_373a_01": {"reading_time": 1641066704.8137114, "sensor_value": 16.14, "description": "dry-bulb temperature", "unit": "degC"}, "si7021_373a_02": {"reading_time": 1641066704.8137114, "sensor_value": 48.27, "description": "relative humidity", "unit": "%"}}][{"si7021_373a_01": {"reading_time": 1641066734.87544, "sensor_value": 16.14, "description": "dry-bulb temperature", "unit": "degC"}, "si7021_373a_02": {"reading_time": 1641066734.87544, "sensor_value": 48.29, "description": "relative humidity", "unit": "%"}}, {"si7021_373a_01": {"reading_time": 1641066764.9343553, "sensor_value": 16.16, "description": "dry-bulb temperature", "unit": "degC"}, "si7021_373a_02": {"reading_time": 1641066764.9343553, "sensor_value": 48.29, "description": "relative humidity", "unit": "%"}}, {"si7021_373a_01": {"reading_time": 1641066794.9934325, "sensor_value": 16.13, "description": "dry-bulb temperature", "unit": "degC"}, "si7021_373a_02": {"reading_time": 1641066794.9934325, "sensor_value": 48.29, "description": "relative humidity", "unit": "%"}}, {"si7021_373a_01": {"reading_time": 1641066825.0531878, "sensor_value": 16.16, "description": "dry-bulb temperature", "unit": "degC"}, "si7021_373a_02": {"reading_time": 1641066825.0531878, "sensor_value": 48.29, "description": "relative humidity", "unit": "%"}}][{"si7021_373a_01": {"reading_time": 1641066855.087705, "sensor_value": 16.15, "description": "dry-bulb temperature", "unit": "degC"}, "si7021_373a_02": {"reading_time": 1641066855.087705, "sensor_value": 48.29, "description": "relative humidity", "unit": "%"}}, {"si7021_373a_01": {"reading_time": 1641066885.1476598, "sensor_value": 16.17, "description": "dry-bulb temperature", "unit": "degC"}, "si7021_373a_02": {"reading_time": 1641066885.1476598, "sensor_value": 48.29, "description": "relative humidity", "unit": "%"}}, {"si7021_373a_01": {"reading_time": 1641066915.1829352, "sensor_value": 16.15, "description": "dry-bulb temperature", "unit": "degC"}, "si7021_373a_02": {"reading_time": 1641066915.1829352, "sensor_value": 48.29, "description": "relative humidity", "unit": "%"}}, {"si7021_373a_01": {"reading_time": 1641066945.2208197, "sensor_value": 16.16, "description": "dry-bulb temperature", "unit": "degC"}, "si7021_373a_02": {"reading_time": 1641066945.2208197, "sensor_value": 48.28, "description": "relative humidity", "unit": "%"}}][{"si7021_373a_01": {"reading_time": 1641066975.259965, "sensor_value": 16.14, "description": "dry-bulb temperature", "unit": "degC"}, "si7021_373a_02": {"reading_time": 1641066975.259965, "sensor_value": 48.3, "description": "relative humidity", "unit": "%"}}, {"si7021_373a_01": {"reading_time": 1641067005.2964926, "sensor_value": 16.16, "description": "dry-bulb temperature", "unit": "degC"}, "si7021_373a_02": {"reading_time": 1641067005.2964926, "sensor_value": 48.3, "description": "relative humidity", "unit": "%"}}, {"si7021_373a_01": {"reading_time": 1641067035.3555784, "sensor_value": 16.17, "description": "dry-bulb temperature", "unit": "degC"}, "si7021_373a_02": {"reading_time": 1641067035.3555784, "sensor_value": 48.29, "description": "relative humidity", "unit": "%"}}, {"si7021_373a_01": {"reading_time": 1641067065.413579, "sensor_value": 16.18, "description": "dry-bulb temperature", "unit": "degC"}, "si7021_373a_02": {"reading_time": 1641067065.413579, "sensor_value": 48.33, "description": "relative humidity", "unit": "%"}}]