[{"si7021_373a_01": {"reading_time": 1641077913.927174, "sensor_value": 16.27, "description": "dry-bulb temperature", "unit": "degC"}, "si7021_373a_02": {"reading_time": 1641077913.927174, "sensor_value": 48.62, "description": "relative humidity", "unit": "%"}}, {"si7021_373a_01": {"reading_time": 1641077943.9645658, "sensor_value": 16.24, "description": "dry-bulb temperature", "unit": "degC"}, "si7021_373a_02": {"reading_time": 1641077943.9645658, "sensor_value": 48.58, "description": "relative humidity", "unit": "%"}}, {"si7021_373a_01": {"reading_time": 1641077974.022823, "sensor_value": 16.24, "description": "dry-bulb temperature", "unit": "degC"}, "si7021_373a_02": {"reading_time": 1641077974.022823, "sensor_value": 48.58, "description": "relative humidity", "unit": "%"}}, {"si7021_373a_01": {"reading_time": 1641078004.0812476, "sensor_value": 16.22, "description": "dry-bulb temperature", "unit": "degC"}, "si7021_373a_02": {"reading_time": 1641078004.0812476, "sensor_value": 48.59, "description": "relative humidity", "unit": "%"}}][{"si7021_373a_01": {"reading_time": 1641078034.1434944, "sensor_value": 16.24, "description": "dry-bulb temperature", "unit": "degC"}, "si7021_373a_02": {"reading_time": 1641078034.1434944, "sensor_value": 48.58, "description": "relative humidity", "unit": "%"}}, {"si7021_373a_01": {"reading_time": 1641078064.1830688, "sensor_value": 16.24, "description": "dry-bulb temperature", "unit": "degC"}, "si7021_373a_02": {"reading_time": 1641078064.1830688, "sensor_value": 48.6, "description": "relative humidity", "unit": "%"}}, {"si7021_373a_01": {"reading_time": 1641078094.2145655, "sensor_value": 16.25, "description": "dry-bulb temperature", "unit": "degC"}, "si7021_373a_02": {"reading_time": 1641078094.2145655, "sensor_value": 48.59, "description": "relative humidity", "unit": "%"}}, {"si7021_373a_01": {"reading_time": 1641078124.277112, "sensor_value": 16.26, "description": "dry-bulb temperature", "unit": "degC"}, "si7021_373a_02": {"reading_time": 1641078124.277112, "sensor_value": 48.62, "description": "relative humidity", "unit": "%"}}][{"si7021_373a_01": {"reading_time": 1641078154.3382006, "sensor_value": 16.26, "description": "dry-bulb temperature", "unit": "degC"}, "si7021_373a_02": {"reading_time": 1641078154.3382006, "sensor_value": 48.62, "description": "relative humidity", "unit": "%"}}, {"si7021_373a_01": {"reading_time": 1641078184.398119, "sensor_value": 16.26, "description": "dry-bulb temperature", "unit": "degC"}, "si7021_373a_02": {"reading_time": 1641078184.398119, "sensor_value": 48.62, "description": "relative humidity", "unit": "%"}}, {"si7021_373a_01": {"reading_time": 1641078214.4579911, "sensor_value": 16.25, "description": "dry-bulb temperature", "unit": "degC"}, "si7021_373a_02": {"reading_time": 1641078214.4579911, "sensor_value": 48.64, "description": "relative humidity", "unit": "%"}}, {"si7021_373a_01": {"reading_time": 1641078244.5028408, "sensor_value": 16.22, "description": "dry-bulb temperature", "unit": "degC"}, "si7021_373a_02": {"reading_time": 1641078244.5028408, "sensor_value": 48.61, "description": "relative humidity", "unit": "%"}}][{"si7021_373a_01": {"reading_time": 1641078274.5376027, "sensor_value": 16.22, "description": "dry-bulb temperature", "unit": "degC"}, "si7021_373a_02": {"reading_time": 1641078274.5376027, "sensor_value": 48.61, "description": "relative humidity", "unit": "%"}}, {"si7021_373a_01": {"reading_time": 1641078304.5962973, "sensor_value": 16.24, "description": "dry-bulb temperature", "unit": "degC"}, "si7021_373a_02": {"reading_time": 1641078304.5962973, "sensor_value": 48.58, "description": "relative humidity", "unit": "%"}}, {"si7021_373a_01": {"reading_time": 1641078334.6547785, "sensor_value": 16.26, "description": "dry-bulb temperature", "unit": "degC"}, "si7021_373a_02": {"reading_time": 1641078334.6547785, "sensor_value": 48.61, "description": "relative humidity", "unit": "%"}}, {"si7021_373a_01": {"reading_time": 1641078364.718518, "sensor_value": 16.24, "description": "dry-bulb temperature", "unit": "degC"}, "si7021_373a_02": {"reading_time": 1641078364.718518, "sensor_value": 48.6, "description": "relative humidity", "unit": "%"}}][{"si7021_373a_01": {"reading_time": 1641078394.7772825, "sensor_value": 16.26, "description": "dry-bulb temperature", "unit": "degC"}, "si7021_373a_02": {"reading_time": 1641078394.7772825, "sensor_value": 48.6, "description": "relative humidity", "unit": "%"}}, {"si7021_373a_01": {"reading_time": 1641078424.8358338, "sensor_value": 16.22, "description": "dry-bulb temperature", "unit": "degC"}, "si7021_373a_02": {"reading_time": 1641078424.8358338, "sensor_value": 48.61, "description": "relative humidity", "unit": "%"}}, {"si7021_373a_01": {"reading_time": 1641078454.8940797, "sensor_value": 16.25, "description": "dry-bulb temperature", "unit": "degC"}, "si7021_373a_02": {"reading_time": 1641078454.8940797, "sensor_value": 48.59, "description": "relative humidity", "unit": "%"}}, {"si7021_373a_01": {"reading_time": 1641078484.953905, "sensor_value": 16.25, "description": "dry-bulb temperature", "unit": "degC"}, "si7021_373a_02": {"reading_time": 1641078484.953905, "sensor_value": 48.62, "description": "relative humidity", "unit": "%"}}][{"si7021_373a_01": {"reading_time": 1641078514.9872184, "sensor_value": 16.26, "description": "dry-bulb temperature", "unit": "degC"}, "si7021_373a_02": {"reading_time": 1641078514.9872184, "sensor_value": 48.62, "description": "relative humidity", "unit": "%"}}, {"si7021_373a_01": {"reading_time": 1641078545.0465608, "sensor_value": 16.25, "description": "dry-bulb temperature", "unit": "degC"}, "si7021_373a_02": {"reading_time": 1641078545.0465608, "sensor_value": 48.62, "description": "relative humidity", "unit": "%"}}, {"si7021_373a_01": {"reading_time": 1641078575.1056328, "sensor_value": 16.24, "description": "dry-bulb temperature", "unit": "degC"}, "si7021_373a_02": {"reading_time": 1641078575.1056328, "sensor_value": 48.6, "description": "relative humidity", "unit": "%"}}, {"si7021_373a_01": {"reading_time": 1641078605.1646276, "sensor_value": 16.22, "description": "dry-bulb temperature", "unit": "degC"}, "si7021_373a_02": {"reading_time": 1641078605.1646276, "sensor_value": 48.61, "description": "relative humidity", "unit": "%"}}][{"si7021_373a_01": {"reading_time": 1641078635.2179031, "sensor_value": 16.25, "description": "dry-bulb temperature", "unit": "degC"}, "si7021_373a_02": {"reading_time": 1641078635.2179031, "sensor_value": 48.6, "description": "relative humidity", "unit": "%"}}, {"si7021_373a_01": {"reading_time": 1641078665.2771432, "sensor_value": 16.24, "description": "dry-bulb temperature", "unit": "degC"}, "si7021_373a_02": {"reading_time": 1641078665.2771432, "sensor_value": 48.62, "description": "relative humidity", "unit": "%"}}, {"si7021_373a_01": {"reading_time": 1641078695.3413754, "sensor_value": 16.24, "description": "dry-bulb temperature", "unit": "degC"}, "si7021_373a_02": {"reading_time": 1641078695.3413754, "sensor_value": 48.62, "description": "relative humidity", "unit": "%"}}, {"si7021_373a_01": {"reading_time": 1641078725.387302, "sensor_value": 16.25, "description": "dry-bulb temperature", "unit": "degC"}, "si7021_373a_02": {"reading_time": 1641078725.387302, "sensor_value": 48.62, "description": "relative humidity", "unit": "%"}}][{"si7021_373a_01": {"reading_time": 1641078755.4490883, "sensor_value": 16.25, "description": "dry-bulb temperature", "unit": "degC"}, "si7021_373a_02": {"reading_time": 1641078755.4490883, "sensor_value": 48.62, "description": "relative humidity", "unit": "%"}}, {"si7021_373a_01": {"reading_time": 1641078785.5080311, "sensor_value": 16.26, "description": "dry-bulb temperature", "unit": "degC"}, "si7021_373a_02": {"reading_time": 1641078785.5080311, "sensor_value": 48.6, "description": "relative humidity", "unit": "%"}}, {"si7021_373a_01": {"reading_time": 1641078815.5671375, "sensor_value": 16.24, "description": "dry-bulb temperature", "unit": "degC"}, "si7021_373a_02": {"reading_time": 1641078815.5671375, "sensor_value": 48.65, "description": "relative humidity", "unit": "%"}}, {"si7021_373a_01": {"reading_time": 1641078845.59692, "sensor_value": 16.22, "description": "dry-bulb temperature", "unit": "degC"}, "si7021_373a_02": {"reading_time": 1641078845.59692, "sensor_value": 48.64, "description": "relative humidity", "unit": "%"}}][{"si7021_373a_01": {"reading_time": 1641078875.6317348, "sensor_value": 16.25, "description": "dry-bulb temperature", "unit": "degC"}, "si7021_373a_02": {"reading_time": 1641078875.6317348, "sensor_value": 48.62, "description": "relative humidity", "unit": "%"}}, {"si7021_373a_01": {"reading_time": 1641078905.6910107, "sensor_value": 16.24, "description": "dry-bulb temperature", "unit": "degC"}, "si7021_373a_02": {"reading_time": 1641078905.6910107, "sensor_value": 48.62, "description": "relative humidity", "unit": "%"}}, {"si7021_373a_01": {"reading_time": 1641078935.7501864, "sensor_value": 16.25, "description": "dry-bulb temperature", "unit": "degC"}, "si7021_373a_02": {"reading_time": 1641078935.7501864, "sensor_value": 48.63, "description": "relative humidity", "unit": "%"}}, {"si7021_373a_01": {"reading_time": 1641078965.8048487, "sensor_value": 16.24, "description": "dry-bulb temperature", "unit": "degC"}, "si7021_373a_02": {"reading_time": 1641078965.8048487, "sensor_value": 48.62, "description": "relative humidity", "unit": "%"}}][{"si7021_373a_01": {"reading_time": 1641078995.8517294, "sensor_value": 16.25, "description": "dry-bulb temperature", "unit": "degC"}, "si7021_373a_02": {"reading_time": 1641078995.8517294, "sensor_value": 48.63, "description": "relative humidity", "unit": "%"}}, {"si7021_373a_01": {"reading_time": 1641079025.9106536, "sensor_value": 16.21, "description": "dry-bulb temperature", "unit": "degC"}, "si7021_373a_02": {"reading_time": 1641079025.9106536, "sensor_value": 48.64, "description": "relative humidity", "unit": "%"}}, {"si7021_373a_01": {"reading_time": 1641079055.9432776, "sensor_value": 16.22, "description": "dry-bulb temperature", "unit": "degC"}, "si7021_373a_02": {"reading_time": 1641079055.9432776, "sensor_value": 48.65, "description": "relative humidity", "unit": "%"}}, {"si7021_373a_01": {"reading_time": 1641079085.9729002, "sensor_value": 16.22, "description": "dry-bulb temperature", "unit": "degC"}, "si7021_373a_02": {"reading_time": 1641079085.9729002, "sensor_value": 48.64, "description": "relative humidity", "unit": "%"}}][{"si7021_373a_01": {"reading_time": 1641079116.007189, "sensor_value": 16.24, "description": "dry-bulb temperature", "unit": "degC"}, "si7021_373a_02": {"reading_time": 1641079116.007189, "sensor_value": 48.65, "description": "relative humidity", "unit": "%"}}, {"si7021_373a_01": {"reading_time": 1641079146.0668764, "sensor_value": 16.22, "description": "dry-bulb temperature", "unit": "degC"}, "si7021_373a_02": {"reading_time": 1641079146.0668764, "sensor_value": 48.67, "description": "relative humidity", "unit": "%"}}, {"si7021_373a_01": {"reading_time": 1641079176.107334, "sensor_value": 16.21, "description": "dry-bulb temperature", "unit": "degC"}, "si7021_373a_02": {"reading_time": 1641079176.107334, "sensor_value": 48.67, "description": "relative humidity", "unit": "%"}}, {"si7021_373a_01": {"reading_time": 1641079206.159303, "sensor_value": 16.21, "description": "dry-bulb temperature", "unit": "degC"}, "si7021_373a_02": {"reading_time": 1641079206.159303, "sensor_value": 48.67, "description": "relative humidity", "unit": "%"}}][{"si7021_373a_01": {"reading_time": 1641079236.2169201, "sensor_value": 16.22, "description": "dry-bulb temperature", "unit": "degC"}, "si7021_373a_02": {"reading_time": 1641079236.2169201, "sensor_value": 48.67, "description": "relative humidity", "unit": "%"}}, {"si7021_373a_01": {"reading_time": 1641079266.2493668, "sensor_value": 16.21, "description": "dry-bulb temperature", "unit": "degC"}, "si7021_373a_02": {"reading_time": 1641079266.2493668, "sensor_value": 48.7, "description": "relative humidity", "unit": "%"}}, {"si7021_373a_01": {"reading_time": 1641079296.2812433, "sensor_value": 16.22, "description": "dry-bulb temperature", "unit": "degC"}, "si7021_373a_02": {"reading_time": 1641079296.2812433, "sensor_value": 48.71, "description": "relative humidity", "unit": "%"}}, {"si7021_373a_01": {"reading_time": 1641079326.3249943, "sensor_value": 16.21, "description": "dry-bulb temperature", "unit": "degC"}, "si7021_373a_02": {"reading_time": 1641079326.3249943, "sensor_value": 48.69, "description": "relative humidity", "unit": "%"}}][{"si7021_373a_01": {"reading_time": 1641079356.3868194, "sensor_value": 16.22, "description": "dry-bulb temperature", "unit": "degC"}, "si7021_373a_02": {"reading_time": 1641079356.3868194, "sensor_value": 48.71, "description": "relative humidity", "unit": "%"}}, {"si7021_373a_01": {"reading_time": 1641079386.4468708, "sensor_value": 16.21, "description": "dry-bulb temperature", "unit": "degC"}, "si7021_373a_02": {"reading_time": 1641079386.4468708, "sensor_value": 48.69, "description": "relative humidity", "unit": "%"}}, {"si7021_373a_01": {"reading_time": 1641079416.5067828, "sensor_value": 16.24, "description": "dry-bulb temperature", "unit": "degC"}, "si7021_373a_02": {"reading_time": 1641079416.5067828, "sensor_value": 48.72, "description": "relative humidity", "unit": "%"}}, {"si7021_373a_01": {"reading_time": 1641079446.565332, "sensor_value": 16.22, "description": "dry-bulb temperature", "unit": "degC"}, "si7021_373a_02": {"reading_time": 1641079446.565332, "sensor_value": 48.71, "description": "relative humidity", "unit": "%"}}][{"si7021_373a_01": {"reading_time": 1641079476.6224902, "sensor_value": 16.24, "description": "dry-bulb temperature", "unit": "degC"}, "si7021_373a_02": {"reading_time": 1641079476.6224902, "sensor_value": 48.72, "description": "relative humidity", "unit": "%"}}, {"si7021_373a_01": {"reading_time": 1641079506.680924, "sensor_value": 16.22, "description": "dry-bulb temperature", "unit": "degC"}, "si7021_373a_02": {"reading_time": 1641079506.680924, "sensor_value": 48.74, "description": "relative humidity", "unit": "%"}}, {"si7021_373a_01": {"reading_time": 1641079536.739435, "sensor_value": 16.2, "description": "dry-bulb temperature", "unit": "degC"}, "si7021_373a_02": {"reading_time": 1641079536.739435, "sensor_value": 48.76, "description": "relative humidity", "unit": "%"}}, {"si7021_373a_01": {"reading_time": 1641079566.7874534, "sensor_value": 16.21, "description": "dry-bulb temperature", "unit": "degC"}, "si7021_373a_02": {"reading_time": 1641079566.7874534, "sensor_value": 48.75, "description": "relative humidity", "unit": "%"}}][{"si7021_373a_01": {"reading_time": 1641079596.8471804, "sensor_value": 16.24, "description": "dry-bulb temperature", "unit": "degC"}, "si7021_373a_02": {"reading_time": 1641079596.8471804, "sensor_value": 48.75, "description": "relative humidity", "unit": "%"}}, {"si7021_373a_01": {"reading_time": 1641079626.8778577, "sensor_value": 16.22, "description": "dry-bulb temperature", "unit": "degC"}, "si7021_373a_02": {"reading_time": 1641079626.8778577, "sensor_value": 48.75, "description": "relative humidity", "unit": "%"}}, {"si7021_373a_01": {"reading_time": 1641079656.9226775, "sensor_value": 16.22, "description": "dry-bulb temperature", "unit": "degC"}, "si7021_373a_02": {"reading_time": 1641079656.9226775, "sensor_value": 48.75, "description": "relative humidity", "unit": "%"}}, {"si7021_373a_01": {"reading_time": 1641079686.9683104, "sensor_value": 16.21, "description": "dry-bulb temperature", "unit": "degC"}, "si7021_373a_02": {"reading_time": 1641079686.9683104, "sensor_value": 48.78, "description": "relative humidity", "unit": "%"}}][{"si7021_373a_01": {"reading_time": 1641079717.0178263, "sensor_value": 16.22, "description": "dry-bulb temperature", "unit": "degC"}, "si7021_373a_02": {"reading_time": 1641079717.0178263, "sensor_value": 48.78, "description": "relative humidity", "unit": "%"}}, {"si7021_373a_01": {"reading_time": 1641079747.076064, "sensor_value": 16.19, "description": "dry-bulb temperature", "unit": "degC"}, "si7021_373a_02": {"reading_time": 1641079747.076064, "sensor_value": 48.79, "description": "relative humidity", "unit": "%"}}, {"si7021_373a_01": {"reading_time": 1641079777.1172335, "sensor_value": 16.2, "description": "dry-bulb temperature", "unit": "degC"}, "si7021_373a_02": {"reading_time": 1641079777.1172335, "sensor_value": 48.79, "description": "relative humidity", "unit": "%"}}, {"si7021_373a_01": {"reading_time": 1641079807.1593893, "sensor_value": 16.21, "description": "dry-bulb temperature", "unit": "degC"}, "si7021_373a_02": {"reading_time": 1641079807.1593893, "sensor_value": 48.8, "description": "relative humidity", "unit": "%"}}][{"si7021_373a_01": {"reading_time": 1641079837.2206712, "sensor_value": 16.21, "description": "dry-bulb temperature", "unit": "degC"}, "si7021_373a_02": {"reading_time": 1641079837.2206712, "sensor_value": 48.78, "description": "relative humidity", "unit": "%"}}, {"si7021_373a_01": {"reading_time": 1641079867.2745638, "sensor_value": 16.2, "description": "dry-bulb temperature", "unit": "degC"}, "si7021_373a_02": {"reading_time": 1641079867.2745638, "sensor_value": 48.8, "description": "relative humidity", "unit": "%"}}, {"si7021_373a_01": {"reading_time": 1641079897.3254254, "sensor_value": 16.2, "description": "dry-bulb temperature", "unit": "degC"}, "si7021_373a_02": {"reading_time": 1641079897.3254254, "sensor_value": 48.8, "description": "relative humidity", "unit": "%"}}, {"si7021_373a_01": {"reading_time": 1641079927.3745782, "sensor_value": 16.2, "description": "dry-bulb temperature", "unit": "degC"}, "si7021_373a_02": {"reading_time": 1641079927.3745782, "sensor_value": 48.79, "description": "relative humidity", "unit": "%"}}][{"si7021_373a_01": {"reading_time": 1641079957.4271905, "sensor_value": 16.2, "description": "dry-bulb temperature", "unit": "degC"}, "si7021_373a_02": {"reading_time": 1641079957.4271905, "sensor_value": 48.82, "description": "relative humidity", "unit": "%"}}, {"si7021_373a_01": {"reading_time": 1641079987.4862132, "sensor_value": 16.21, "description": "dry-bulb temperature", "unit": "degC"}, "si7021_373a_02": {"reading_time": 1641079987.4862132, "sensor_value": 48.82, "description": "relative humidity", "unit": "%"}}, {"si7021_373a_01": {"reading_time": 1641080017.54549, "sensor_value": 16.24, "description": "dry-bulb temperature", "unit": "degC"}, "si7021_373a_02": {"reading_time": 1641080017.54549, "sensor_value": 48.82, "description": "relative humidity", "unit": "%"}}, {"si7021_373a_01": {"reading_time": 1641080047.5970964, "sensor_value": 16.2, "description": "dry-bulb temperature", "unit": "degC"}, "si7021_373a_02": {"reading_time": 1641080047.5970964, "sensor_value": 48.83, "description": "relative humidity", "unit": "%"}}][{"si7021_373a_01": {"reading_time": 1641080077.6323245, "sensor_value": 16.21, "description": "dry-bulb temperature", "unit": "degC"}, "si7021_373a_02": {"reading_time": 1641080077.6323245, "sensor_value": 48.82, "description": "relative humidity", "unit": "%"}}, {"si7021_373a_01": {"reading_time": 1641080107.691283, "sensor_value": 16.2, "description": "dry-bulb temperature", "unit": "degC"}, "si7021_373a_02": {"reading_time": 1641080107.691283, "sensor_value": 48.83, "description": "relative humidity", "unit": "%"}}, {"si7021_373a_01": {"reading_time": 1641080137.7275443, "sensor_value": 16.19, "description": "dry-bulb temperature", "unit": "degC"}, "si7021_373a_02": {"reading_time": 1641080137.7275443, "sensor_value": 48.86, "description": "relative humidity", "unit": "%"}}, {"si7021_373a_01": {"reading_time": 1641080167.7868848, "sensor_value": 16.2, "description": "dry-bulb temperature", "unit": "degC"}, "si7021_373a_02": {"reading_time": 1641080167.7868848, "sensor_value": 48.84, "description": "relative humidity", "unit": "%"}}][{"si7021_373a_01": {"reading_time": 1641080197.8470354, "sensor_value": 16.21, "description": "dry-bulb temperature", "unit": "degC"}, "si7021_373a_02": {"reading_time": 1641080197.8470354, "sensor_value": 48.84, "description": "relative humidity", "unit": "%"}}, {"si7021_373a_01": {"reading_time": 1641080227.906934, "sensor_value": 16.19, "description": "dry-bulb temperature", "unit": "degC"}, "si7021_373a_02": {"reading_time": 1641080227.906934, "sensor_value": 48.85, "description": "relative humidity", "unit": "%"}}, {"si7021_373a_01": {"reading_time": 1641080257.965991, "sensor_value": 16.19, "description": "dry-bulb temperature", "unit": "degC"}, "si7021_373a_02": {"reading_time": 1641080257.965991, "sensor_value": 48.84, "description": "relative humidity", "unit": "%"}}, {"si7021_373a_01": {"reading_time": 1641080288.0250823, "sensor_value": 16.19, "description": "dry-bulb temperature", "unit": "degC"}, "si7021_373a_02": {"reading_time": 1641080288.0250823, "sensor_value": 48.85, "description": "relative humidity", "unit": "%"}}][{"si7021_373a_01": {"reading_time": 1641080318.0864658, "sensor_value": 16.2, "description": "dry-bulb temperature", "unit": "degC"}, "si7021_373a_02": {"reading_time": 1641080318.0864658, "sensor_value": 48.85, "description": "relative humidity", "unit": "%"}}, {"si7021_373a_01": {"reading_time": 1641080348.1455944, "sensor_value": 16.21, "description": "dry-bulb temperature", "unit": "degC"}, "si7021_373a_02": {"reading_time": 1641080348.1455944, "sensor_value": 48.84, "description": "relative humidity", "unit": "%"}}, {"si7021_373a_01": {"reading_time": 1641080378.204348, "sensor_value": 16.19, "description": "dry-bulb temperature", "unit": "degC"}, "si7021_373a_02": {"reading_time": 1641080378.204348, "sensor_value": 48.84, "description": "relative humidity", "unit": "%"}}, {"si7021_373a_01": {"reading_time": 1641080408.2631729, "sensor_value": 16.2, "description": "dry-bulb temperature", "unit": "degC"}, "si7021_373a_02": {"reading_time": 1641080408.2631729, "sensor_value": 48.84, "description": "relative humidity", "unit": "%"}}][{"si7021_373a_01": {"reading_time": 1641080438.3247974, "sensor_value": 16.19, "description": "dry-bulb temperature", "unit": "degC"}, "si7021_373a_02": {"reading_time": 1641080438.3247974, "sensor_value": 48.84, "description": "relative humidity", "unit": "%"}}, {"si7021_373a_01": {"reading_time": 1641080468.3828688, "sensor_value": 16.21, "description": "dry-bulb temperature", "unit": "degC"}, "si7021_373a_02": {"reading_time": 1641080468.3828688, "sensor_value": 48.84, "description": "relative humidity", "unit": "%"}}, {"si7021_373a_01": {"reading_time": 1641080498.442191, "sensor_value": 16.19, "description": "dry-bulb temperature", "unit": "degC"}, "si7021_373a_02": {"reading_time": 1641080498.442191, "sensor_value": 48.85, "description": "relative humidity", "unit": "%"}}, {"si7021_373a_01": {"reading_time": 1641080528.501291, "sensor_value": 16.2, "description": "dry-bulb temperature", "unit": "degC"}, "si7021_373a_02": {"reading_time": 1641080528.501291, "sensor_value": 48.85, "description": "relative humidity", "unit": "%"}}][{"si7021_373a_01": {"reading_time": 1641080558.56294, "sensor_value": 16.18, "description": "dry-bulb temperature", "unit": "degC"}, "si7021_373a_02": {"reading_time": 1641080558.56294, "sensor_value": 48.85, "description": "relative humidity", "unit": "%"}}, {"si7021_373a_01": {"reading_time": 1641080588.6219203, "sensor_value": 16.2, "description": "dry-bulb temperature", "unit": "degC"}, "si7021_373a_02": {"reading_time": 1641080588.6219203, "sensor_value": 48.82, "description": "relative humidity", "unit": "%"}}, {"si7021_373a_01": {"reading_time": 1641080618.681194, "sensor_value": 16.18, "description": "dry-bulb temperature", "unit": "degC"}, "si7021_373a_02": {"reading_time": 1641080618.681194, "sensor_value": 48.84, "description": "relative humidity", "unit": "%"}}, {"si7021_373a_01": {"reading_time": 1641080648.7404306, "sensor_value": 16.18, "description": "dry-bulb temperature", "unit": "degC"}, "si7021_373a_02": {"reading_time": 1641080648.7404306, "sensor_value": 48.84, "description": "relative humidity", "unit": "%"}}][{"si7021_373a_01": {"reading_time": 1641080678.7872775, "sensor_value": 16.18, "description": "dry-bulb temperature", "unit": "degC"}, "si7021_373a_02": {"reading_time": 1641080678.7872775, "sensor_value": 48.84, "description": "relative humidity", "unit": "%"}}, {"si7021_373a_01": {"reading_time": 1641080708.846498, "sensor_value": 16.18, "description": "dry-bulb temperature", "unit": "degC"}, "si7021_373a_02": {"reading_time": 1641080708.846498, "sensor_value": 48.84, "description": "relative humidity", "unit": "%"}}, {"si7021_373a_01": {"reading_time": 1641080738.8983624, "sensor_value": 16.17, "description": "dry-bulb temperature", "unit": "degC"}, "si7021_373a_02": {"reading_time": 1641080738.8983624, "sensor_value": 48.84, "description": "relative humidity", "unit": "%"}}, {"si7021_373a_01": {"reading_time": 1641080768.9576757, "sensor_value": 16.17, "description": "dry-bulb temperature", "unit": "degC"}, "si7021_373a_02": {"reading_time": 1641080768.9576757, "sensor_value": 48.84, "description": "relative humidity", "unit": "%"}}][{"si7021_373a_01": {"reading_time": 1641080799.019619, "sensor_value": 16.18, "description": "dry-bulb temperature", "unit": "degC"}, "si7021_373a_02": {"reading_time": 1641080799.019619, "sensor_value": 48.84, "description": "relative humidity", "unit": "%"}}, {"si7021_373a_01": {"reading_time": 1641080829.0786262, "sensor_value": 16.17, "description": "dry-bulb temperature", "unit": "degC"}, "si7021_373a_02": {"reading_time": 1641080829.0786262, "sensor_value": 48.85, "description": "relative humidity", "unit": "%"}}, {"si7021_373a_01": {"reading_time": 1641080859.1370485, "sensor_value": 16.14, "description": "dry-bulb temperature", "unit": "degC"}, "si7021_373a_02": {"reading_time": 1641080859.1370485, "sensor_value": 48.84, "description": "relative humidity", "unit": "%"}}, {"si7021_373a_01": {"reading_time": 1641080889.1866684, "sensor_value": 16.13, "description": "dry-bulb temperature", "unit": "degC"}, "si7021_373a_02": {"reading_time": 1641080889.1866684, "sensor_value": 48.84, "description": "relative humidity", "unit": "%"}}][{"si7021_373a_01": {"reading_time": 1641080919.2480516, "sensor_value": 16.14, "description": "dry-bulb temperature", "unit": "degC"}, "si7021_373a_02": {"reading_time": 1641080919.2480516, "sensor_value": 48.82, "description": "relative humidity", "unit": "%"}}, {"si7021_373a_01": {"reading_time": 1641080949.2845736, "sensor_value": 16.15, "description": "dry-bulb temperature", "unit": "degC"}, "si7021_373a_02": {"reading_time": 1641080949.2845736, "sensor_value": 48.85, "description": "relative humidity", "unit": "%"}}, {"si7021_373a_01": {"reading_time": 1641080979.3449771, "sensor_value": 16.14, "description": "dry-bulb temperature", "unit": "degC"}, "si7021_373a_02": {"reading_time": 1641080979.3449771, "sensor_value": 48.84, "description": "relative humidity", "unit": "%"}}, {"si7021_373a_01": {"reading_time": 1641081009.4013371, "sensor_value": 16.14, "description": "dry-bulb temperature", "unit": "degC"}, "si7021_373a_02": {"reading_time": 1641081009.4013371, "sensor_value": 48.88, "description": "relative humidity", "unit": "%"}}][{"si7021_373a_01": {"reading_time": 1641081039.4638405, "sensor_value": 16.13, "description": "dry-bulb temperature", "unit": "degC"}, "si7021_373a_02": {"reading_time": 1641081039.4638405, "sensor_value": 48.87, "description": "relative humidity", "unit": "%"}}, {"si7021_373a_01": {"reading_time": 1641081069.5224252, "sensor_value": 16.13, "description": "dry-bulb temperature", "unit": "degC"}, "si7021_373a_02": {"reading_time": 1641081069.5224252, "sensor_value": 48.87, "description": "relative humidity", "unit": "%"}}, {"si7021_373a_01": {"reading_time": 1641081099.5807946, "sensor_value": 16.14, "description": "dry-bulb temperature", "unit": "degC"}, "si7021_373a_02": {"reading_time": 1641081099.5807946, "sensor_value": 48.87, "description": "relative humidity", "unit": "%"}}, {"si7021_373a_01": {"reading_time": 1641081129.6283011, "sensor_value": 16.13, "description": "dry-bulb temperature", "unit": "degC"}, "si7021_373a_02": {"reading_time": 1641081129.6283011, "sensor_value": 48.87, "description": "relative humidity", "unit": "%"}}][{"si7021_373a_01": {"reading_time": 1641081159.6854968, "sensor_value": 16.14, "description": "dry-bulb temperature", "unit": "degC"}, "si7021_373a_02": {"reading_time": 1641081159.6854968, "sensor_value": 48.87, "description": "relative humidity", "unit": "%"}}, {"si7021_373a_01": {"reading_time": 1641081189.7275476, "sensor_value": 16.12, "description": "dry-bulb temperature", "unit": "degC"}, "si7021_373a_02": {"reading_time": 1641081189.7275476, "sensor_value": 48.86, "description": "relative humidity", "unit": "%"}}, {"si7021_373a_01": {"reading_time": 1641081219.7868664, "sensor_value": 16.12, "description": "dry-bulb temperature", "unit": "degC"}, "si7021_373a_02": {"reading_time": 1641081219.7868664, "sensor_value": 48.86, "description": "relative humidity", "unit": "%"}}, {"si7021_373a_01": {"reading_time": 1641081249.8269267, "sensor_value": 16.12, "description": "dry-bulb temperature", "unit": "degC"}, "si7021_373a_02": {"reading_time": 1641081249.8269267, "sensor_value": 48.85, "description": "relative humidity", "unit": "%"}}][{"si7021_373a_01": {"reading_time": 1641081279.8590374, "sensor_value": 16.12, "description": "dry-bulb temperature", "unit": "degC"}, "si7021_373a_02": {"reading_time": 1641081279.8590374, "sensor_value": 48.85, "description": "relative humidity", "unit": "%"}}, {"si7021_373a_01": {"reading_time": 1641081309.9177315, "sensor_value": 16.12, "description": "dry-bulb temperature", "unit": "degC"}, "si7021_373a_02": {"reading_time": 1641081309.9177315, "sensor_value": 48.86, "description": "relative humidity", "unit": "%"}}, {"si7021_373a_01": {"reading_time": 1641081339.9816096, "sensor_value": 16.1, "description": "dry-bulb temperature", "unit": "degC"}, "si7021_373a_02": {"reading_time": 1641081339.9816096, "sensor_value": 48.84, "description": "relative humidity", "unit": "%"}}, {"si7021_373a_01": {"reading_time": 1641081370.0202281, "sensor_value": 16.13, "description": "dry-bulb temperature", "unit": "degC"}, "si7021_373a_02": {"reading_time": 1641081370.0202281, "sensor_value": 48.83, "description": "relative humidity", "unit": "%"}}][{"si7021_373a_01": {"reading_time": 1641081400.0828962, "sensor_value": 16.11, "description": "dry-bulb temperature", "unit": "degC"}, "si7021_373a_02": {"reading_time": 1641081400.0828962, "sensor_value": 48.84, "description": "relative humidity", "unit": "%"}}, {"si7021_373a_01": {"reading_time": 1641081430.1269133, "sensor_value": 16.11, "description": "dry-bulb temperature", "unit": "degC"}, "si7021_373a_02": {"reading_time": 1641081430.1269133, "sensor_value": 48.85, "description": "relative humidity", "unit": "%"}}, {"si7021_373a_01": {"reading_time": 1641081460.1869342, "sensor_value": 16.12, "description": "dry-bulb temperature", "unit": "degC"}, "si7021_373a_02": {"reading_time": 1641081460.1869342, "sensor_value": 48.84, "description": "relative humidity", "unit": "%"}}, {"si7021_373a_01": {"reading_time": 1641081490.2453728, "sensor_value": 16.11, "description": "dry-bulb temperature", "unit": "degC"}, "si7021_373a_02": {"reading_time": 1641081490.2453728, "sensor_value": 48.84, "description": "relative humidity", "unit": "%"}}]