[{"si7021_373a_01": {"reading_time": 1641106765.1098197, "sensor_value": 15.46, "description": "dry-bulb temperature", "unit": "degC"}, "si7021_373a_02": {"reading_time": 1641106765.1098197, "sensor_value": 46.47, "description": "relative humidity", "unit": "%"}}, {"si7021_373a_01": {"reading_time": 1641106795.1703157, "sensor_value": 15.44, "description": "dry-bulb temperature", "unit": "degC"}, "si7021_373a_02": {"reading_time": 1641106795.1703157, "sensor_value": 46.49, "description": "relative humidity", "unit": "%"}}, {"si7021_373a_01": {"reading_time": 1641106825.2145665, "sensor_value": 15.45, "description": "dry-bulb temperature", "unit": "degC"}, "si7021_373a_02": {"reading_time": 1641106825.2145665, "sensor_value": 46.49, "description": "relative humidity", "unit": "%"}}, {"si7021_373a_01": {"reading_time": 1641106855.2727573, "sensor_value": 15.45, "description": "dry-bulb temperature", "unit": "degC"}, "si7021_373a_02": {"reading_time": 1641106855.2727573, "sensor_value": 46.51, "description": "relative humidity", "unit": "%"}}][{"si7021_373a_01": {"reading_time": 1641106885.3345819, "sensor_value": 15.45, "description": "dry-bulb temperature", "unit": "degC"}, "si7021_373a_02": {"reading_time": 1641106885.3345819, "sensor_value": 46.5, "description": "relative humidity", "unit": "%"}}, {"si7021_373a_01": {"reading_time": 1641106915.3938127, "sensor_value": 15.46, "description": "dry-bulb temperature", "unit": "degC"}, "si7021_373a_02": {"reading_time": 1641106915.3938127, "sensor_value": 46.52, "description": "relative humidity", "unit": "%"}}, {"si7021_373a_01": {"reading_time": 1641106945.4445682, "sensor_value": 15.46, "description": "dry-bulb temperature", "unit": "degC"}, "si7021_373a_02": {"reading_time": 1641106945.4445682, "sensor_value": 46.52, "description": "relative humidity", "unit": "%"}}, {"si7021_373a_01": {"reading_time": 1641106975.5033493, "sensor_value": 15.45, "description": "dry-bulb temperature", "unit": "degC"}, "si7021_373a_02": {"reading_time": 1641106975.5033493, "sensor_value": 46.54, "description": "relative humidity", "unit": "%"}}][{"si7021_373a_01": {"reading_time": 1641107005.5582223, "sensor_value": 15.45, "description": "dry-bulb temperature", "unit": "degC"}, "si7021_373a_02": {"reading_time": 1641107005.5582223, "sensor_value": 46.53, "description": "relative humidity", "unit": "%"}}, {"si7021_373a_01": {"reading_time": 1641107035.6145642, "sensor_value": 15.45, "description": "dry-bulb temperature", "unit": "degC"}, "si7021_373a_02": {"reading_time": 1641107035.6145642, "sensor_value": 46.52, "description": "relative humidity", "unit": "%"}}, {"si7021_373a_01": {"reading_time": 1641107065.6729178, "sensor_value": 15.44, "description": "dry-bulb temperature", "unit": "degC"}, "si7021_373a_02": {"reading_time": 1641107065.6729178, "sensor_value": 46.54, "description": "relative humidity", "unit": "%"}}, {"si7021_373a_01": {"reading_time": 1641107095.7245367, "sensor_value": 15.45, "description": "dry-bulb temperature", "unit": "degC"}, "si7021_373a_02": {"reading_time": 1641107095.7245367, "sensor_value": 46.53, "description": "relative humidity", "unit": "%"}}][{"si7021_373a_01": {"reading_time": 1641107125.7870917, "sensor_value": 15.45, "description": "dry-bulb temperature", "unit": "degC"}, "si7021_373a_02": {"reading_time": 1641107125.7870917, "sensor_value": 46.54, "description": "relative humidity", "unit": "%"}}, {"si7021_373a_01": {"reading_time": 1641107155.845971, "sensor_value": 15.44, "description": "dry-bulb temperature", "unit": "degC"}, "si7021_373a_02": {"reading_time": 1641107155.845971, "sensor_value": 46.56, "description": "relative humidity", "unit": "%"}}, {"si7021_373a_01": {"reading_time": 1641107185.904925, "sensor_value": 15.44, "description": "dry-bulb temperature", "unit": "degC"}, "si7021_373a_02": {"reading_time": 1641107185.904925, "sensor_value": 46.57, "description": "relative humidity", "unit": "%"}}, {"si7021_373a_01": {"reading_time": 1641107215.963882, "sensor_value": 15.44, "description": "dry-bulb temperature", "unit": "degC"}, "si7021_373a_02": {"reading_time": 1641107215.963882, "sensor_value": 46.59, "description": "relative humidity", "unit": "%"}}][{"si7021_373a_01": {"reading_time": 1641107246.0072353, "sensor_value": 15.42, "description": "dry-bulb temperature", "unit": "degC"}, "si7021_373a_02": {"reading_time": 1641107246.0072353, "sensor_value": 46.59, "description": "relative humidity", "unit": "%"}}, {"si7021_373a_01": {"reading_time": 1641107276.0660226, "sensor_value": 15.45, "description": "dry-bulb temperature", "unit": "degC"}, "si7021_373a_02": {"reading_time": 1641107276.0660226, "sensor_value": 46.59, "description": "relative humidity", "unit": "%"}}, {"si7021_373a_01": {"reading_time": 1641107306.1252792, "sensor_value": 15.44, "description": "dry-bulb temperature", "unit": "degC"}, "si7021_373a_02": {"reading_time": 1641107306.1252792, "sensor_value": 46.59, "description": "relative humidity", "unit": "%"}}, {"si7021_373a_01": {"reading_time": 1641107336.184362, "sensor_value": 15.44, "description": "dry-bulb temperature", "unit": "degC"}, "si7021_373a_02": {"reading_time": 1641107336.184362, "sensor_value": 46.6, "description": "relative humidity", "unit": "%"}}][{"si7021_373a_01": {"reading_time": 1641107366.2171948, "sensor_value": 15.44, "description": "dry-bulb temperature", "unit": "degC"}, "si7021_373a_02": {"reading_time": 1641107366.2171948, "sensor_value": 46.6, "description": "relative humidity", "unit": "%"}}, {"si7021_373a_01": {"reading_time": 1641107396.248133, "sensor_value": 15.45, "description": "dry-bulb temperature", "unit": "degC"}, "si7021_373a_02": {"reading_time": 1641107396.248133, "sensor_value": 46.59, "description": "relative humidity", "unit": "%"}}, {"si7021_373a_01": {"reading_time": 1641107426.3067427, "sensor_value": 15.45, "description": "dry-bulb temperature", "unit": "degC"}, "si7021_373a_02": {"reading_time": 1641107426.3067427, "sensor_value": 46.59, "description": "relative humidity", "unit": "%"}}, {"si7021_373a_01": {"reading_time": 1641107456.365362, "sensor_value": 15.45, "description": "dry-bulb temperature", "unit": "degC"}, "si7021_373a_02": {"reading_time": 1641107456.365362, "sensor_value": 46.62, "description": "relative humidity", "unit": "%"}}][{"si7021_373a_01": {"reading_time": 1641107486.4263797, "sensor_value": 15.44, "description": "dry-bulb temperature", "unit": "degC"}, "si7021_373a_02": {"reading_time": 1641107486.4263797, "sensor_value": 46.62, "description": "relative humidity", "unit": "%"}}, {"si7021_373a_01": {"reading_time": 1641107516.46457, "sensor_value": 15.45, "description": "dry-bulb temperature", "unit": "degC"}, "si7021_373a_02": {"reading_time": 1641107516.46457, "sensor_value": 46.61, "description": "relative humidity", "unit": "%"}}, {"si7021_373a_01": {"reading_time": 1641107546.5145543, "sensor_value": 15.45, "description": "dry-bulb temperature", "unit": "degC"}, "si7021_373a_02": {"reading_time": 1641107546.5145543, "sensor_value": 46.64, "description": "relative humidity", "unit": "%"}}, {"si7021_373a_01": {"reading_time": 1641107576.572891, "sensor_value": 15.43, "description": "dry-bulb temperature", "unit": "degC"}, "si7021_373a_02": {"reading_time": 1641107576.572891, "sensor_value": 46.65, "description": "relative humidity", "unit": "%"}}][{"si7021_373a_01": {"reading_time": 1641107606.6346235, "sensor_value": 15.42, "description": "dry-bulb temperature", "unit": "degC"}, "si7021_373a_02": {"reading_time": 1641107606.6346235, "sensor_value": 46.64, "description": "relative humidity", "unit": "%"}}, {"si7021_373a_01": {"reading_time": 1641107636.669656, "sensor_value": 15.45, "description": "dry-bulb temperature", "unit": "degC"}, "si7021_373a_02": {"reading_time": 1641107636.669656, "sensor_value": 46.64, "description": "relative humidity", "unit": "%"}}, {"si7021_373a_01": {"reading_time": 1641107666.728798, "sensor_value": 15.44, "description": "dry-bulb temperature", "unit": "degC"}, "si7021_373a_02": {"reading_time": 1641107666.728798, "sensor_value": 46.65, "description": "relative humidity", "unit": "%"}}, {"si7021_373a_01": {"reading_time": 1641107696.7878726, "sensor_value": 15.43, "description": "dry-bulb temperature", "unit": "degC"}, "si7021_373a_02": {"reading_time": 1641107696.7878726, "sensor_value": 46.68, "description": "relative humidity", "unit": "%"}}][{"si7021_373a_01": {"reading_time": 1641107726.8493648, "sensor_value": 15.44, "description": "dry-bulb temperature", "unit": "degC"}, "si7021_373a_02": {"reading_time": 1641107726.8493648, "sensor_value": 46.66, "description": "relative humidity", "unit": "%"}}, {"si7021_373a_01": {"reading_time": 1641107756.9090528, "sensor_value": 15.43, "description": "dry-bulb temperature", "unit": "degC"}, "si7021_373a_02": {"reading_time": 1641107756.9090528, "sensor_value": 46.68, "description": "relative humidity", "unit": "%"}}, {"si7021_373a_01": {"reading_time": 1641107786.9645689, "sensor_value": 15.44, "description": "dry-bulb temperature", "unit": "degC"}, "si7021_373a_02": {"reading_time": 1641107786.9645689, "sensor_value": 46.67, "description": "relative humidity", "unit": "%"}}, {"si7021_373a_01": {"reading_time": 1641107817.004577, "sensor_value": 15.45, "description": "dry-bulb temperature", "unit": "degC"}, "si7021_373a_02": {"reading_time": 1641107817.004577, "sensor_value": 46.68, "description": "relative humidity", "unit": "%"}}][{"si7021_373a_01": {"reading_time": 1641107847.0666416, "sensor_value": 15.43, "description": "dry-bulb temperature", "unit": "degC"}, "si7021_373a_02": {"reading_time": 1641107847.0666416, "sensor_value": 46.66, "description": "relative humidity", "unit": "%"}}, {"si7021_373a_01": {"reading_time": 1641107877.1256661, "sensor_value": 15.45, "description": "dry-bulb temperature", "unit": "degC"}, "si7021_373a_02": {"reading_time": 1641107877.1256661, "sensor_value": 46.68, "description": "relative humidity", "unit": "%"}}, {"si7021_373a_01": {"reading_time": 1641107907.1855755, "sensor_value": 15.45, "description": "dry-bulb temperature", "unit": "degC"}, "si7021_373a_02": {"reading_time": 1641107907.1855755, "sensor_value": 46.68, "description": "relative humidity", "unit": "%"}}, {"si7021_373a_01": {"reading_time": 1641107937.2492425, "sensor_value": 15.44, "description": "dry-bulb temperature", "unit": "degC"}, "si7021_373a_02": {"reading_time": 1641107937.2492425, "sensor_value": 46.71, "description": "relative humidity", "unit": "%"}}][{"si7021_373a_01": {"reading_time": 1641107967.2938592, "sensor_value": 15.43, "description": "dry-bulb temperature", "unit": "degC"}, "si7021_373a_02": {"reading_time": 1641107967.2938592, "sensor_value": 46.69, "description": "relative humidity", "unit": "%"}}, {"si7021_373a_01": {"reading_time": 1641107997.339919, "sensor_value": 15.43, "description": "dry-bulb temperature", "unit": "degC"}, "si7021_373a_02": {"reading_time": 1641107997.339919, "sensor_value": 46.72, "description": "relative humidity", "unit": "%"}}, {"si7021_373a_01": {"reading_time": 1641108027.3840802, "sensor_value": 15.45, "description": "dry-bulb temperature", "unit": "degC"}, "si7021_373a_02": {"reading_time": 1641108027.3840802, "sensor_value": 46.7, "description": "relative humidity", "unit": "%"}}, {"si7021_373a_01": {"reading_time": 1641108057.4345846, "sensor_value": 15.44, "description": "dry-bulb temperature", "unit": "degC"}, "si7021_373a_02": {"reading_time": 1641108057.4345846, "sensor_value": 46.71, "description": "relative humidity", "unit": "%"}}][{"si7021_373a_01": {"reading_time": 1641108087.4971404, "sensor_value": 15.44, "description": "dry-bulb temperature", "unit": "degC"}, "si7021_373a_02": {"reading_time": 1641108087.4971404, "sensor_value": 46.71, "description": "relative humidity", "unit": "%"}}, {"si7021_373a_01": {"reading_time": 1641108117.5545728, "sensor_value": 15.43, "description": "dry-bulb temperature", "unit": "degC"}, "si7021_373a_02": {"reading_time": 1641108117.5545728, "sensor_value": 46.72, "description": "relative humidity", "unit": "%"}}, {"si7021_373a_01": {"reading_time": 1641108147.6092513, "sensor_value": 15.45, "description": "dry-bulb temperature", "unit": "degC"}, "si7021_373a_02": {"reading_time": 1641108147.6092513, "sensor_value": 46.72, "description": "relative humidity", "unit": "%"}}, {"si7021_373a_01": {"reading_time": 1641108177.6474307, "sensor_value": 15.44, "description": "dry-bulb temperature", "unit": "degC"}, "si7021_373a_02": {"reading_time": 1641108177.6474307, "sensor_value": 46.72, "description": "relative humidity", "unit": "%"}}][{"si7021_373a_01": {"reading_time": 1641108207.7072735, "sensor_value": 15.44, "description": "dry-bulb temperature", "unit": "degC"}, "si7021_373a_02": {"reading_time": 1641108207.7072735, "sensor_value": 46.73, "description": "relative humidity", "unit": "%"}}, {"si7021_373a_01": {"reading_time": 1641108237.764589, "sensor_value": 15.43, "description": "dry-bulb temperature", "unit": "degC"}, "si7021_373a_02": {"reading_time": 1641108237.764589, "sensor_value": 46.72, "description": "relative humidity", "unit": "%"}}, {"si7021_373a_01": {"reading_time": 1641108267.8244727, "sensor_value": 15.42, "description": "dry-bulb temperature", "unit": "degC"}, "si7021_373a_02": {"reading_time": 1641108267.8244727, "sensor_value": 46.73, "description": "relative humidity", "unit": "%"}}, {"si7021_373a_01": {"reading_time": 1641108297.883354, "sensor_value": 15.41, "description": "dry-bulb temperature", "unit": "degC"}, "si7021_373a_02": {"reading_time": 1641108297.883354, "sensor_value": 46.73, "description": "relative humidity", "unit": "%"}}][{"si7021_373a_01": {"reading_time": 1641108327.944129, "sensor_value": 15.45, "description": "dry-bulb temperature", "unit": "degC"}, "si7021_373a_02": {"reading_time": 1641108327.944129, "sensor_value": 46.73, "description": "relative humidity", "unit": "%"}}, {"si7021_373a_01": {"reading_time": 1641108358.0026107, "sensor_value": 15.46, "description": "dry-bulb temperature", "unit": "degC"}, "si7021_373a_02": {"reading_time": 1641108358.0026107, "sensor_value": 46.73, "description": "relative humidity", "unit": "%"}}, {"si7021_373a_01": {"reading_time": 1641108388.0618079, "sensor_value": 15.42, "description": "dry-bulb temperature", "unit": "degC"}, "si7021_373a_02": {"reading_time": 1641108388.0618079, "sensor_value": 46.75, "description": "relative humidity", "unit": "%"}}, {"si7021_373a_01": {"reading_time": 1641108418.1203272, "sensor_value": 15.44, "description": "dry-bulb temperature", "unit": "degC"}, "si7021_373a_02": {"reading_time": 1641108418.1203272, "sensor_value": 46.73, "description": "relative humidity", "unit": "%"}}][{"si7021_373a_01": {"reading_time": 1641108448.181446, "sensor_value": 15.41, "description": "dry-bulb temperature", "unit": "degC"}, "si7021_373a_02": {"reading_time": 1641108448.181446, "sensor_value": 46.75, "description": "relative humidity", "unit": "%"}}, {"si7021_373a_01": {"reading_time": 1641108478.2401483, "sensor_value": 15.43, "description": "dry-bulb temperature", "unit": "degC"}, "si7021_373a_02": {"reading_time": 1641108478.2401483, "sensor_value": 46.75, "description": "relative humidity", "unit": "%"}}, {"si7021_373a_01": {"reading_time": 1641108508.2710247, "sensor_value": 15.44, "description": "dry-bulb temperature", "unit": "degC"}, "si7021_373a_02": {"reading_time": 1641108508.2710247, "sensor_value": 46.76, "description": "relative humidity", "unit": "%"}}, {"si7021_373a_01": {"reading_time": 1641108538.3299203, "sensor_value": 15.44, "description": "dry-bulb temperature", "unit": "degC"}, "si7021_373a_02": {"reading_time": 1641108538.3299203, "sensor_value": 46.74, "description": "relative humidity", "unit": "%"}}][{"si7021_373a_01": {"reading_time": 1641108568.3910382, "sensor_value": 15.44, "description": "dry-bulb temperature", "unit": "degC"}, "si7021_373a_02": {"reading_time": 1641108568.3910382, "sensor_value": 46.75, "description": "relative humidity", "unit": "%"}}, {"si7021_373a_01": {"reading_time": 1641108598.4296317, "sensor_value": 15.43, "description": "dry-bulb temperature", "unit": "degC"}, "si7021_373a_02": {"reading_time": 1641108598.4296317, "sensor_value": 46.75, "description": "relative humidity", "unit": "%"}}, {"si7021_373a_01": {"reading_time": 1641108628.4880407, "sensor_value": 15.43, "description": "dry-bulb temperature", "unit": "degC"}, "si7021_373a_02": {"reading_time": 1641108628.4880407, "sensor_value": 46.73, "description": "relative humidity", "unit": "%"}}, {"si7021_373a_01": {"reading_time": 1641108658.5409389, "sensor_value": 15.45, "description": "dry-bulb temperature", "unit": "degC"}, "si7021_373a_02": {"reading_time": 1641108658.5409389, "sensor_value": 46.73, "description": "relative humidity", "unit": "%"}}][{"si7021_373a_01": {"reading_time": 1641108688.6026316, "sensor_value": 15.42, "description": "dry-bulb temperature", "unit": "degC"}, "si7021_373a_02": {"reading_time": 1641108688.6026316, "sensor_value": 46.74, "description": "relative humidity", "unit": "%"}}, {"si7021_373a_01": {"reading_time": 1641108718.6612408, "sensor_value": 15.42, "description": "dry-bulb temperature", "unit": "degC"}, "si7021_373a_02": {"reading_time": 1641108718.6612408, "sensor_value": 46.75, "description": "relative humidity", "unit": "%"}}, {"si7021_373a_01": {"reading_time": 1641108748.7197669, "sensor_value": 15.43, "description": "dry-bulb temperature", "unit": "degC"}, "si7021_373a_02": {"reading_time": 1641108748.7197669, "sensor_value": 46.75, "description": "relative humidity", "unit": "%"}}, {"si7021_373a_01": {"reading_time": 1641108778.7717826, "sensor_value": 15.42, "description": "dry-bulb temperature", "unit": "degC"}, "si7021_373a_02": {"reading_time": 1641108778.7717826, "sensor_value": 46.74, "description": "relative humidity", "unit": "%"}}][{"si7021_373a_01": {"reading_time": 1641108808.8328376, "sensor_value": 15.44, "description": "dry-bulb temperature", "unit": "degC"}, "si7021_373a_02": {"reading_time": 1641108808.8328376, "sensor_value": 46.74, "description": "relative humidity", "unit": "%"}}, {"si7021_373a_01": {"reading_time": 1641108838.87922, "sensor_value": 15.43, "description": "dry-bulb temperature", "unit": "degC"}, "si7021_373a_02": {"reading_time": 1641108838.87922, "sensor_value": 46.75, "description": "relative humidity", "unit": "%"}}, {"si7021_373a_01": {"reading_time": 1641108868.9117937, "sensor_value": 15.43, "description": "dry-bulb temperature", "unit": "degC"}, "si7021_373a_02": {"reading_time": 1641108868.9117937, "sensor_value": 46.75, "description": "relative humidity", "unit": "%"}}, {"si7021_373a_01": {"reading_time": 1641108898.9645758, "sensor_value": 15.42, "description": "dry-bulb temperature", "unit": "degC"}, "si7021_373a_02": {"reading_time": 1641108898.9645758, "sensor_value": 46.75, "description": "relative humidity", "unit": "%"}}][{"si7021_373a_01": {"reading_time": 1641108929.026015, "sensor_value": 15.44, "description": "dry-bulb temperature", "unit": "degC"}, "si7021_373a_02": {"reading_time": 1641108929.026015, "sensor_value": 46.75, "description": "relative humidity", "unit": "%"}}, {"si7021_373a_01": {"reading_time": 1641108959.0849254, "sensor_value": 15.41, "description": "dry-bulb temperature", "unit": "degC"}, "si7021_373a_02": {"reading_time": 1641108959.0849254, "sensor_value": 46.77, "description": "relative humidity", "unit": "%"}}, {"si7021_373a_01": {"reading_time": 1641108989.1481097, "sensor_value": 15.43, "description": "dry-bulb temperature", "unit": "degC"}, "si7021_373a_02": {"reading_time": 1641108989.1481097, "sensor_value": 46.75, "description": "relative humidity", "unit": "%"}}, {"si7021_373a_01": {"reading_time": 1641109019.204576, "sensor_value": 15.43, "description": "dry-bulb temperature", "unit": "degC"}, "si7021_373a_02": {"reading_time": 1641109019.204576, "sensor_value": 46.76, "description": "relative humidity", "unit": "%"}}][{"si7021_373a_01": {"reading_time": 1641109049.2471604, "sensor_value": 15.42, "description": "dry-bulb temperature", "unit": "degC"}, "si7021_373a_02": {"reading_time": 1641109049.2471604, "sensor_value": 46.77, "description": "relative humidity", "unit": "%"}}, {"si7021_373a_01": {"reading_time": 1641109079.3059464, "sensor_value": 15.44, "description": "dry-bulb temperature", "unit": "degC"}, "si7021_373a_02": {"reading_time": 1641109079.3059464, "sensor_value": 46.78, "description": "relative humidity", "unit": "%"}}, {"si7021_373a_01": {"reading_time": 1641109109.3690128, "sensor_value": 15.43, "description": "dry-bulb temperature", "unit": "degC"}, "si7021_373a_02": {"reading_time": 1641109109.3690128, "sensor_value": 46.76, "description": "relative humidity", "unit": "%"}}, {"si7021_373a_01": {"reading_time": 1641109139.4238734, "sensor_value": 15.41, "description": "dry-bulb temperature", "unit": "degC"}, "si7021_373a_02": {"reading_time": 1641109139.4238734, "sensor_value": 46.76, "description": "relative humidity", "unit": "%"}}][{"si7021_373a_01": {"reading_time": 1641109169.4857306, "sensor_value": 15.43, "description": "dry-bulb temperature", "unit": "degC"}, "si7021_373a_02": {"reading_time": 1641109169.4857306, "sensor_value": 46.78, "description": "relative humidity", "unit": "%"}}, {"si7021_373a_01": {"reading_time": 1641109199.5446339, "sensor_value": 15.41, "description": "dry-bulb temperature", "unit": "degC"}, "si7021_373a_02": {"reading_time": 1641109199.5446339, "sensor_value": 46.78, "description": "relative humidity", "unit": "%"}}, {"si7021_373a_01": {"reading_time": 1641109229.603332, "sensor_value": 15.43, "description": "dry-bulb temperature", "unit": "degC"}, "si7021_373a_02": {"reading_time": 1641109229.603332, "sensor_value": 46.77, "description": "relative humidity", "unit": "%"}}, {"si7021_373a_01": {"reading_time": 1641109259.6445737, "sensor_value": 15.41, "description": "dry-bulb temperature", "unit": "degC"}, "si7021_373a_02": {"reading_time": 1641109259.6445737, "sensor_value": 46.79, "description": "relative humidity", "unit": "%"}}][{"si7021_373a_01": {"reading_time": 1641109289.7063515, "sensor_value": 15.44, "description": "dry-bulb temperature", "unit": "degC"}, "si7021_373a_02": {"reading_time": 1641109289.7063515, "sensor_value": 46.78, "description": "relative humidity", "unit": "%"}}, {"si7021_373a_01": {"reading_time": 1641109319.7645733, "sensor_value": 15.44, "description": "dry-bulb temperature", "unit": "degC"}, "si7021_373a_02": {"reading_time": 1641109319.7645733, "sensor_value": 46.77, "description": "relative humidity", "unit": "%"}}, {"si7021_373a_01": {"reading_time": 1641109349.8209226, "sensor_value": 15.42, "description": "dry-bulb temperature", "unit": "degC"}, "si7021_373a_02": {"reading_time": 1641109349.8209226, "sensor_value": 46.75, "description": "relative humidity", "unit": "%"}}, {"si7021_373a_01": {"reading_time": 1641109379.8612392, "sensor_value": 15.41, "description": "dry-bulb temperature", "unit": "degC"}, "si7021_373a_02": {"reading_time": 1641109379.8612392, "sensor_value": 46.76, "description": "relative humidity", "unit": "%"}}][{"si7021_373a_01": {"reading_time": 1641109409.9228547, "sensor_value": 15.41, "description": "dry-bulb temperature", "unit": "degC"}, "si7021_373a_02": {"reading_time": 1641109409.9228547, "sensor_value": 46.76, "description": "relative humidity", "unit": "%"}}, {"si7021_373a_01": {"reading_time": 1641109439.9645665, "sensor_value": 15.42, "description": "dry-bulb temperature", "unit": "degC"}, "si7021_373a_02": {"reading_time": 1641109439.9645665, "sensor_value": 46.75, "description": "relative humidity", "unit": "%"}}, {"si7021_373a_01": {"reading_time": 1641109470.0236273, "sensor_value": 15.41, "description": "dry-bulb temperature", "unit": "degC"}, "si7021_373a_02": {"reading_time": 1641109470.0236273, "sensor_value": 46.78, "description": "relative humidity", "unit": "%"}}, {"si7021_373a_01": {"reading_time": 1641109500.0763612, "sensor_value": 15.42, "description": "dry-bulb temperature", "unit": "degC"}, "si7021_373a_02": {"reading_time": 1641109500.0763612, "sensor_value": 46.77, "description": "relative humidity", "unit": "%"}}][{"si7021_373a_01": {"reading_time": 1641109530.1371784, "sensor_value": 15.42, "description": "dry-bulb temperature", "unit": "degC"}, "si7021_373a_02": {"reading_time": 1641109530.1371784, "sensor_value": 46.77, "description": "relative humidity", "unit": "%"}}, {"si7021_373a_01": {"reading_time": 1641109560.1959286, "sensor_value": 15.41, "description": "dry-bulb temperature", "unit": "degC"}, "si7021_373a_02": {"reading_time": 1641109560.1959286, "sensor_value": 46.76, "description": "relative humidity", "unit": "%"}}, {"si7021_373a_01": {"reading_time": 1641109590.254714, "sensor_value": 15.41, "description": "dry-bulb temperature", "unit": "degC"}, "si7021_373a_02": {"reading_time": 1641109590.254714, "sensor_value": 46.75, "description": "relative humidity", "unit": "%"}}, {"si7021_373a_01": {"reading_time": 1641109620.313004, "sensor_value": 15.42, "description": "dry-bulb temperature", "unit": "degC"}, "si7021_373a_02": {"reading_time": 1641109620.313004, "sensor_value": 46.76, "description": "relative humidity", "unit": "%"}}][{"si7021_373a_01": {"reading_time": 1641109650.3747191, "sensor_value": 15.42, "description": "dry-bulb temperature", "unit": "degC"}, "si7021_373a_02": {"reading_time": 1641109650.3747191, "sensor_value": 46.75, "description": "relative humidity", "unit": "%"}}, {"si7021_373a_01": {"reading_time": 1641109680.4336307, "sensor_value": 15.42, "description": "dry-bulb temperature", "unit": "degC"}, "si7021_373a_02": {"reading_time": 1641109680.4336307, "sensor_value": 46.76, "description": "relative humidity", "unit": "%"}}, {"si7021_373a_01": {"reading_time": 1641109710.4645731, "sensor_value": 15.41, "description": "dry-bulb temperature", "unit": "degC"}, "si7021_373a_02": {"reading_time": 1641109710.4645731, "sensor_value": 46.75, "description": "relative humidity", "unit": "%"}}, {"si7021_373a_01": {"reading_time": 1641109740.5249045, "sensor_value": 15.41, "description": "dry-bulb temperature", "unit": "degC"}, "si7021_373a_02": {"reading_time": 1641109740.5249045, "sensor_value": 46.76, "description": "relative humidity", "unit": "%"}}][{"si7021_373a_01": {"reading_time": 1641109770.5863533, "sensor_value": 15.41, "description": "dry-bulb temperature", "unit": "degC"}, "si7021_373a_02": {"reading_time": 1641109770.5863533, "sensor_value": 46.76, "description": "relative humidity", "unit": "%"}}, {"si7021_373a_01": {"reading_time": 1641109800.645673, "sensor_value": 15.41, "description": "dry-bulb temperature", "unit": "degC"}, "si7021_373a_02": {"reading_time": 1641109800.645673, "sensor_value": 46.78, "description": "relative humidity", "unit": "%"}}, {"si7021_373a_01": {"reading_time": 1641109830.676277, "sensor_value": 15.42, "description": "dry-bulb temperature", "unit": "degC"}, "si7021_373a_02": {"reading_time": 1641109830.676277, "sensor_value": 46.75, "description": "relative humidity", "unit": "%"}}, {"si7021_373a_01": {"reading_time": 1641109860.715293, "sensor_value": 15.42, "description": "dry-bulb temperature", "unit": "degC"}, "si7021_373a_02": {"reading_time": 1641109860.715293, "sensor_value": 46.77, "description": "relative humidity", "unit": "%"}}][{"si7021_373a_01": {"reading_time": 1641109890.749692, "sensor_value": 15.4, "description": "dry-bulb temperature", "unit": "degC"}, "si7021_373a_02": {"reading_time": 1641109890.749692, "sensor_value": 46.75, "description": "relative humidity", "unit": "%"}}, {"si7021_373a_01": {"reading_time": 1641109920.8091977, "sensor_value": 15.41, "description": "dry-bulb temperature", "unit": "degC"}, "si7021_373a_02": {"reading_time": 1641109920.8091977, "sensor_value": 46.77, "description": "relative humidity", "unit": "%"}}, {"si7021_373a_01": {"reading_time": 1641109950.8680315, "sensor_value": 15.42, "description": "dry-bulb temperature", "unit": "degC"}, "si7021_373a_02": {"reading_time": 1641109950.8680315, "sensor_value": 46.76, "description": "relative humidity", "unit": "%"}}, {"si7021_373a_01": {"reading_time": 1641109980.9268126, "sensor_value": 15.41, "description": "dry-bulb temperature", "unit": "degC"}, "si7021_373a_02": {"reading_time": 1641109980.9268126, "sensor_value": 46.75, "description": "relative humidity", "unit": "%"}}][{"si7021_373a_01": {"reading_time": 1641110010.9657052, "sensor_value": 15.41, "description": "dry-bulb temperature", "unit": "degC"}, "si7021_373a_02": {"reading_time": 1641110010.9657052, "sensor_value": 46.77, "description": "relative humidity", "unit": "%"}}, {"si7021_373a_01": {"reading_time": 1641110041.0272598, "sensor_value": 15.41, "description": "dry-bulb temperature", "unit": "degC"}, "si7021_373a_02": {"reading_time": 1641110041.0272598, "sensor_value": 46.78, "description": "relative humidity", "unit": "%"}}, {"si7021_373a_01": {"reading_time": 1641110071.085704, "sensor_value": 15.42, "description": "dry-bulb temperature", "unit": "degC"}, "si7021_373a_02": {"reading_time": 1641110071.085704, "sensor_value": 46.75, "description": "relative humidity", "unit": "%"}}, {"si7021_373a_01": {"reading_time": 1641110101.1443384, "sensor_value": 15.44, "description": "dry-bulb temperature", "unit": "degC"}, "si7021_373a_02": {"reading_time": 1641110101.1443384, "sensor_value": 46.76, "description": "relative humidity", "unit": "%"}}][{"si7021_373a_01": {"reading_time": 1641110131.2062776, "sensor_value": 15.4, "description": "dry-bulb temperature", "unit": "degC"}, "si7021_373a_02": {"reading_time": 1641110131.2062776, "sensor_value": 46.75, "description": "relative humidity", "unit": "%"}}, {"si7021_373a_01": {"reading_time": 1641110161.2654288, "sensor_value": 15.41, "description": "dry-bulb temperature", "unit": "degC"}, "si7021_373a_02": {"reading_time": 1641110161.2654288, "sensor_value": 46.74, "description": "relative humidity", "unit": "%"}}, {"si7021_373a_01": {"reading_time": 1641110191.325179, "sensor_value": 15.42, "description": "dry-bulb temperature", "unit": "degC"}, "si7021_373a_02": {"reading_time": 1641110191.325179, "sensor_value": 46.73, "description": "relative humidity", "unit": "%"}}, {"si7021_373a_01": {"reading_time": 1641110221.366235, "sensor_value": 15.42, "description": "dry-bulb temperature", "unit": "degC"}, "si7021_373a_02": {"reading_time": 1641110221.366235, "sensor_value": 46.74, "description": "relative humidity", "unit": "%"}}][{"si7021_373a_01": {"reading_time": 1641110251.4122655, "sensor_value": 15.43, "description": "dry-bulb temperature", "unit": "degC"}, "si7021_373a_02": {"reading_time": 1641110251.4122655, "sensor_value": 46.73, "description": "relative humidity", "unit": "%"}}, {"si7021_373a_01": {"reading_time": 1641110281.456578, "sensor_value": 15.41, "description": "dry-bulb temperature", "unit": "degC"}, "si7021_373a_02": {"reading_time": 1641110281.456578, "sensor_value": 46.75, "description": "relative humidity", "unit": "%"}}, {"si7021_373a_01": {"reading_time": 1641110311.5162885, "sensor_value": 15.4, "description": "dry-bulb temperature", "unit": "degC"}, "si7021_373a_02": {"reading_time": 1641110311.5162885, "sensor_value": 46.72, "description": "relative humidity", "unit": "%"}}, {"si7021_373a_01": {"reading_time": 1641110341.5745666, "sensor_value": 15.43, "description": "dry-bulb temperature", "unit": "degC"}, "si7021_373a_02": {"reading_time": 1641110341.5745666, "sensor_value": 46.72, "description": "relative humidity", "unit": "%"}}]