[{"si7021_373a_01": {"reading_time": 1641031152.1980035, "sensor_value": 15.76, "description": "dry-bulb temperature", "unit": "degC"}, "si7021_373a_02": {"reading_time": 1641031152.1980035, "sensor_value": 52.43, "description": "relative humidity", "unit": "%"}}, {"si7021_373a_01": {"reading_time": 1641031182.2579715, "sensor_value": 15.77, "description": "dry-bulb temperature", "unit": "degC"}, "si7021_373a_02": {"reading_time": 1641031182.2579715, "sensor_value": 52.44, "description": "relative humidity", "unit": "%"}}, {"si7021_373a_01": {"reading_time": 1641031212.3171911, "sensor_value": 15.77, "description": "dry-bulb temperature", "unit": "degC"}, "si7021_373a_02": {"reading_time": 1641031212.3171911, "sensor_value": 52.47, "description": "relative humidity", "unit": "%"}}, {"si7021_373a_01": {"reading_time": 1641031242.375515, "sensor_value": 15.78, "description": "dry-bulb temperature", "unit": "degC"}, "si7021_373a_02": {"reading_time": 1641031242.375515, "sensor_value": 52.44, "description": "relative humidity", "unit": "%"}}][{"si7021_373a_01": {"reading_time": 1641031272.436943, "sensor_value": 15.76, "description": "dry-bulb temperature", "unit": "degC"}, "si7021_373a_02": {"reading_time": 1641031272.436943, "sensor_value": 52.44, "description": "relative humidity", "unit": "%"}}, {"si7021_373a_01": {"reading_time": 1641031302.4961872, "sensor_value": 15.77, "description": "dry-bulb temperature", "unit": "degC"}, "si7021_373a_02": {"reading_time": 1641031302.4961872, "sensor_value": 52.43, "description": "relative humidity", "unit": "%"}}, {"si7021_373a_01": {"reading_time": 1641031332.5537863, "sensor_value": 15.77, "description": "dry-bulb temperature", "unit": "degC"}, "si7021_373a_02": {"reading_time": 1641031332.5537863, "sensor_value": 52.41, "description": "relative humidity", "unit": "%"}}, {"si7021_373a_01": {"reading_time": 1641031362.613742, "sensor_value": 15.77, "description": "dry-bulb temperature", "unit": "degC"}, "si7021_373a_02": {"reading_time": 1641031362.613742, "sensor_value": 52.41, "description": "relative humidity", "unit": "%"}}][{"si7021_373a_01": {"reading_time": 1641031392.6746504, "sensor_value": 15.75, "description": "dry-bulb temperature", "unit": "degC"}, "si7021_373a_02": {"reading_time": 1641031392.6746504, "sensor_value": 52.41, "description": "relative humidity", "unit": "%"}}, {"si7021_373a_01": {"reading_time": 1641031422.716029, "sensor_value": 15.77, "description": "dry-bulb temperature", "unit": "degC"}, "si7021_373a_02": {"reading_time": 1641031422.716029, "sensor_value": 52.38, "description": "relative humidity", "unit": "%"}}, {"si7021_373a_01": {"reading_time": 1641031452.7745147, "sensor_value": 15.74, "description": "dry-bulb temperature", "unit": "degC"}, "si7021_373a_02": {"reading_time": 1641031452.7745147, "sensor_value": 52.41, "description": "relative humidity", "unit": "%"}}, {"si7021_373a_01": {"reading_time": 1641031482.8328962, "sensor_value": 15.75, "description": "dry-bulb temperature", "unit": "degC"}, "si7021_373a_02": {"reading_time": 1641031482.8328962, "sensor_value": 52.39, "description": "relative humidity", "unit": "%"}}][{"si7021_373a_01": {"reading_time": 1641031512.893883, "sensor_value": 15.75, "description": "dry-bulb temperature", "unit": "degC"}, "si7021_373a_02": {"reading_time": 1641031512.893883, "sensor_value": 52.39, "description": "relative humidity", "unit": "%"}}, {"si7021_373a_01": {"reading_time": 1641031542.9528658, "sensor_value": 15.75, "description": "dry-bulb temperature", "unit": "degC"}, "si7021_373a_02": {"reading_time": 1641031542.9528658, "sensor_value": 52.38, "description": "relative humidity", "unit": "%"}}, {"si7021_373a_01": {"reading_time": 1641031573.0066192, "sensor_value": 15.77, "description": "dry-bulb temperature", "unit": "degC"}, "si7021_373a_02": {"reading_time": 1641031573.0066192, "sensor_value": 52.38, "description": "relative humidity", "unit": "%"}}, {"si7021_373a_01": {"reading_time": 1641031603.066059, "sensor_value": 15.76, "description": "dry-bulb temperature", "unit": "degC"}, "si7021_373a_02": {"reading_time": 1641031603.066059, "sensor_value": 52.41, "description": "relative humidity", "unit": "%"}}][{"si7021_373a_01": {"reading_time": 1641031633.1286223, "sensor_value": 15.75, "description": "dry-bulb temperature", "unit": "degC"}, "si7021_373a_02": {"reading_time": 1641031633.1286223, "sensor_value": 52.38, "description": "relative humidity", "unit": "%"}}, {"si7021_373a_01": {"reading_time": 1641031663.1746628, "sensor_value": 15.76, "description": "dry-bulb temperature", "unit": "degC"}, "si7021_373a_02": {"reading_time": 1641031663.1746628, "sensor_value": 52.36, "description": "relative humidity", "unit": "%"}}, {"si7021_373a_01": {"reading_time": 1641031693.2331393, "sensor_value": 15.74, "description": "dry-bulb temperature", "unit": "degC"}, "si7021_373a_02": {"reading_time": 1641031693.2331393, "sensor_value": 52.36, "description": "relative humidity", "unit": "%"}}, {"si7021_373a_01": {"reading_time": 1641031723.2913527, "sensor_value": 15.75, "description": "dry-bulb temperature", "unit": "degC"}, "si7021_373a_02": {"reading_time": 1641031723.2913527, "sensor_value": 52.36, "description": "relative humidity", "unit": "%"}}][{"si7021_373a_01": {"reading_time": 1641031753.3522084, "sensor_value": 15.75, "description": "dry-bulb temperature", "unit": "degC"}, "si7021_373a_02": {"reading_time": 1641031753.3522084, "sensor_value": 52.36, "description": "relative humidity", "unit": "%"}}, {"si7021_373a_01": {"reading_time": 1641031783.4114647, "sensor_value": 15.74, "description": "dry-bulb temperature", "unit": "degC"}, "si7021_373a_02": {"reading_time": 1641031783.4114647, "sensor_value": 52.35, "description": "relative humidity", "unit": "%"}}, {"si7021_373a_01": {"reading_time": 1641031813.4694545, "sensor_value": 15.74, "description": "dry-bulb temperature", "unit": "degC"}, "si7021_373a_02": {"reading_time": 1641031813.4694545, "sensor_value": 52.32, "description": "relative humidity", "unit": "%"}}, {"si7021_373a_01": {"reading_time": 1641031843.5019615, "sensor_value": 15.75, "description": "dry-bulb temperature", "unit": "degC"}, "si7021_373a_02": {"reading_time": 1641031843.5019615, "sensor_value": 52.35, "description": "relative humidity", "unit": "%"}}][{"si7021_373a_01": {"reading_time": 1641031873.563617, "sensor_value": 15.76, "description": "dry-bulb temperature", "unit": "degC"}, "si7021_373a_02": {"reading_time": 1641031873.563617, "sensor_value": 52.3, "description": "relative humidity", "unit": "%"}}, {"si7021_373a_01": {"reading_time": 1641031903.6225767, "sensor_value": 15.75, "description": "dry-bulb temperature", "unit": "degC"}, "si7021_373a_02": {"reading_time": 1641031903.6225767, "sensor_value": 52.32, "description": "relative humidity", "unit": "%"}}, {"si7021_373a_01": {"reading_time": 1641031933.6818516, "sensor_value": 15.76, "description": "dry-bulb temperature", "unit": "degC"}, "si7021_373a_02": {"reading_time": 1641031933.6818516, "sensor_value": 52.3, "description": "relative humidity", "unit": "%"}}, {"si7021_373a_01": {"reading_time": 1641031963.7408319, "sensor_value": 15.73, "description": "dry-bulb temperature", "unit": "degC"}, "si7021_373a_02": {"reading_time": 1641031963.7408319, "sensor_value": 52.32, "description": "relative humidity", "unit": "%"}}][{"si7021_373a_01": {"reading_time": 1641031993.8028638, "sensor_value": 15.76, "description": "dry-bulb temperature", "unit": "degC"}, "si7021_373a_02": {"reading_time": 1641031993.8028638, "sensor_value": 52.29, "description": "relative humidity", "unit": "%"}}, {"si7021_373a_01": {"reading_time": 1641032023.8446035, "sensor_value": 15.75, "description": "dry-bulb temperature", "unit": "degC"}, "si7021_373a_02": {"reading_time": 1641032023.8446035, "sensor_value": 52.29, "description": "relative humidity", "unit": "%"}}, {"si7021_373a_01": {"reading_time": 1641032053.8945758, "sensor_value": 15.73, "description": "dry-bulb temperature", "unit": "degC"}, "si7021_373a_02": {"reading_time": 1641032053.8945758, "sensor_value": 52.3, "description": "relative humidity", "unit": "%"}}, {"si7021_373a_01": {"reading_time": 1641032083.9532676, "sensor_value": 15.75, "description": "dry-bulb temperature", "unit": "degC"}, "si7021_373a_02": {"reading_time": 1641032083.9532676, "sensor_value": 52.28, "description": "relative humidity", "unit": "%"}}][{"si7021_373a_01": {"reading_time": 1641032114.0062215, "sensor_value": 15.75, "description": "dry-bulb temperature", "unit": "degC"}, "si7021_373a_02": {"reading_time": 1641032114.0062215, "sensor_value": 52.28, "description": "relative humidity", "unit": "%"}}, {"si7021_373a_01": {"reading_time": 1641032144.0652332, "sensor_value": 15.75, "description": "dry-bulb temperature", "unit": "degC"}, "si7021_373a_02": {"reading_time": 1641032144.0652332, "sensor_value": 52.26, "description": "relative humidity", "unit": "%"}}, {"si7021_373a_01": {"reading_time": 1641032174.1242173, "sensor_value": 15.74, "description": "dry-bulb temperature", "unit": "degC"}, "si7021_373a_02": {"reading_time": 1641032174.1242173, "sensor_value": 52.28, "description": "relative humidity", "unit": "%"}}, {"si7021_373a_01": {"reading_time": 1641032204.183334, "sensor_value": 15.74, "description": "dry-bulb temperature", "unit": "degC"}, "si7021_373a_02": {"reading_time": 1641032204.183334, "sensor_value": 52.29, "description": "relative humidity", "unit": "%"}}][{"si7021_373a_01": {"reading_time": 1641032234.2171865, "sensor_value": 15.76, "description": "dry-bulb temperature", "unit": "degC"}, "si7021_373a_02": {"reading_time": 1641032234.2171865, "sensor_value": 52.25, "description": "relative humidity", "unit": "%"}}, {"si7021_373a_01": {"reading_time": 1641032264.2762375, "sensor_value": 15.77, "description": "dry-bulb temperature", "unit": "degC"}, "si7021_373a_02": {"reading_time": 1641032264.2762375, "sensor_value": 52.24, "description": "relative humidity", "unit": "%"}}, {"si7021_373a_01": {"reading_time": 1641032294.3354695, "sensor_value": 15.75, "description": "dry-bulb temperature", "unit": "degC"}, "si7021_373a_02": {"reading_time": 1641032294.3354695, "sensor_value": 52.22, "description": "relative humidity", "unit": "%"}}, {"si7021_373a_01": {"reading_time": 1641032324.3949654, "sensor_value": 15.74, "description": "dry-bulb temperature", "unit": "degC"}, "si7021_373a_02": {"reading_time": 1641032324.3949654, "sensor_value": 52.22, "description": "relative humidity", "unit": "%"}}][{"si7021_373a_01": {"reading_time": 1641032354.4563706, "sensor_value": 15.73, "description": "dry-bulb temperature", "unit": "degC"}, "si7021_373a_02": {"reading_time": 1641032354.4563706, "sensor_value": 52.19, "description": "relative humidity", "unit": "%"}}, {"si7021_373a_01": {"reading_time": 1641032384.515668, "sensor_value": 15.75, "description": "dry-bulb temperature", "unit": "degC"}, "si7021_373a_02": {"reading_time": 1641032384.515668, "sensor_value": 52.21, "description": "relative humidity", "unit": "%"}}, {"si7021_373a_01": {"reading_time": 1641032414.5754845, "sensor_value": 15.74, "description": "dry-bulb temperature", "unit": "degC"}, "si7021_373a_02": {"reading_time": 1641032414.5754845, "sensor_value": 52.2, "description": "relative humidity", "unit": "%"}}, {"si7021_373a_01": {"reading_time": 1641032444.6294403, "sensor_value": 15.74, "description": "dry-bulb temperature", "unit": "degC"}, "si7021_373a_02": {"reading_time": 1641032444.6294403, "sensor_value": 52.19, "description": "relative humidity", "unit": "%"}}][{"si7021_373a_01": {"reading_time": 1641032474.6914237, "sensor_value": 15.73, "description": "dry-bulb temperature", "unit": "degC"}, "si7021_373a_02": {"reading_time": 1641032474.6914237, "sensor_value": 52.18, "description": "relative humidity", "unit": "%"}}, {"si7021_373a_01": {"reading_time": 1641032504.744564, "sensor_value": 15.73, "description": "dry-bulb temperature", "unit": "degC"}, "si7021_373a_02": {"reading_time": 1641032504.744564, "sensor_value": 52.2, "description": "relative humidity", "unit": "%"}}, {"si7021_373a_01": {"reading_time": 1641032534.8036556, "sensor_value": 15.74, "description": "dry-bulb temperature", "unit": "degC"}, "si7021_373a_02": {"reading_time": 1641032534.8036556, "sensor_value": 52.18, "description": "relative humidity", "unit": "%"}}, {"si7021_373a_01": {"reading_time": 1641032564.862726, "sensor_value": 15.76, "description": "dry-bulb temperature", "unit": "degC"}, "si7021_373a_02": {"reading_time": 1641032564.862726, "sensor_value": 52.18, "description": "relative humidity", "unit": "%"}}][{"si7021_373a_01": {"reading_time": 1641032594.924418, "sensor_value": 15.73, "description": "dry-bulb temperature", "unit": "degC"}, "si7021_373a_02": {"reading_time": 1641032594.924418, "sensor_value": 52.16, "description": "relative humidity", "unit": "%"}}, {"si7021_373a_01": {"reading_time": 1641032624.9645765, "sensor_value": 15.73, "description": "dry-bulb temperature", "unit": "degC"}, "si7021_373a_02": {"reading_time": 1641032624.9645765, "sensor_value": 52.16, "description": "relative humidity", "unit": "%"}}, {"si7021_373a_01": {"reading_time": 1641032655.0230908, "sensor_value": 15.74, "description": "dry-bulb temperature", "unit": "degC"}, "si7021_373a_02": {"reading_time": 1641032655.0230908, "sensor_value": 52.18, "description": "relative humidity", "unit": "%"}}, {"si7021_373a_01": {"reading_time": 1641032685.0645976, "sensor_value": 15.72, "description": "dry-bulb temperature", "unit": "degC"}, "si7021_373a_02": {"reading_time": 1641032685.0645976, "sensor_value": 52.15, "description": "relative humidity", "unit": "%"}}][{"si7021_373a_01": {"reading_time": 1641032715.125641, "sensor_value": 15.75, "description": "dry-bulb temperature", "unit": "degC"}, "si7021_373a_02": {"reading_time": 1641032715.125641, "sensor_value": 52.16, "description": "relative humidity", "unit": "%"}}, {"si7021_373a_01": {"reading_time": 1641032745.1840873, "sensor_value": 15.74, "description": "dry-bulb temperature", "unit": "degC"}, "si7021_373a_02": {"reading_time": 1641032745.1840873, "sensor_value": 52.15, "description": "relative humidity", "unit": "%"}}, {"si7021_373a_01": {"reading_time": 1641032775.214575, "sensor_value": 15.75, "description": "dry-bulb temperature", "unit": "degC"}, "si7021_373a_02": {"reading_time": 1641032775.214575, "sensor_value": 52.13, "description": "relative humidity", "unit": "%"}}, {"si7021_373a_01": {"reading_time": 1641032805.272896, "sensor_value": 15.73, "description": "dry-bulb temperature", "unit": "degC"}, "si7021_373a_02": {"reading_time": 1641032805.272896, "sensor_value": 52.11, "description": "relative humidity", "unit": "%"}}][{"si7021_373a_01": {"reading_time": 1641032835.3343225, "sensor_value": 15.74, "description": "dry-bulb temperature", "unit": "degC"}, "si7021_373a_02": {"reading_time": 1641032835.3343225, "sensor_value": 52.11, "description": "relative humidity", "unit": "%"}}, {"si7021_373a_01": {"reading_time": 1641032865.3870695, "sensor_value": 15.75, "description": "dry-bulb temperature", "unit": "degC"}, "si7021_373a_02": {"reading_time": 1641032865.3870695, "sensor_value": 52.12, "description": "relative humidity", "unit": "%"}}, {"si7021_373a_01": {"reading_time": 1641032895.446179, "sensor_value": 15.73, "description": "dry-bulb temperature", "unit": "degC"}, "si7021_373a_02": {"reading_time": 1641032895.446179, "sensor_value": 52.1, "description": "relative humidity", "unit": "%"}}, {"si7021_373a_01": {"reading_time": 1641032925.5052812, "sensor_value": 15.73, "description": "dry-bulb temperature", "unit": "degC"}, "si7021_373a_02": {"reading_time": 1641032925.5052812, "sensor_value": 52.09, "description": "relative humidity", "unit": "%"}}][{"si7021_373a_01": {"reading_time": 1641032955.5667362, "sensor_value": 15.73, "description": "dry-bulb temperature", "unit": "degC"}, "si7021_373a_02": {"reading_time": 1641032955.5667362, "sensor_value": 52.09, "description": "relative humidity", "unit": "%"}}, {"si7021_373a_01": {"reading_time": 1641032985.6269, "sensor_value": 15.72, "description": "dry-bulb temperature", "unit": "degC"}, "si7021_373a_02": {"reading_time": 1641032985.6269, "sensor_value": 52.09, "description": "relative humidity", "unit": "%"}}, {"si7021_373a_01": {"reading_time": 1641033015.6695259, "sensor_value": 15.73, "description": "dry-bulb temperature", "unit": "degC"}, "si7021_373a_02": {"reading_time": 1641033015.6695259, "sensor_value": 52.09, "description": "relative humidity", "unit": "%"}}, {"si7021_373a_01": {"reading_time": 1641033045.7275496, "sensor_value": 15.73, "description": "dry-bulb temperature", "unit": "degC"}, "si7021_373a_02": {"reading_time": 1641033045.7275496, "sensor_value": 52.09, "description": "relative humidity", "unit": "%"}}][{"si7021_373a_01": {"reading_time": 1641033075.7872615, "sensor_value": 15.73, "description": "dry-bulb temperature", "unit": "degC"}, "si7021_373a_02": {"reading_time": 1641033075.7872615, "sensor_value": 52.09, "description": "relative humidity", "unit": "%"}}, {"si7021_373a_01": {"reading_time": 1641033105.844577, "sensor_value": 15.73, "description": "dry-bulb temperature", "unit": "degC"}, "si7021_373a_02": {"reading_time": 1641033105.844577, "sensor_value": 52.06, "description": "relative humidity", "unit": "%"}}, {"si7021_373a_01": {"reading_time": 1641033135.9033742, "sensor_value": 15.73, "description": "dry-bulb temperature", "unit": "degC"}, "si7021_373a_02": {"reading_time": 1641033135.9033742, "sensor_value": 52.08, "description": "relative humidity", "unit": "%"}}, {"si7021_373a_01": {"reading_time": 1641033165.9447508, "sensor_value": 15.73, "description": "dry-bulb temperature", "unit": "degC"}, "si7021_373a_02": {"reading_time": 1641033165.9447508, "sensor_value": 52.06, "description": "relative humidity", "unit": "%"}}][{"si7021_373a_01": {"reading_time": 1641033196.0064065, "sensor_value": 15.72, "description": "dry-bulb temperature", "unit": "degC"}, "si7021_373a_02": {"reading_time": 1641033196.0064065, "sensor_value": 52.06, "description": "relative humidity", "unit": "%"}}, {"si7021_373a_01": {"reading_time": 1641033226.0658915, "sensor_value": 15.75, "description": "dry-bulb temperature", "unit": "degC"}, "si7021_373a_02": {"reading_time": 1641033226.0658915, "sensor_value": 52.06, "description": "relative humidity", "unit": "%"}}, {"si7021_373a_01": {"reading_time": 1641033256.1045883, "sensor_value": 15.74, "description": "dry-bulb temperature", "unit": "degC"}, "si7021_373a_02": {"reading_time": 1641033256.1045883, "sensor_value": 52.07, "description": "relative humidity", "unit": "%"}}, {"si7021_373a_01": {"reading_time": 1641033286.159588, "sensor_value": 15.7, "description": "dry-bulb temperature", "unit": "degC"}, "si7021_373a_02": {"reading_time": 1641033286.159588, "sensor_value": 52.06, "description": "relative humidity", "unit": "%"}}][{"si7021_373a_01": {"reading_time": 1641033316.2180524, "sensor_value": 15.73, "description": "dry-bulb temperature", "unit": "degC"}, "si7021_373a_02": {"reading_time": 1641033316.2180524, "sensor_value": 52.05, "description": "relative humidity", "unit": "%"}}, {"si7021_373a_01": {"reading_time": 1641033346.2770464, "sensor_value": 15.73, "description": "dry-bulb temperature", "unit": "degC"}, "si7021_373a_02": {"reading_time": 1641033346.2770464, "sensor_value": 52.05, "description": "relative humidity", "unit": "%"}}, {"si7021_373a_01": {"reading_time": 1641033376.3364327, "sensor_value": 15.73, "description": "dry-bulb temperature", "unit": "degC"}, "si7021_373a_02": {"reading_time": 1641033376.3364327, "sensor_value": 52.02, "description": "relative humidity", "unit": "%"}}, {"si7021_373a_01": {"reading_time": 1641033406.3945668, "sensor_value": 15.73, "description": "dry-bulb temperature", "unit": "degC"}, "si7021_373a_02": {"reading_time": 1641033406.3945668, "sensor_value": 52.02, "description": "relative humidity", "unit": "%"}}][{"si7021_373a_01": {"reading_time": 1641033436.4551532, "sensor_value": 15.73, "description": "dry-bulb temperature", "unit": "degC"}, "si7021_373a_02": {"reading_time": 1641033436.4551532, "sensor_value": 52.02, "description": "relative humidity", "unit": "%"}}, {"si7021_373a_01": {"reading_time": 1641033466.513541, "sensor_value": 15.74, "description": "dry-bulb temperature", "unit": "degC"}, "si7021_373a_02": {"reading_time": 1641033466.513541, "sensor_value": 52.0, "description": "relative humidity", "unit": "%"}}, {"si7021_373a_01": {"reading_time": 1641033496.5725381, "sensor_value": 15.73, "description": "dry-bulb temperature", "unit": "degC"}, "si7021_373a_02": {"reading_time": 1641033496.5725381, "sensor_value": 52.0, "description": "relative humidity", "unit": "%"}}, {"si7021_373a_01": {"reading_time": 1641033526.6271293, "sensor_value": 15.72, "description": "dry-bulb temperature", "unit": "degC"}, "si7021_373a_02": {"reading_time": 1641033526.6271293, "sensor_value": 52.02, "description": "relative humidity", "unit": "%"}}][{"si7021_373a_01": {"reading_time": 1641033556.671123, "sensor_value": 15.74, "description": "dry-bulb temperature", "unit": "degC"}, "si7021_373a_02": {"reading_time": 1641033556.671123, "sensor_value": 52.01, "description": "relative humidity", "unit": "%"}}, {"si7021_373a_01": {"reading_time": 1641033586.727544, "sensor_value": 15.73, "description": "dry-bulb temperature", "unit": "degC"}, "si7021_373a_02": {"reading_time": 1641033586.727544, "sensor_value": 52.01, "description": "relative humidity", "unit": "%"}}, {"si7021_373a_01": {"reading_time": 1641033616.7868607, "sensor_value": 15.73, "description": "dry-bulb temperature", "unit": "degC"}, "si7021_373a_02": {"reading_time": 1641033616.7868607, "sensor_value": 51.99, "description": "relative humidity", "unit": "%"}}, {"si7021_373a_01": {"reading_time": 1641033646.8459332, "sensor_value": 15.72, "description": "dry-bulb temperature", "unit": "degC"}, "si7021_373a_02": {"reading_time": 1641033646.8459332, "sensor_value": 51.99, "description": "relative humidity", "unit": "%"}}][{"si7021_373a_01": {"reading_time": 1641033676.908705, "sensor_value": 15.73, "description": "dry-bulb temperature", "unit": "degC"}, "si7021_373a_02": {"reading_time": 1641033676.908705, "sensor_value": 51.99, "description": "relative humidity", "unit": "%"}}, {"si7021_373a_01": {"reading_time": 1641033706.9678528, "sensor_value": 15.73, "description": "dry-bulb temperature", "unit": "degC"}, "si7021_373a_02": {"reading_time": 1641033706.9678528, "sensor_value": 51.98, "description": "relative humidity", "unit": "%"}}, {"si7021_373a_01": {"reading_time": 1641033737.0268412, "sensor_value": 15.73, "description": "dry-bulb temperature", "unit": "degC"}, "si7021_373a_02": {"reading_time": 1641033737.0268412, "sensor_value": 51.96, "description": "relative humidity", "unit": "%"}}, {"si7021_373a_01": {"reading_time": 1641033767.064585, "sensor_value": 15.72, "description": "dry-bulb temperature", "unit": "degC"}, "si7021_373a_02": {"reading_time": 1641033767.064585, "sensor_value": 51.96, "description": "relative humidity", "unit": "%"}}][{"si7021_373a_01": {"reading_time": 1641033797.1262608, "sensor_value": 15.73, "description": "dry-bulb temperature", "unit": "degC"}, "si7021_373a_02": {"reading_time": 1641033797.1262608, "sensor_value": 51.98, "description": "relative humidity", "unit": "%"}}, {"si7021_373a_01": {"reading_time": 1641033827.1856263, "sensor_value": 15.72, "description": "dry-bulb temperature", "unit": "degC"}, "si7021_373a_02": {"reading_time": 1641033827.1856263, "sensor_value": 51.96, "description": "relative humidity", "unit": "%"}}, {"si7021_373a_01": {"reading_time": 1641033857.2451403, "sensor_value": 15.73, "description": "dry-bulb temperature", "unit": "degC"}, "si7021_373a_02": {"reading_time": 1641033857.2451403, "sensor_value": 51.96, "description": "relative humidity", "unit": "%"}}, {"si7021_373a_01": {"reading_time": 1641033887.3031902, "sensor_value": 15.72, "description": "dry-bulb temperature", "unit": "degC"}, "si7021_373a_02": {"reading_time": 1641033887.3031902, "sensor_value": 51.95, "description": "relative humidity", "unit": "%"}}][{"si7021_373a_01": {"reading_time": 1641033917.3663101, "sensor_value": 15.73, "description": "dry-bulb temperature", "unit": "degC"}, "si7021_373a_02": {"reading_time": 1641033917.3663101, "sensor_value": 51.94, "description": "relative humidity", "unit": "%"}}, {"si7021_373a_01": {"reading_time": 1641033947.4260402, "sensor_value": 15.75, "description": "dry-bulb temperature", "unit": "degC"}, "si7021_373a_02": {"reading_time": 1641033947.4260402, "sensor_value": 51.93, "description": "relative humidity", "unit": "%"}}, {"si7021_373a_01": {"reading_time": 1641033977.4856725, "sensor_value": 15.74, "description": "dry-bulb temperature", "unit": "degC"}, "si7021_373a_02": {"reading_time": 1641033977.4856725, "sensor_value": 51.92, "description": "relative humidity", "unit": "%"}}, {"si7021_373a_01": {"reading_time": 1641034007.5437438, "sensor_value": 15.73, "description": "dry-bulb temperature", "unit": "degC"}, "si7021_373a_02": {"reading_time": 1641034007.5437438, "sensor_value": 51.92, "description": "relative humidity", "unit": "%"}}][{"si7021_373a_01": {"reading_time": 1641034037.600597, "sensor_value": 15.72, "description": "dry-bulb temperature", "unit": "degC"}, "si7021_373a_02": {"reading_time": 1641034037.600597, "sensor_value": 51.93, "description": "relative humidity", "unit": "%"}}, {"si7021_373a_01": {"reading_time": 1641034067.6592085, "sensor_value": 15.74, "description": "dry-bulb temperature", "unit": "degC"}, "si7021_373a_02": {"reading_time": 1641034067.6592085, "sensor_value": 51.91, "description": "relative humidity", "unit": "%"}}, {"si7021_373a_01": {"reading_time": 1641034097.7151866, "sensor_value": 15.72, "description": "dry-bulb temperature", "unit": "degC"}, "si7021_373a_02": {"reading_time": 1641034097.7151866, "sensor_value": 51.88, "description": "relative humidity", "unit": "%"}}, {"si7021_373a_01": {"reading_time": 1641034127.764587, "sensor_value": 15.74, "description": "dry-bulb temperature", "unit": "degC"}, "si7021_373a_02": {"reading_time": 1641034127.764587, "sensor_value": 51.87, "description": "relative humidity", "unit": "%"}}][{"si7021_373a_01": {"reading_time": 1641034157.825755, "sensor_value": 15.72, "description": "dry-bulb temperature", "unit": "degC"}, "si7021_373a_02": {"reading_time": 1641034157.825755, "sensor_value": 51.89, "description": "relative humidity", "unit": "%"}}, {"si7021_373a_01": {"reading_time": 1641034187.8849397, "sensor_value": 15.73, "description": "dry-bulb temperature", "unit": "degC"}, "si7021_373a_02": {"reading_time": 1641034187.8849397, "sensor_value": 51.9, "description": "relative humidity", "unit": "%"}}, {"si7021_373a_01": {"reading_time": 1641034217.9430764, "sensor_value": 15.72, "description": "dry-bulb temperature", "unit": "degC"}, "si7021_373a_02": {"reading_time": 1641034217.9430764, "sensor_value": 51.9, "description": "relative humidity", "unit": "%"}}, {"si7021_373a_01": {"reading_time": 1641034248.0020227, "sensor_value": 15.73, "description": "dry-bulb temperature", "unit": "degC"}, "si7021_373a_02": {"reading_time": 1641034248.0020227, "sensor_value": 51.9, "description": "relative humidity", "unit": "%"}}][{"si7021_373a_01": {"reading_time": 1641034278.064651, "sensor_value": 15.73, "description": "dry-bulb temperature", "unit": "degC"}, "si7021_373a_02": {"reading_time": 1641034278.064651, "sensor_value": 51.9, "description": "relative humidity", "unit": "%"}}, {"si7021_373a_01": {"reading_time": 1641034308.1231215, "sensor_value": 15.73, "description": "dry-bulb temperature", "unit": "degC"}, "si7021_373a_02": {"reading_time": 1641034308.1231215, "sensor_value": 51.87, "description": "relative humidity", "unit": "%"}}, {"si7021_373a_01": {"reading_time": 1641034338.174577, "sensor_value": 15.69, "description": "dry-bulb temperature", "unit": "degC"}, "si7021_373a_02": {"reading_time": 1641034338.174577, "sensor_value": 51.87, "description": "relative humidity", "unit": "%"}}, {"si7021_373a_01": {"reading_time": 1641034368.2263296, "sensor_value": 15.72, "description": "dry-bulb temperature", "unit": "degC"}, "si7021_373a_02": {"reading_time": 1641034368.2263296, "sensor_value": 51.89, "description": "relative humidity", "unit": "%"}}][{"si7021_373a_01": {"reading_time": 1641034398.2875135, "sensor_value": 15.73, "description": "dry-bulb temperature", "unit": "degC"}, "si7021_373a_02": {"reading_time": 1641034398.2875135, "sensor_value": 51.87, "description": "relative humidity", "unit": "%"}}, {"si7021_373a_01": {"reading_time": 1641034428.3481238, "sensor_value": 15.74, "description": "dry-bulb temperature", "unit": "degC"}, "si7021_373a_02": {"reading_time": 1641034428.3481238, "sensor_value": 51.89, "description": "relative humidity", "unit": "%"}}, {"si7021_373a_01": {"reading_time": 1641034458.4076686, "sensor_value": 15.74, "description": "dry-bulb temperature", "unit": "degC"}, "si7021_373a_02": {"reading_time": 1641034458.4076686, "sensor_value": 51.88, "description": "relative humidity", "unit": "%"}}, {"si7021_373a_01": {"reading_time": 1641034488.4645836, "sensor_value": 15.73, "description": "dry-bulb temperature", "unit": "degC"}, "si7021_373a_02": {"reading_time": 1641034488.4645836, "sensor_value": 51.87, "description": "relative humidity", "unit": "%"}}][{"si7021_373a_01": {"reading_time": 1641034518.5254285, "sensor_value": 15.74, "description": "dry-bulb temperature", "unit": "degC"}, "si7021_373a_02": {"reading_time": 1641034518.5254285, "sensor_value": 51.88, "description": "relative humidity", "unit": "%"}}, {"si7021_373a_01": {"reading_time": 1641034548.5732887, "sensor_value": 15.73, "description": "dry-bulb temperature", "unit": "degC"}, "si7021_373a_02": {"reading_time": 1641034548.5732887, "sensor_value": 51.88, "description": "relative humidity", "unit": "%"}}, {"si7021_373a_01": {"reading_time": 1641034578.6316063, "sensor_value": 15.73, "description": "dry-bulb temperature", "unit": "degC"}, "si7021_373a_02": {"reading_time": 1641034578.6316063, "sensor_value": 51.87, "description": "relative humidity", "unit": "%"}}, {"si7021_373a_01": {"reading_time": 1641034608.6789951, "sensor_value": 15.75, "description": "dry-bulb temperature", "unit": "degC"}, "si7021_373a_02": {"reading_time": 1641034608.6789951, "sensor_value": 51.87, "description": "relative humidity", "unit": "%"}}][{"si7021_373a_01": {"reading_time": 1641034638.7183168, "sensor_value": 15.72, "description": "dry-bulb temperature", "unit": "degC"}, "si7021_373a_02": {"reading_time": 1641034638.7183168, "sensor_value": 51.87, "description": "relative humidity", "unit": "%"}}, {"si7021_373a_01": {"reading_time": 1641034668.7658925, "sensor_value": 15.74, "description": "dry-bulb temperature", "unit": "degC"}, "si7021_373a_02": {"reading_time": 1641034668.7658925, "sensor_value": 51.87, "description": "relative humidity", "unit": "%"}}, {"si7021_373a_01": {"reading_time": 1641034698.803602, "sensor_value": 15.75, "description": "dry-bulb temperature", "unit": "degC"}, "si7021_373a_02": {"reading_time": 1641034698.803602, "sensor_value": 51.86, "description": "relative humidity", "unit": "%"}}, {"si7021_373a_01": {"reading_time": 1641034728.8545904, "sensor_value": 15.74, "description": "dry-bulb temperature", "unit": "degC"}, "si7021_373a_02": {"reading_time": 1641034728.8545904, "sensor_value": 51.85, "description": "relative humidity", "unit": "%"}}]