[{"si7021_373a_01": {"reading_time": 1641092339.3583908, "sensor_value": 15.67, "description": "dry-bulb temperature", "unit": "degC"}, "si7021_373a_02": {"reading_time": 1641092339.3583908, "sensor_value": 47.08, "description": "relative humidity", "unit": "%"}}, {"si7021_373a_01": {"reading_time": 1641092369.396657, "sensor_value": 15.66, "description": "dry-bulb temperature", "unit": "degC"}, "si7021_373a_02": {"reading_time": 1641092369.396657, "sensor_value": 47.1, "description": "relative humidity", "unit": "%"}}, {"si7021_373a_01": {"reading_time": 1641092399.4555867, "sensor_value": 15.65, "description": "dry-bulb temperature", "unit": "degC"}, "si7021_373a_02": {"reading_time": 1641092399.4555867, "sensor_value": 47.09, "description": "relative humidity", "unit": "%"}}, {"si7021_373a_01": {"reading_time": 1641092429.486339, "sensor_value": 15.66, "description": "dry-bulb temperature", "unit": "degC"}, "si7021_373a_02": {"reading_time": 1641092429.486339, "sensor_value": 47.1, "description": "relative humidity", "unit": "%"}}][{"si7021_373a_01": {"reading_time": 1641092459.528758, "sensor_value": 15.68, "description": "dry-bulb temperature", "unit": "degC"}, "si7021_373a_02": {"reading_time": 1641092459.528758, "sensor_value": 47.1, "description": "relative humidity", "unit": "%"}}, {"si7021_373a_01": {"reading_time": 1641092489.5879576, "sensor_value": 15.66, "description": "dry-bulb temperature", "unit": "degC"}, "si7021_373a_02": {"reading_time": 1641092489.5879576, "sensor_value": 47.09, "description": "relative humidity", "unit": "%"}}, {"si7021_373a_01": {"reading_time": 1641092519.6467488, "sensor_value": 15.67, "description": "dry-bulb temperature", "unit": "degC"}, "si7021_373a_02": {"reading_time": 1641092519.6467488, "sensor_value": 47.05, "description": "relative humidity", "unit": "%"}}, {"si7021_373a_01": {"reading_time": 1641092549.705146, "sensor_value": 15.67, "description": "dry-bulb temperature", "unit": "degC"}, "si7021_373a_02": {"reading_time": 1641092549.705146, "sensor_value": 47.07, "description": "relative humidity", "unit": "%"}}][{"si7021_373a_01": {"reading_time": 1641092579.7664225, "sensor_value": 15.65, "description": "dry-bulb temperature", "unit": "degC"}, "si7021_373a_02": {"reading_time": 1641092579.7664225, "sensor_value": 47.04, "description": "relative humidity", "unit": "%"}}, {"si7021_373a_01": {"reading_time": 1641092609.8249538, "sensor_value": 15.63, "description": "dry-bulb temperature", "unit": "degC"}, "si7021_373a_02": {"reading_time": 1641092609.8249538, "sensor_value": 47.08, "description": "relative humidity", "unit": "%"}}, {"si7021_373a_01": {"reading_time": 1641092639.8640368, "sensor_value": 15.65, "description": "dry-bulb temperature", "unit": "degC"}, "si7021_373a_02": {"reading_time": 1641092639.8640368, "sensor_value": 47.05, "description": "relative humidity", "unit": "%"}}, {"si7021_373a_01": {"reading_time": 1641092669.9146414, "sensor_value": 15.65, "description": "dry-bulb temperature", "unit": "degC"}, "si7021_373a_02": {"reading_time": 1641092669.9146414, "sensor_value": 47.07, "description": "relative humidity", "unit": "%"}}][{"si7021_373a_01": {"reading_time": 1641092699.9547367, "sensor_value": 15.65, "description": "dry-bulb temperature", "unit": "degC"}, "si7021_373a_02": {"reading_time": 1641092699.9547367, "sensor_value": 47.07, "description": "relative humidity", "unit": "%"}}, {"si7021_373a_01": {"reading_time": 1641092730.0132082, "sensor_value": 15.66, "description": "dry-bulb temperature", "unit": "degC"}, "si7021_373a_02": {"reading_time": 1641092730.0132082, "sensor_value": 47.06, "description": "relative humidity", "unit": "%"}}, {"si7021_373a_01": {"reading_time": 1641092760.0717628, "sensor_value": 15.65, "description": "dry-bulb temperature", "unit": "degC"}, "si7021_373a_02": {"reading_time": 1641092760.0717628, "sensor_value": 47.06, "description": "relative humidity", "unit": "%"}}, {"si7021_373a_01": {"reading_time": 1641092790.1303575, "sensor_value": 15.65, "description": "dry-bulb temperature", "unit": "degC"}, "si7021_373a_02": {"reading_time": 1641092790.1303575, "sensor_value": 47.07, "description": "relative humidity", "unit": "%"}}][{"si7021_373a_01": {"reading_time": 1641092820.1989064, "sensor_value": 15.66, "description": "dry-bulb temperature", "unit": "degC"}, "si7021_373a_02": {"reading_time": 1641092820.1989064, "sensor_value": 47.06, "description": "relative humidity", "unit": "%"}}, {"si7021_373a_01": {"reading_time": 1641092850.258664, "sensor_value": 15.67, "description": "dry-bulb temperature", "unit": "degC"}, "si7021_373a_02": {"reading_time": 1641092850.258664, "sensor_value": 47.01, "description": "relative humidity", "unit": "%"}}, {"si7021_373a_01": {"reading_time": 1641092880.3045754, "sensor_value": 15.63, "description": "dry-bulb temperature", "unit": "degC"}, "si7021_373a_02": {"reading_time": 1641092880.3045754, "sensor_value": 47.0, "description": "relative humidity", "unit": "%"}}, {"si7021_373a_01": {"reading_time": 1641092910.3627832, "sensor_value": 15.65, "description": "dry-bulb temperature", "unit": "degC"}, "si7021_373a_02": {"reading_time": 1641092910.3627832, "sensor_value": 47.01, "description": "relative humidity", "unit": "%"}}][{"si7021_373a_01": {"reading_time": 1641092940.4091566, "sensor_value": 15.62, "description": "dry-bulb temperature", "unit": "degC"}, "si7021_373a_02": {"reading_time": 1641092940.4091566, "sensor_value": 46.97, "description": "relative humidity", "unit": "%"}}, {"si7021_373a_01": {"reading_time": 1641092970.4645767, "sensor_value": 15.65, "description": "dry-bulb temperature", "unit": "degC"}, "si7021_373a_02": {"reading_time": 1641092970.4645767, "sensor_value": 46.98, "description": "relative humidity", "unit": "%"}}, {"si7021_373a_01": {"reading_time": 1641093000.502635, "sensor_value": 15.62, "description": "dry-bulb temperature", "unit": "degC"}, "si7021_373a_02": {"reading_time": 1641093000.502635, "sensor_value": 47.0, "description": "relative humidity", "unit": "%"}}, {"si7021_373a_01": {"reading_time": 1641093030.561743, "sensor_value": 15.63, "description": "dry-bulb temperature", "unit": "degC"}, "si7021_373a_02": {"reading_time": 1641093030.561743, "sensor_value": 46.98, "description": "relative humidity", "unit": "%"}}][{"si7021_373a_01": {"reading_time": 1641093060.6229756, "sensor_value": 15.63, "description": "dry-bulb temperature", "unit": "degC"}, "si7021_373a_02": {"reading_time": 1641093060.6229756, "sensor_value": 46.97, "description": "relative humidity", "unit": "%"}}, {"si7021_373a_01": {"reading_time": 1641093090.6752028, "sensor_value": 15.62, "description": "dry-bulb temperature", "unit": "degC"}, "si7021_373a_02": {"reading_time": 1641093090.6752028, "sensor_value": 46.94, "description": "relative humidity", "unit": "%"}}, {"si7021_373a_01": {"reading_time": 1641093120.7145798, "sensor_value": 15.62, "description": "dry-bulb temperature", "unit": "degC"}, "si7021_373a_02": {"reading_time": 1641093120.7145798, "sensor_value": 46.96, "description": "relative humidity", "unit": "%"}}, {"si7021_373a_01": {"reading_time": 1641093150.7726846, "sensor_value": 15.62, "description": "dry-bulb temperature", "unit": "degC"}, "si7021_373a_02": {"reading_time": 1641093150.7726846, "sensor_value": 46.96, "description": "relative humidity", "unit": "%"}}][{"si7021_373a_01": {"reading_time": 1641093180.8287117, "sensor_value": 15.62, "description": "dry-bulb temperature", "unit": "degC"}, "si7021_373a_02": {"reading_time": 1641093180.8287117, "sensor_value": 46.95, "description": "relative humidity", "unit": "%"}}, {"si7021_373a_01": {"reading_time": 1641093210.8879852, "sensor_value": 15.62, "description": "dry-bulb temperature", "unit": "degC"}, "si7021_373a_02": {"reading_time": 1641093210.8879852, "sensor_value": 46.94, "description": "relative humidity", "unit": "%"}}, {"si7021_373a_01": {"reading_time": 1641093240.9234297, "sensor_value": 15.62, "description": "dry-bulb temperature", "unit": "degC"}, "si7021_373a_02": {"reading_time": 1641093240.9234297, "sensor_value": 46.95, "description": "relative humidity", "unit": "%"}}, {"si7021_373a_01": {"reading_time": 1641093270.964592, "sensor_value": 15.65, "description": "dry-bulb temperature", "unit": "degC"}, "si7021_373a_02": {"reading_time": 1641093270.964592, "sensor_value": 46.95, "description": "relative humidity", "unit": "%"}}][{"si7021_373a_01": {"reading_time": 1641093301.0267394, "sensor_value": 15.62, "description": "dry-bulb temperature", "unit": "degC"}, "si7021_373a_02": {"reading_time": 1641093301.0267394, "sensor_value": 46.94, "description": "relative humidity", "unit": "%"}}, {"si7021_373a_01": {"reading_time": 1641093331.0645802, "sensor_value": 15.65, "description": "dry-bulb temperature", "unit": "degC"}, "si7021_373a_02": {"reading_time": 1641093331.0645802, "sensor_value": 46.92, "description": "relative humidity", "unit": "%"}}, {"si7021_373a_01": {"reading_time": 1641093361.12389, "sensor_value": 15.61, "description": "dry-bulb temperature", "unit": "degC"}, "si7021_373a_02": {"reading_time": 1641093361.12389, "sensor_value": 46.94, "description": "relative humidity", "unit": "%"}}, {"si7021_373a_01": {"reading_time": 1641093391.1593685, "sensor_value": 15.63, "description": "dry-bulb temperature", "unit": "degC"}, "si7021_373a_02": {"reading_time": 1641093391.1593685, "sensor_value": 46.93, "description": "relative humidity", "unit": "%"}}][{"si7021_373a_01": {"reading_time": 1641093421.21725, "sensor_value": 15.62, "description": "dry-bulb temperature", "unit": "degC"}, "si7021_373a_02": {"reading_time": 1641093421.21725, "sensor_value": 46.94, "description": "relative humidity", "unit": "%"}}, {"si7021_373a_01": {"reading_time": 1641093451.254574, "sensor_value": 15.63, "description": "dry-bulb temperature", "unit": "degC"}, "si7021_373a_02": {"reading_time": 1641093451.254574, "sensor_value": 46.91, "description": "relative humidity", "unit": "%"}}, {"si7021_373a_01": {"reading_time": 1641093481.313647, "sensor_value": 15.62, "description": "dry-bulb temperature", "unit": "degC"}, "si7021_373a_02": {"reading_time": 1641093481.313647, "sensor_value": 46.9, "description": "relative humidity", "unit": "%"}}, {"si7021_373a_01": {"reading_time": 1641093511.3531258, "sensor_value": 15.62, "description": "dry-bulb temperature", "unit": "degC"}, "si7021_373a_02": {"reading_time": 1641093511.3531258, "sensor_value": 46.91, "description": "relative humidity", "unit": "%"}}][{"si7021_373a_01": {"reading_time": 1641093541.4148219, "sensor_value": 15.62, "description": "dry-bulb temperature", "unit": "degC"}, "si7021_373a_02": {"reading_time": 1641093541.4148219, "sensor_value": 46.9, "description": "relative humidity", "unit": "%"}}, {"si7021_373a_01": {"reading_time": 1641093571.4645748, "sensor_value": 15.61, "description": "dry-bulb temperature", "unit": "degC"}, "si7021_373a_02": {"reading_time": 1641093571.4645748, "sensor_value": 46.91, "description": "relative humidity", "unit": "%"}}, {"si7021_373a_01": {"reading_time": 1641093601.5035927, "sensor_value": 15.61, "description": "dry-bulb temperature", "unit": "degC"}, "si7021_373a_02": {"reading_time": 1641093601.5035927, "sensor_value": 46.91, "description": "relative humidity", "unit": "%"}}, {"si7021_373a_01": {"reading_time": 1641093631.5545897, "sensor_value": 15.61, "description": "dry-bulb temperature", "unit": "degC"}, "si7021_373a_02": {"reading_time": 1641093631.5545897, "sensor_value": 46.88, "description": "relative humidity", "unit": "%"}}][{"si7021_373a_01": {"reading_time": 1641093661.5918996, "sensor_value": 15.62, "description": "dry-bulb temperature", "unit": "degC"}, "si7021_373a_02": {"reading_time": 1641093661.5918996, "sensor_value": 46.87, "description": "relative humidity", "unit": "%"}}, {"si7021_373a_01": {"reading_time": 1641093691.6445658, "sensor_value": 15.63, "description": "dry-bulb temperature", "unit": "degC"}, "si7021_373a_02": {"reading_time": 1641093691.6445658, "sensor_value": 46.87, "description": "relative humidity", "unit": "%"}}, {"si7021_373a_01": {"reading_time": 1641093721.6845858, "sensor_value": 15.59, "description": "dry-bulb temperature", "unit": "degC"}, "si7021_373a_02": {"reading_time": 1641093721.6845858, "sensor_value": 46.85, "description": "relative humidity", "unit": "%"}}, {"si7021_373a_01": {"reading_time": 1641093751.744931, "sensor_value": 15.6, "description": "dry-bulb temperature", "unit": "degC"}, "si7021_373a_02": {"reading_time": 1641093751.744931, "sensor_value": 46.86, "description": "relative humidity", "unit": "%"}}][{"si7021_373a_01": {"reading_time": 1641093781.8071785, "sensor_value": 15.62, "description": "dry-bulb temperature", "unit": "degC"}, "si7021_373a_02": {"reading_time": 1641093781.8071785, "sensor_value": 46.85, "description": "relative humidity", "unit": "%"}}, {"si7021_373a_01": {"reading_time": 1641093811.8656337, "sensor_value": 15.6, "description": "dry-bulb temperature", "unit": "degC"}, "si7021_373a_02": {"reading_time": 1641093811.8656337, "sensor_value": 46.86, "description": "relative humidity", "unit": "%"}}, {"si7021_373a_01": {"reading_time": 1641093841.928467, "sensor_value": 15.62, "description": "dry-bulb temperature", "unit": "degC"}, "si7021_373a_02": {"reading_time": 1641093841.928467, "sensor_value": 46.85, "description": "relative humidity", "unit": "%"}}, {"si7021_373a_01": {"reading_time": 1641093871.9867806, "sensor_value": 15.58, "description": "dry-bulb temperature", "unit": "degC"}, "si7021_373a_02": {"reading_time": 1641093871.9867806, "sensor_value": 46.84, "description": "relative humidity", "unit": "%"}}][{"si7021_373a_01": {"reading_time": 1641093902.0478613, "sensor_value": 15.6, "description": "dry-bulb temperature", "unit": "degC"}, "si7021_373a_02": {"reading_time": 1641093902.0478613, "sensor_value": 46.82, "description": "relative humidity", "unit": "%"}}, {"si7021_373a_01": {"reading_time": 1641093932.107832, "sensor_value": 15.6, "description": "dry-bulb temperature", "unit": "degC"}, "si7021_373a_02": {"reading_time": 1641093932.107832, "sensor_value": 46.83, "description": "relative humidity", "unit": "%"}}, {"si7021_373a_01": {"reading_time": 1641093962.1599033, "sensor_value": 15.6, "description": "dry-bulb temperature", "unit": "degC"}, "si7021_373a_02": {"reading_time": 1641093962.1599033, "sensor_value": 46.81, "description": "relative humidity", "unit": "%"}}, {"si7021_373a_01": {"reading_time": 1641093992.215241, "sensor_value": 15.6, "description": "dry-bulb temperature", "unit": "degC"}, "si7021_373a_02": {"reading_time": 1641093992.215241, "sensor_value": 46.83, "description": "relative humidity", "unit": "%"}}][{"si7021_373a_01": {"reading_time": 1641094022.2471747, "sensor_value": 15.62, "description": "dry-bulb temperature", "unit": "degC"}, "si7021_373a_02": {"reading_time": 1641094022.2471747, "sensor_value": 46.81, "description": "relative humidity", "unit": "%"}}, {"si7021_373a_01": {"reading_time": 1641094052.307044, "sensor_value": 15.6, "description": "dry-bulb temperature", "unit": "degC"}, "si7021_373a_02": {"reading_time": 1641094052.307044, "sensor_value": 46.81, "description": "relative humidity", "unit": "%"}}, {"si7021_373a_01": {"reading_time": 1641094082.3662307, "sensor_value": 15.6, "description": "dry-bulb temperature", "unit": "degC"}, "si7021_373a_02": {"reading_time": 1641094082.3662307, "sensor_value": 46.81, "description": "relative humidity", "unit": "%"}}, {"si7021_373a_01": {"reading_time": 1641094112.4245772, "sensor_value": 15.6, "description": "dry-bulb temperature", "unit": "degC"}, "si7021_373a_02": {"reading_time": 1641094112.4245772, "sensor_value": 46.81, "description": "relative humidity", "unit": "%"}}][{"si7021_373a_01": {"reading_time": 1641094142.4671693, "sensor_value": 15.6, "description": "dry-bulb temperature", "unit": "degC"}, "si7021_373a_02": {"reading_time": 1641094142.4671693, "sensor_value": 46.82, "description": "relative humidity", "unit": "%"}}, {"si7021_373a_01": {"reading_time": 1641094172.5260432, "sensor_value": 15.61, "description": "dry-bulb temperature", "unit": "degC"}, "si7021_373a_02": {"reading_time": 1641094172.5260432, "sensor_value": 46.82, "description": "relative humidity", "unit": "%"}}, {"si7021_373a_01": {"reading_time": 1641094202.5855415, "sensor_value": 15.59, "description": "dry-bulb temperature", "unit": "degC"}, "si7021_373a_02": {"reading_time": 1641094202.5855415, "sensor_value": 46.78, "description": "relative humidity", "unit": "%"}}, {"si7021_373a_01": {"reading_time": 1641094232.6445057, "sensor_value": 15.6, "description": "dry-bulb temperature", "unit": "degC"}, "si7021_373a_02": {"reading_time": 1641094232.6445057, "sensor_value": 46.77, "description": "relative humidity", "unit": "%"}}][{"si7021_373a_01": {"reading_time": 1641094262.7060587, "sensor_value": 15.6, "description": "dry-bulb temperature", "unit": "degC"}, "si7021_373a_02": {"reading_time": 1641094262.7060587, "sensor_value": 46.76, "description": "relative humidity", "unit": "%"}}, {"si7021_373a_01": {"reading_time": 1641094292.765342, "sensor_value": 15.6, "description": "dry-bulb temperature", "unit": "degC"}, "si7021_373a_02": {"reading_time": 1641094292.765342, "sensor_value": 46.77, "description": "relative humidity", "unit": "%"}}, {"si7021_373a_01": {"reading_time": 1641094322.8045762, "sensor_value": 15.59, "description": "dry-bulb temperature", "unit": "degC"}, "si7021_373a_02": {"reading_time": 1641094322.8045762, "sensor_value": 46.77, "description": "relative humidity", "unit": "%"}}, {"si7021_373a_01": {"reading_time": 1641094352.8637776, "sensor_value": 15.58, "description": "dry-bulb temperature", "unit": "degC"}, "si7021_373a_02": {"reading_time": 1641094352.8637776, "sensor_value": 46.79, "description": "relative humidity", "unit": "%"}}][{"si7021_373a_01": {"reading_time": 1641094382.925303, "sensor_value": 15.6, "description": "dry-bulb temperature", "unit": "degC"}, "si7021_373a_02": {"reading_time": 1641094382.925303, "sensor_value": 46.78, "description": "relative humidity", "unit": "%"}}, {"si7021_373a_01": {"reading_time": 1641094412.9815269, "sensor_value": 15.58, "description": "dry-bulb temperature", "unit": "degC"}, "si7021_373a_02": {"reading_time": 1641094412.9815269, "sensor_value": 46.77, "description": "relative humidity", "unit": "%"}}, {"si7021_373a_01": {"reading_time": 1641094443.044625, "sensor_value": 15.6, "description": "dry-bulb temperature", "unit": "degC"}, "si7021_373a_02": {"reading_time": 1641094443.044625, "sensor_value": 46.75, "description": "relative humidity", "unit": "%"}}, {"si7021_373a_01": {"reading_time": 1641094473.0741081, "sensor_value": 15.58, "description": "dry-bulb temperature", "unit": "degC"}, "si7021_373a_02": {"reading_time": 1641094473.0741081, "sensor_value": 46.74, "description": "relative humidity", "unit": "%"}}][{"si7021_373a_01": {"reading_time": 1641094503.136419, "sensor_value": 15.57, "description": "dry-bulb temperature", "unit": "degC"}, "si7021_373a_02": {"reading_time": 1641094503.136419, "sensor_value": 46.74, "description": "relative humidity", "unit": "%"}}, {"si7021_373a_01": {"reading_time": 1641094533.195055, "sensor_value": 15.57, "description": "dry-bulb temperature", "unit": "degC"}, "si7021_373a_02": {"reading_time": 1641094533.195055, "sensor_value": 46.75, "description": "relative humidity", "unit": "%"}}, {"si7021_373a_01": {"reading_time": 1641094563.2533658, "sensor_value": 15.57, "description": "dry-bulb temperature", "unit": "degC"}, "si7021_373a_02": {"reading_time": 1641094563.2533658, "sensor_value": 46.72, "description": "relative humidity", "unit": "%"}}, {"si7021_373a_01": {"reading_time": 1641094593.311837, "sensor_value": 15.56, "description": "dry-bulb temperature", "unit": "degC"}, "si7021_373a_02": {"reading_time": 1641094593.311837, "sensor_value": 46.74, "description": "relative humidity", "unit": "%"}}][{"si7021_373a_01": {"reading_time": 1641094623.3672123, "sensor_value": 15.58, "description": "dry-bulb temperature", "unit": "degC"}, "si7021_373a_02": {"reading_time": 1641094623.3672123, "sensor_value": 46.75, "description": "relative humidity", "unit": "%"}}, {"si7021_373a_01": {"reading_time": 1641094653.4246173, "sensor_value": 15.58, "description": "dry-bulb temperature", "unit": "degC"}, "si7021_373a_02": {"reading_time": 1641094653.4246173, "sensor_value": 46.72, "description": "relative humidity", "unit": "%"}}, {"si7021_373a_01": {"reading_time": 1641094683.4700031, "sensor_value": 15.59, "description": "dry-bulb temperature", "unit": "degC"}, "si7021_373a_02": {"reading_time": 1641094683.4700031, "sensor_value": 46.72, "description": "relative humidity", "unit": "%"}}, {"si7021_373a_01": {"reading_time": 1641094713.5285661, "sensor_value": 15.55, "description": "dry-bulb temperature", "unit": "degC"}, "si7021_373a_02": {"reading_time": 1641094713.5285661, "sensor_value": 46.72, "description": "relative humidity", "unit": "%"}}][{"si7021_373a_01": {"reading_time": 1641094743.5906043, "sensor_value": 15.57, "description": "dry-bulb temperature", "unit": "degC"}, "si7021_373a_02": {"reading_time": 1641094743.5906043, "sensor_value": 46.7, "description": "relative humidity", "unit": "%"}}, {"si7021_373a_01": {"reading_time": 1641094773.6497831, "sensor_value": 15.56, "description": "dry-bulb temperature", "unit": "degC"}, "si7021_373a_02": {"reading_time": 1641094773.6497831, "sensor_value": 46.68, "description": "relative humidity", "unit": "%"}}, {"si7021_373a_01": {"reading_time": 1641094803.709217, "sensor_value": 15.59, "description": "dry-bulb temperature", "unit": "degC"}, "si7021_373a_02": {"reading_time": 1641094803.709217, "sensor_value": 46.68, "description": "relative humidity", "unit": "%"}}, {"si7021_373a_01": {"reading_time": 1641094833.7684677, "sensor_value": 15.57, "description": "dry-bulb temperature", "unit": "degC"}, "si7021_373a_02": {"reading_time": 1641094833.7684677, "sensor_value": 46.69, "description": "relative humidity", "unit": "%"}}][{"si7021_373a_01": {"reading_time": 1641094863.8296409, "sensor_value": 15.57, "description": "dry-bulb temperature", "unit": "degC"}, "si7021_373a_02": {"reading_time": 1641094863.8296409, "sensor_value": 46.69, "description": "relative humidity", "unit": "%"}}, {"si7021_373a_01": {"reading_time": 1641094893.8886647, "sensor_value": 15.58, "description": "dry-bulb temperature", "unit": "degC"}, "si7021_373a_02": {"reading_time": 1641094893.8886647, "sensor_value": 46.67, "description": "relative humidity", "unit": "%"}}, {"si7021_373a_01": {"reading_time": 1641094923.9245696, "sensor_value": 15.55, "description": "dry-bulb temperature", "unit": "degC"}, "si7021_373a_02": {"reading_time": 1641094923.9245696, "sensor_value": 46.71, "description": "relative humidity", "unit": "%"}}, {"si7021_373a_01": {"reading_time": 1641094953.9645648, "sensor_value": 15.59, "description": "dry-bulb temperature", "unit": "degC"}, "si7021_373a_02": {"reading_time": 1641094953.9645648, "sensor_value": 46.7, "description": "relative humidity", "unit": "%"}}][{"si7021_373a_01": {"reading_time": 1641094984.0262809, "sensor_value": 15.58, "description": "dry-bulb temperature", "unit": "degC"}, "si7021_373a_02": {"reading_time": 1641094984.0262809, "sensor_value": 46.67, "description": "relative humidity", "unit": "%"}}, {"si7021_373a_01": {"reading_time": 1641095014.085282, "sensor_value": 15.58, "description": "dry-bulb temperature", "unit": "degC"}, "si7021_373a_02": {"reading_time": 1641095014.085282, "sensor_value": 46.67, "description": "relative humidity", "unit": "%"}}, {"si7021_373a_01": {"reading_time": 1641095044.1443758, "sensor_value": 15.58, "description": "dry-bulb temperature", "unit": "degC"}, "si7021_373a_02": {"reading_time": 1641095044.1443758, "sensor_value": 46.67, "description": "relative humidity", "unit": "%"}}, {"si7021_373a_01": {"reading_time": 1641095074.2036462, "sensor_value": 15.57, "description": "dry-bulb temperature", "unit": "degC"}, "si7021_373a_02": {"reading_time": 1641095074.2036462, "sensor_value": 46.68, "description": "relative humidity", "unit": "%"}}][{"si7021_373a_01": {"reading_time": 1641095104.2358184, "sensor_value": 15.59, "description": "dry-bulb temperature", "unit": "degC"}, "si7021_373a_02": {"reading_time": 1641095104.2358184, "sensor_value": 46.67, "description": "relative humidity", "unit": "%"}}, {"si7021_373a_01": {"reading_time": 1641095134.2675323, "sensor_value": 15.58, "description": "dry-bulb temperature", "unit": "degC"}, "si7021_373a_02": {"reading_time": 1641095134.2675323, "sensor_value": 46.64, "description": "relative humidity", "unit": "%"}}, {"si7021_373a_01": {"reading_time": 1641095164.3266926, "sensor_value": 15.58, "description": "dry-bulb temperature", "unit": "degC"}, "si7021_373a_02": {"reading_time": 1641095164.3266926, "sensor_value": 46.65, "description": "relative humidity", "unit": "%"}}, {"si7021_373a_01": {"reading_time": 1641095194.3859448, "sensor_value": 15.56, "description": "dry-bulb temperature", "unit": "degC"}, "si7021_373a_02": {"reading_time": 1641095194.3859448, "sensor_value": 46.64, "description": "relative humidity", "unit": "%"}}][{"si7021_373a_01": {"reading_time": 1641095224.4402926, "sensor_value": 15.57, "description": "dry-bulb temperature", "unit": "degC"}, "si7021_373a_02": {"reading_time": 1641095224.4402926, "sensor_value": 46.64, "description": "relative humidity", "unit": "%"}}, {"si7021_373a_01": {"reading_time": 1641095254.4994311, "sensor_value": 15.57, "description": "dry-bulb temperature", "unit": "degC"}, "si7021_373a_02": {"reading_time": 1641095254.4994311, "sensor_value": 46.65, "description": "relative humidity", "unit": "%"}}, {"si7021_373a_01": {"reading_time": 1641095284.554563, "sensor_value": 15.58, "description": "dry-bulb temperature", "unit": "degC"}, "si7021_373a_02": {"reading_time": 1641095284.554563, "sensor_value": 46.64, "description": "relative humidity", "unit": "%"}}, {"si7021_373a_01": {"reading_time": 1641095314.614539, "sensor_value": 15.57, "description": "dry-bulb temperature", "unit": "degC"}, "si7021_373a_02": {"reading_time": 1641095314.614539, "sensor_value": 46.62, "description": "relative humidity", "unit": "%"}}][{"si7021_373a_01": {"reading_time": 1641095344.6760068, "sensor_value": 15.56, "description": "dry-bulb temperature", "unit": "degC"}, "si7021_373a_02": {"reading_time": 1641095344.6760068, "sensor_value": 46.59, "description": "relative humidity", "unit": "%"}}, {"si7021_373a_01": {"reading_time": 1641095374.7145743, "sensor_value": 15.55, "description": "dry-bulb temperature", "unit": "degC"}, "si7021_373a_02": {"reading_time": 1641095374.7145743, "sensor_value": 46.59, "description": "relative humidity", "unit": "%"}}, {"si7021_373a_01": {"reading_time": 1641095404.754597, "sensor_value": 15.57, "description": "dry-bulb temperature", "unit": "degC"}, "si7021_373a_02": {"reading_time": 1641095404.754597, "sensor_value": 46.58, "description": "relative humidity", "unit": "%"}}, {"si7021_373a_01": {"reading_time": 1641095434.8045833, "sensor_value": 15.56, "description": "dry-bulb temperature", "unit": "degC"}, "si7021_373a_02": {"reading_time": 1641095434.8045833, "sensor_value": 46.59, "description": "relative humidity", "unit": "%"}}][{"si7021_373a_01": {"reading_time": 1641095464.8428283, "sensor_value": 15.56, "description": "dry-bulb temperature", "unit": "degC"}, "si7021_373a_02": {"reading_time": 1641095464.8428283, "sensor_value": 46.61, "description": "relative humidity", "unit": "%"}}, {"si7021_373a_01": {"reading_time": 1641095494.8975375, "sensor_value": 15.53, "description": "dry-bulb temperature", "unit": "degC"}, "si7021_373a_02": {"reading_time": 1641095494.8975375, "sensor_value": 46.61, "description": "relative humidity", "unit": "%"}}, {"si7021_373a_01": {"reading_time": 1641095524.9327433, "sensor_value": 15.54, "description": "dry-bulb temperature", "unit": "degC"}, "si7021_373a_02": {"reading_time": 1641095524.9327433, "sensor_value": 46.62, "description": "relative humidity", "unit": "%"}}, {"si7021_373a_01": {"reading_time": 1641095554.9794657, "sensor_value": 15.55, "description": "dry-bulb temperature", "unit": "degC"}, "si7021_373a_02": {"reading_time": 1641095554.9794657, "sensor_value": 46.6, "description": "relative humidity", "unit": "%"}}][{"si7021_373a_01": {"reading_time": 1641095585.0420516, "sensor_value": 15.56, "description": "dry-bulb temperature", "unit": "degC"}, "si7021_373a_02": {"reading_time": 1641095585.0420516, "sensor_value": 46.59, "description": "relative humidity", "unit": "%"}}, {"si7021_373a_01": {"reading_time": 1641095615.0780742, "sensor_value": 15.55, "description": "dry-bulb temperature", "unit": "degC"}, "si7021_373a_02": {"reading_time": 1641095615.0780742, "sensor_value": 46.59, "description": "relative humidity", "unit": "%"}}, {"si7021_373a_01": {"reading_time": 1641095645.1371331, "sensor_value": 15.55, "description": "dry-bulb temperature", "unit": "degC"}, "si7021_373a_02": {"reading_time": 1641095645.1371331, "sensor_value": 46.61, "description": "relative humidity", "unit": "%"}}, {"si7021_373a_01": {"reading_time": 1641095675.1966586, "sensor_value": 15.56, "description": "dry-bulb temperature", "unit": "degC"}, "si7021_373a_02": {"reading_time": 1641095675.1966586, "sensor_value": 46.58, "description": "relative humidity", "unit": "%"}}][{"si7021_373a_01": {"reading_time": 1641095705.2573013, "sensor_value": 15.57, "description": "dry-bulb temperature", "unit": "degC"}, "si7021_373a_02": {"reading_time": 1641095705.2573013, "sensor_value": 46.58, "description": "relative humidity", "unit": "%"}}, {"si7021_373a_01": {"reading_time": 1641095735.3157456, "sensor_value": 15.55, "description": "dry-bulb temperature", "unit": "degC"}, "si7021_373a_02": {"reading_time": 1641095735.3157456, "sensor_value": 46.56, "description": "relative humidity", "unit": "%"}}, {"si7021_373a_01": {"reading_time": 1641095765.3742077, "sensor_value": 15.56, "description": "dry-bulb temperature", "unit": "degC"}, "si7021_373a_02": {"reading_time": 1641095765.3742077, "sensor_value": 46.56, "description": "relative humidity", "unit": "%"}}, {"si7021_373a_01": {"reading_time": 1641095795.4324236, "sensor_value": 15.55, "description": "dry-bulb temperature", "unit": "degC"}, "si7021_373a_02": {"reading_time": 1641095795.4324236, "sensor_value": 46.58, "description": "relative humidity", "unit": "%"}}][{"si7021_373a_01": {"reading_time": 1641095825.4933455, "sensor_value": 15.56, "description": "dry-bulb temperature", "unit": "degC"}, "si7021_373a_02": {"reading_time": 1641095825.4933455, "sensor_value": 46.61, "description": "relative humidity", "unit": "%"}}, {"si7021_373a_01": {"reading_time": 1641095855.5445652, "sensor_value": 15.54, "description": "dry-bulb temperature", "unit": "degC"}, "si7021_373a_02": {"reading_time": 1641095855.5445652, "sensor_value": 46.59, "description": "relative humidity", "unit": "%"}}, {"si7021_373a_01": {"reading_time": 1641095885.602764, "sensor_value": 15.56, "description": "dry-bulb temperature", "unit": "degC"}, "si7021_373a_02": {"reading_time": 1641095885.602764, "sensor_value": 46.6, "description": "relative humidity", "unit": "%"}}, {"si7021_373a_01": {"reading_time": 1641095915.6611924, "sensor_value": 15.55, "description": "dry-bulb temperature", "unit": "degC"}, "si7021_373a_02": {"reading_time": 1641095915.6611924, "sensor_value": 46.56, "description": "relative humidity", "unit": "%"}}]