[{"si7021_373a_01": {"reading_time": 1641099552.2075245, "sensor_value": 15.51, "description": "dry-bulb temperature", "unit": "degC"}, "si7021_373a_02": {"reading_time": 1641099552.2075245, "sensor_value": 46.3, "description": "relative humidity", "unit": "%"}}, {"si7021_373a_01": {"reading_time": 1641099582.2659097, "sensor_value": 15.51, "description": "dry-bulb temperature", "unit": "degC"}, "si7021_373a_02": {"reading_time": 1641099582.2659097, "sensor_value": 46.29, "description": "relative humidity", "unit": "%"}}, {"si7021_373a_01": {"reading_time": 1641099612.324114, "sensor_value": 15.51, "description": "dry-bulb temperature", "unit": "degC"}, "si7021_373a_02": {"reading_time": 1641099612.324114, "sensor_value": 46.3, "description": "relative humidity", "unit": "%"}}, {"si7021_373a_01": {"reading_time": 1641099642.3823235, "sensor_value": 15.53, "description": "dry-bulb temperature", "unit": "degC"}, "si7021_373a_02": {"reading_time": 1641099642.3823235, "sensor_value": 46.3, "description": "relative humidity", "unit": "%"}}][{"si7021_373a_01": {"reading_time": 1641099672.4447138, "sensor_value": 15.51, "description": "dry-bulb temperature", "unit": "degC"}, "si7021_373a_02": {"reading_time": 1641099672.4447138, "sensor_value": 46.33, "description": "relative humidity", "unit": "%"}}, {"si7021_373a_01": {"reading_time": 1641099702.503202, "sensor_value": 15.52, "description": "dry-bulb temperature", "unit": "degC"}, "si7021_373a_02": {"reading_time": 1641099702.503202, "sensor_value": 46.32, "description": "relative humidity", "unit": "%"}}, {"si7021_373a_01": {"reading_time": 1641099732.56144, "sensor_value": 15.51, "description": "dry-bulb temperature", "unit": "degC"}, "si7021_373a_02": {"reading_time": 1641099732.56144, "sensor_value": 46.32, "description": "relative humidity", "unit": "%"}}, {"si7021_373a_01": {"reading_time": 1641099762.6197443, "sensor_value": 15.51, "description": "dry-bulb temperature", "unit": "degC"}, "si7021_373a_02": {"reading_time": 1641099762.6197443, "sensor_value": 46.31, "description": "relative humidity", "unit": "%"}}][{"si7021_373a_01": {"reading_time": 1641099792.6808488, "sensor_value": 15.52, "description": "dry-bulb temperature", "unit": "degC"}, "si7021_373a_02": {"reading_time": 1641099792.6808488, "sensor_value": 46.3, "description": "relative humidity", "unit": "%"}}, {"si7021_373a_01": {"reading_time": 1641099822.7392333, "sensor_value": 15.51, "description": "dry-bulb temperature", "unit": "degC"}, "si7021_373a_02": {"reading_time": 1641099822.7392333, "sensor_value": 46.3, "description": "relative humidity", "unit": "%"}}, {"si7021_373a_01": {"reading_time": 1641099852.79752, "sensor_value": 15.53, "description": "dry-bulb temperature", "unit": "degC"}, "si7021_373a_02": {"reading_time": 1641099852.79752, "sensor_value": 46.27, "description": "relative humidity", "unit": "%"}}, {"si7021_373a_01": {"reading_time": 1641099882.8558164, "sensor_value": 15.51, "description": "dry-bulb temperature", "unit": "degC"}, "si7021_373a_02": {"reading_time": 1641099882.8558164, "sensor_value": 46.32, "description": "relative humidity", "unit": "%"}}][{"si7021_373a_01": {"reading_time": 1641099912.9217994, "sensor_value": 15.51, "description": "dry-bulb temperature", "unit": "degC"}, "si7021_373a_02": {"reading_time": 1641099912.9217994, "sensor_value": 46.32, "description": "relative humidity", "unit": "%"}}, {"si7021_373a_01": {"reading_time": 1641099942.9807532, "sensor_value": 15.51, "description": "dry-bulb temperature", "unit": "degC"}, "si7021_373a_02": {"reading_time": 1641099942.9807532, "sensor_value": 46.33, "description": "relative humidity", "unit": "%"}}, {"si7021_373a_01": {"reading_time": 1641099973.0339615, "sensor_value": 15.52, "description": "dry-bulb temperature", "unit": "degC"}, "si7021_373a_02": {"reading_time": 1641099973.0339615, "sensor_value": 46.32, "description": "relative humidity", "unit": "%"}}, {"si7021_373a_01": {"reading_time": 1641100003.0806534, "sensor_value": 15.52, "description": "dry-bulb temperature", "unit": "degC"}, "si7021_373a_02": {"reading_time": 1641100003.0806534, "sensor_value": 46.32, "description": "relative humidity", "unit": "%"}}][{"si7021_373a_01": {"reading_time": 1641100033.1298225, "sensor_value": 15.51, "description": "dry-bulb temperature", "unit": "degC"}, "si7021_373a_02": {"reading_time": 1641100033.1298225, "sensor_value": 46.33, "description": "relative humidity", "unit": "%"}}, {"si7021_373a_01": {"reading_time": 1641100063.159828, "sensor_value": 15.54, "description": "dry-bulb temperature", "unit": "degC"}, "si7021_373a_02": {"reading_time": 1641100063.159828, "sensor_value": 46.35, "description": "relative humidity", "unit": "%"}}, {"si7021_373a_01": {"reading_time": 1641100093.21896, "sensor_value": 15.52, "description": "dry-bulb temperature", "unit": "degC"}, "si7021_373a_02": {"reading_time": 1641100093.21896, "sensor_value": 46.34, "description": "relative humidity", "unit": "%"}}, {"si7021_373a_01": {"reading_time": 1641100123.2779782, "sensor_value": 15.52, "description": "dry-bulb temperature", "unit": "degC"}, "si7021_373a_02": {"reading_time": 1641100123.2779782, "sensor_value": 46.33, "description": "relative humidity", "unit": "%"}}][{"si7021_373a_01": {"reading_time": 1641100153.3397007, "sensor_value": 15.53, "description": "dry-bulb temperature", "unit": "degC"}, "si7021_373a_02": {"reading_time": 1641100153.3397007, "sensor_value": 46.33, "description": "relative humidity", "unit": "%"}}, {"si7021_373a_01": {"reading_time": 1641100183.38023, "sensor_value": 15.54, "description": "dry-bulb temperature", "unit": "degC"}, "si7021_373a_02": {"reading_time": 1641100183.38023, "sensor_value": 46.35, "description": "relative humidity", "unit": "%"}}, {"si7021_373a_01": {"reading_time": 1641100213.4345639, "sensor_value": 15.54, "description": "dry-bulb temperature", "unit": "degC"}, "si7021_373a_02": {"reading_time": 1641100213.4345639, "sensor_value": 46.33, "description": "relative humidity", "unit": "%"}}, {"si7021_373a_01": {"reading_time": 1641100243.4934447, "sensor_value": 15.52, "description": "dry-bulb temperature", "unit": "degC"}, "si7021_373a_02": {"reading_time": 1641100243.4934447, "sensor_value": 46.32, "description": "relative humidity", "unit": "%"}}][{"si7021_373a_01": {"reading_time": 1641100273.5473278, "sensor_value": 15.55, "description": "dry-bulb temperature", "unit": "degC"}, "si7021_373a_02": {"reading_time": 1641100273.5473278, "sensor_value": 46.32, "description": "relative humidity", "unit": "%"}}, {"si7021_373a_01": {"reading_time": 1641100303.604837, "sensor_value": 15.52, "description": "dry-bulb temperature", "unit": "degC"}, "si7021_373a_02": {"reading_time": 1641100303.604837, "sensor_value": 46.33, "description": "relative humidity", "unit": "%"}}, {"si7021_373a_01": {"reading_time": 1641100333.6635692, "sensor_value": 15.55, "description": "dry-bulb temperature", "unit": "degC"}, "si7021_373a_02": {"reading_time": 1641100333.6635692, "sensor_value": 46.33, "description": "relative humidity", "unit": "%"}}, {"si7021_373a_01": {"reading_time": 1641100363.7218876, "sensor_value": 15.54, "description": "dry-bulb temperature", "unit": "degC"}, "si7021_373a_02": {"reading_time": 1641100363.7218876, "sensor_value": 46.3, "description": "relative humidity", "unit": "%"}}][{"si7021_373a_01": {"reading_time": 1641100393.783037, "sensor_value": 15.55, "description": "dry-bulb temperature", "unit": "degC"}, "si7021_373a_02": {"reading_time": 1641100393.783037, "sensor_value": 46.3, "description": "relative humidity", "unit": "%"}}, {"si7021_373a_01": {"reading_time": 1641100423.8424332, "sensor_value": 15.52, "description": "dry-bulb temperature", "unit": "degC"}, "si7021_373a_02": {"reading_time": 1641100423.8424332, "sensor_value": 46.31, "description": "relative humidity", "unit": "%"}}, {"si7021_373a_01": {"reading_time": 1641100453.8770523, "sensor_value": 15.53, "description": "dry-bulb temperature", "unit": "degC"}, "si7021_373a_02": {"reading_time": 1641100453.8770523, "sensor_value": 46.33, "description": "relative humidity", "unit": "%"}}, {"si7021_373a_01": {"reading_time": 1641100483.9347672, "sensor_value": 15.53, "description": "dry-bulb temperature", "unit": "degC"}, "si7021_373a_02": {"reading_time": 1641100483.9347672, "sensor_value": 46.32, "description": "relative humidity", "unit": "%"}}][{"si7021_373a_01": {"reading_time": 1641100514.001114, "sensor_value": 15.55, "description": "dry-bulb temperature", "unit": "degC"}, "si7021_373a_02": {"reading_time": 1641100514.001114, "sensor_value": 46.31, "description": "relative humidity", "unit": "%"}}, {"si7021_373a_01": {"reading_time": 1641100544.0595093, "sensor_value": 15.54, "description": "dry-bulb temperature", "unit": "degC"}, "si7021_373a_02": {"reading_time": 1641100544.0595093, "sensor_value": 46.3, "description": "relative humidity", "unit": "%"}}, {"si7021_373a_01": {"reading_time": 1641100574.1179595, "sensor_value": 15.55, "description": "dry-bulb temperature", "unit": "degC"}, "si7021_373a_02": {"reading_time": 1641100574.1179595, "sensor_value": 46.32, "description": "relative humidity", "unit": "%"}}, {"si7021_373a_01": {"reading_time": 1641100604.1771455, "sensor_value": 15.53, "description": "dry-bulb temperature", "unit": "degC"}, "si7021_373a_02": {"reading_time": 1641100604.1771455, "sensor_value": 46.33, "description": "relative humidity", "unit": "%"}}][{"si7021_373a_01": {"reading_time": 1641100634.2381148, "sensor_value": 15.53, "description": "dry-bulb temperature", "unit": "degC"}, "si7021_373a_02": {"reading_time": 1641100634.2381148, "sensor_value": 46.3, "description": "relative humidity", "unit": "%"}}, {"si7021_373a_01": {"reading_time": 1641100664.2973216, "sensor_value": 15.54, "description": "dry-bulb temperature", "unit": "degC"}, "si7021_373a_02": {"reading_time": 1641100664.2973216, "sensor_value": 46.31, "description": "relative humidity", "unit": "%"}}, {"si7021_373a_01": {"reading_time": 1641100694.357296, "sensor_value": 15.52, "description": "dry-bulb temperature", "unit": "degC"}, "si7021_373a_02": {"reading_time": 1641100694.357296, "sensor_value": 46.32, "description": "relative humidity", "unit": "%"}}, {"si7021_373a_01": {"reading_time": 1641100724.4168162, "sensor_value": 15.53, "description": "dry-bulb temperature", "unit": "degC"}, "si7021_373a_02": {"reading_time": 1641100724.4168162, "sensor_value": 46.3, "description": "relative humidity", "unit": "%"}}][{"si7021_373a_01": {"reading_time": 1641100754.4791617, "sensor_value": 15.51, "description": "dry-bulb temperature", "unit": "degC"}, "si7021_373a_02": {"reading_time": 1641100754.4791617, "sensor_value": 46.33, "description": "relative humidity", "unit": "%"}}, {"si7021_373a_01": {"reading_time": 1641100784.5288448, "sensor_value": 15.52, "description": "dry-bulb temperature", "unit": "degC"}, "si7021_373a_02": {"reading_time": 1641100784.5288448, "sensor_value": 46.33, "description": "relative humidity", "unit": "%"}}, {"si7021_373a_01": {"reading_time": 1641100814.5883975, "sensor_value": 15.54, "description": "dry-bulb temperature", "unit": "degC"}, "si7021_373a_02": {"reading_time": 1641100814.5883975, "sensor_value": 46.33, "description": "relative humidity", "unit": "%"}}, {"si7021_373a_01": {"reading_time": 1641100844.6447258, "sensor_value": 15.51, "description": "dry-bulb temperature", "unit": "degC"}, "si7021_373a_02": {"reading_time": 1641100844.6447258, "sensor_value": 46.34, "description": "relative humidity", "unit": "%"}}][{"si7021_373a_01": {"reading_time": 1641100874.7067266, "sensor_value": 15.52, "description": "dry-bulb temperature", "unit": "degC"}, "si7021_373a_02": {"reading_time": 1641100874.7067266, "sensor_value": 46.32, "description": "relative humidity", "unit": "%"}}, {"si7021_373a_01": {"reading_time": 1641100904.7670474, "sensor_value": 15.53, "description": "dry-bulb temperature", "unit": "degC"}, "si7021_373a_02": {"reading_time": 1641100904.7670474, "sensor_value": 46.35, "description": "relative humidity", "unit": "%"}}, {"si7021_373a_01": {"reading_time": 1641100934.8264344, "sensor_value": 15.52, "description": "dry-bulb temperature", "unit": "degC"}, "si7021_373a_02": {"reading_time": 1641100934.8264344, "sensor_value": 46.36, "description": "relative humidity", "unit": "%"}}, {"si7021_373a_01": {"reading_time": 1641100964.8858235, "sensor_value": 15.53, "description": "dry-bulb temperature", "unit": "degC"}, "si7021_373a_02": {"reading_time": 1641100964.8858235, "sensor_value": 46.36, "description": "relative humidity", "unit": "%"}}][{"si7021_373a_01": {"reading_time": 1641100994.9480314, "sensor_value": 15.54, "description": "dry-bulb temperature", "unit": "degC"}, "si7021_373a_02": {"reading_time": 1641100994.9480314, "sensor_value": 46.34, "description": "relative humidity", "unit": "%"}}, {"si7021_373a_01": {"reading_time": 1641101025.007134, "sensor_value": 15.53, "description": "dry-bulb temperature", "unit": "degC"}, "si7021_373a_02": {"reading_time": 1641101025.007134, "sensor_value": 46.36, "description": "relative humidity", "unit": "%"}}, {"si7021_373a_01": {"reading_time": 1641101055.0503888, "sensor_value": 15.54, "description": "dry-bulb temperature", "unit": "degC"}, "si7021_373a_02": {"reading_time": 1641101055.0503888, "sensor_value": 46.33, "description": "relative humidity", "unit": "%"}}, {"si7021_373a_01": {"reading_time": 1641101085.113509, "sensor_value": 15.52, "description": "dry-bulb temperature", "unit": "degC"}, "si7021_373a_02": {"reading_time": 1641101085.113509, "sensor_value": 46.34, "description": "relative humidity", "unit": "%"}}][{"si7021_373a_01": {"reading_time": 1641101115.174922, "sensor_value": 15.53, "description": "dry-bulb temperature", "unit": "degC"}, "si7021_373a_02": {"reading_time": 1641101115.174922, "sensor_value": 46.36, "description": "relative humidity", "unit": "%"}}, {"si7021_373a_01": {"reading_time": 1641101145.2342138, "sensor_value": 15.54, "description": "dry-bulb temperature", "unit": "degC"}, "si7021_373a_02": {"reading_time": 1641101145.2342138, "sensor_value": 46.36, "description": "relative humidity", "unit": "%"}}, {"si7021_373a_01": {"reading_time": 1641101175.29329, "sensor_value": 15.55, "description": "dry-bulb temperature", "unit": "degC"}, "si7021_373a_02": {"reading_time": 1641101175.29329, "sensor_value": 46.36, "description": "relative humidity", "unit": "%"}}, {"si7021_373a_01": {"reading_time": 1641101205.3523924, "sensor_value": 15.55, "description": "dry-bulb temperature", "unit": "degC"}, "si7021_373a_02": {"reading_time": 1641101205.3523924, "sensor_value": 46.34, "description": "relative humidity", "unit": "%"}}][{"si7021_373a_01": {"reading_time": 1641101235.4145799, "sensor_value": 15.54, "description": "dry-bulb temperature", "unit": "degC"}, "si7021_373a_02": {"reading_time": 1641101235.4145799, "sensor_value": 46.36, "description": "relative humidity", "unit": "%"}}, {"si7021_373a_01": {"reading_time": 1641101265.4737086, "sensor_value": 15.53, "description": "dry-bulb temperature", "unit": "degC"}, "si7021_373a_02": {"reading_time": 1641101265.4737086, "sensor_value": 46.35, "description": "relative humidity", "unit": "%"}}, {"si7021_373a_01": {"reading_time": 1641101295.5329604, "sensor_value": 15.53, "description": "dry-bulb temperature", "unit": "degC"}, "si7021_373a_02": {"reading_time": 1641101295.5329604, "sensor_value": 46.33, "description": "relative humidity", "unit": "%"}}, {"si7021_373a_01": {"reading_time": 1641101325.592095, "sensor_value": 15.52, "description": "dry-bulb temperature", "unit": "degC"}, "si7021_373a_02": {"reading_time": 1641101325.592095, "sensor_value": 46.34, "description": "relative humidity", "unit": "%"}}][{"si7021_373a_01": {"reading_time": 1641101355.6539147, "sensor_value": 15.53, "description": "dry-bulb temperature", "unit": "degC"}, "si7021_373a_02": {"reading_time": 1641101355.6539147, "sensor_value": 46.33, "description": "relative humidity", "unit": "%"}}, {"si7021_373a_01": {"reading_time": 1641101385.7066648, "sensor_value": 15.53, "description": "dry-bulb temperature", "unit": "degC"}, "si7021_373a_02": {"reading_time": 1641101385.7066648, "sensor_value": 46.34, "description": "relative humidity", "unit": "%"}}, {"si7021_373a_01": {"reading_time": 1641101415.752673, "sensor_value": 15.54, "description": "dry-bulb temperature", "unit": "degC"}, "si7021_373a_02": {"reading_time": 1641101415.752673, "sensor_value": 46.36, "description": "relative humidity", "unit": "%"}}, {"si7021_373a_01": {"reading_time": 1641101445.7982051, "sensor_value": 15.54, "description": "dry-bulb temperature", "unit": "degC"}, "si7021_373a_02": {"reading_time": 1641101445.7982051, "sensor_value": 46.33, "description": "relative humidity", "unit": "%"}}][{"si7021_373a_01": {"reading_time": 1641101475.8443253, "sensor_value": 15.51, "description": "dry-bulb temperature", "unit": "degC"}, "si7021_373a_02": {"reading_time": 1641101475.8443253, "sensor_value": 46.36, "description": "relative humidity", "unit": "%"}}, {"si7021_373a_01": {"reading_time": 1641101505.8866801, "sensor_value": 15.52, "description": "dry-bulb temperature", "unit": "degC"}, "si7021_373a_02": {"reading_time": 1641101505.8866801, "sensor_value": 46.35, "description": "relative humidity", "unit": "%"}}, {"si7021_373a_01": {"reading_time": 1641101535.9479418, "sensor_value": 15.52, "description": "dry-bulb temperature", "unit": "degC"}, "si7021_373a_02": {"reading_time": 1641101535.9479418, "sensor_value": 46.35, "description": "relative humidity", "unit": "%"}}, {"si7021_373a_01": {"reading_time": 1641101566.0062392, "sensor_value": 15.54, "description": "dry-bulb temperature", "unit": "degC"}, "si7021_373a_02": {"reading_time": 1641101566.0062392, "sensor_value": 46.36, "description": "relative humidity", "unit": "%"}}][{"si7021_373a_01": {"reading_time": 1641101596.0673504, "sensor_value": 15.53, "description": "dry-bulb temperature", "unit": "degC"}, "si7021_373a_02": {"reading_time": 1641101596.0673504, "sensor_value": 46.36, "description": "relative humidity", "unit": "%"}}, {"si7021_373a_01": {"reading_time": 1641101626.1262357, "sensor_value": 15.49, "description": "dry-bulb temperature", "unit": "degC"}, "si7021_373a_02": {"reading_time": 1641101626.1262357, "sensor_value": 46.37, "description": "relative humidity", "unit": "%"}}, {"si7021_373a_01": {"reading_time": 1641101656.1858077, "sensor_value": 15.51, "description": "dry-bulb temperature", "unit": "degC"}, "si7021_373a_02": {"reading_time": 1641101656.1858077, "sensor_value": 46.34, "description": "relative humidity", "unit": "%"}}, {"si7021_373a_01": {"reading_time": 1641101686.2449994, "sensor_value": 15.51, "description": "dry-bulb temperature", "unit": "degC"}, "si7021_373a_02": {"reading_time": 1641101686.2449994, "sensor_value": 46.36, "description": "relative humidity", "unit": "%"}}][{"si7021_373a_01": {"reading_time": 1641101716.3067338, "sensor_value": 15.51, "description": "dry-bulb temperature", "unit": "degC"}, "si7021_373a_02": {"reading_time": 1641101716.3067338, "sensor_value": 46.36, "description": "relative humidity", "unit": "%"}}, {"si7021_373a_01": {"reading_time": 1641101746.3658192, "sensor_value": 15.51, "description": "dry-bulb temperature", "unit": "degC"}, "si7021_373a_02": {"reading_time": 1641101746.3658192, "sensor_value": 46.38, "description": "relative humidity", "unit": "%"}}, {"si7021_373a_01": {"reading_time": 1641101776.4255943, "sensor_value": 15.49, "description": "dry-bulb temperature", "unit": "degC"}, "si7021_373a_02": {"reading_time": 1641101776.4255943, "sensor_value": 46.37, "description": "relative humidity", "unit": "%"}}, {"si7021_373a_01": {"reading_time": 1641101806.4833856, "sensor_value": 15.51, "description": "dry-bulb temperature", "unit": "degC"}, "si7021_373a_02": {"reading_time": 1641101806.4833856, "sensor_value": 46.38, "description": "relative humidity", "unit": "%"}}][{"si7021_373a_01": {"reading_time": 1641101836.5230837, "sensor_value": 15.51, "description": "dry-bulb temperature", "unit": "degC"}, "si7021_373a_02": {"reading_time": 1641101836.5230837, "sensor_value": 46.4, "description": "relative humidity", "unit": "%"}}, {"si7021_373a_01": {"reading_time": 1641101866.5800183, "sensor_value": 15.52, "description": "dry-bulb temperature", "unit": "degC"}, "si7021_373a_02": {"reading_time": 1641101866.5800183, "sensor_value": 46.37, "description": "relative humidity", "unit": "%"}}, {"si7021_373a_01": {"reading_time": 1641101896.6392775, "sensor_value": 15.51, "description": "dry-bulb temperature", "unit": "degC"}, "si7021_373a_02": {"reading_time": 1641101896.6392775, "sensor_value": 46.39, "description": "relative humidity", "unit": "%"}}, {"si7021_373a_01": {"reading_time": 1641101926.6839488, "sensor_value": 15.52, "description": "dry-bulb temperature", "unit": "degC"}, "si7021_373a_02": {"reading_time": 1641101926.6839488, "sensor_value": 46.37, "description": "relative humidity", "unit": "%"}}][{"si7021_373a_01": {"reading_time": 1641101956.733909, "sensor_value": 15.54, "description": "dry-bulb temperature", "unit": "degC"}, "si7021_373a_02": {"reading_time": 1641101956.733909, "sensor_value": 46.36, "description": "relative humidity", "unit": "%"}}, {"si7021_373a_01": {"reading_time": 1641101986.79283, "sensor_value": 15.52, "description": "dry-bulb temperature", "unit": "degC"}, "si7021_373a_02": {"reading_time": 1641101986.79283, "sensor_value": 46.39, "description": "relative humidity", "unit": "%"}}, {"si7021_373a_01": {"reading_time": 1641102016.8563952, "sensor_value": 15.53, "description": "dry-bulb temperature", "unit": "degC"}, "si7021_373a_02": {"reading_time": 1641102016.8563952, "sensor_value": 46.38, "description": "relative humidity", "unit": "%"}}, {"si7021_373a_01": {"reading_time": 1641102046.9194624, "sensor_value": 15.52, "description": "dry-bulb temperature", "unit": "degC"}, "si7021_373a_02": {"reading_time": 1641102046.9194624, "sensor_value": 46.39, "description": "relative humidity", "unit": "%"}}][{"si7021_373a_01": {"reading_time": 1641102076.9811904, "sensor_value": 15.52, "description": "dry-bulb temperature", "unit": "degC"}, "si7021_373a_02": {"reading_time": 1641102076.9811904, "sensor_value": 46.39, "description": "relative humidity", "unit": "%"}}, {"si7021_373a_01": {"reading_time": 1641102107.0128627, "sensor_value": 15.54, "description": "dry-bulb temperature", "unit": "degC"}, "si7021_373a_02": {"reading_time": 1641102107.0128627, "sensor_value": 46.39, "description": "relative humidity", "unit": "%"}}, {"si7021_373a_01": {"reading_time": 1641102137.0645647, "sensor_value": 15.52, "description": "dry-bulb temperature", "unit": "degC"}, "si7021_373a_02": {"reading_time": 1641102137.0645647, "sensor_value": 46.38, "description": "relative humidity", "unit": "%"}}, {"si7021_373a_01": {"reading_time": 1641102167.1283293, "sensor_value": 15.54, "description": "dry-bulb temperature", "unit": "degC"}, "si7021_373a_02": {"reading_time": 1641102167.1283293, "sensor_value": 46.39, "description": "relative humidity", "unit": "%"}}][{"si7021_373a_01": {"reading_time": 1641102197.1616182, "sensor_value": 15.52, "description": "dry-bulb temperature", "unit": "degC"}, "si7021_373a_02": {"reading_time": 1641102197.1616182, "sensor_value": 46.4, "description": "relative humidity", "unit": "%"}}, {"si7021_373a_01": {"reading_time": 1641102227.2045863, "sensor_value": 15.51, "description": "dry-bulb temperature", "unit": "degC"}, "si7021_373a_02": {"reading_time": 1641102227.2045863, "sensor_value": 46.37, "description": "relative humidity", "unit": "%"}}, {"si7021_373a_01": {"reading_time": 1641102257.2641542, "sensor_value": 15.53, "description": "dry-bulb temperature", "unit": "degC"}, "si7021_373a_02": {"reading_time": 1641102257.2641542, "sensor_value": 46.4, "description": "relative humidity", "unit": "%"}}, {"si7021_373a_01": {"reading_time": 1641102287.3146443, "sensor_value": 15.52, "description": "dry-bulb temperature", "unit": "degC"}, "si7021_373a_02": {"reading_time": 1641102287.3146443, "sensor_value": 46.38, "description": "relative humidity", "unit": "%"}}][{"si7021_373a_01": {"reading_time": 1641102317.3671257, "sensor_value": 15.52, "description": "dry-bulb temperature", "unit": "degC"}, "si7021_373a_02": {"reading_time": 1641102317.3671257, "sensor_value": 46.38, "description": "relative humidity", "unit": "%"}}, {"si7021_373a_01": {"reading_time": 1641102347.4257681, "sensor_value": 15.53, "description": "dry-bulb temperature", "unit": "degC"}, "si7021_373a_02": {"reading_time": 1641102347.4257681, "sensor_value": 46.37, "description": "relative humidity", "unit": "%"}}, {"si7021_373a_01": {"reading_time": 1641102377.4540834, "sensor_value": 15.51, "description": "dry-bulb temperature", "unit": "degC"}, "si7021_373a_02": {"reading_time": 1641102377.4540834, "sensor_value": 46.37, "description": "relative humidity", "unit": "%"}}, {"si7021_373a_01": {"reading_time": 1641102407.500288, "sensor_value": 15.51, "description": "dry-bulb temperature", "unit": "degC"}, "si7021_373a_02": {"reading_time": 1641102407.500288, "sensor_value": 46.4, "description": "relative humidity", "unit": "%"}}][{"si7021_373a_01": {"reading_time": 1641102437.5611923, "sensor_value": 15.53, "description": "dry-bulb temperature", "unit": "degC"}, "si7021_373a_02": {"reading_time": 1641102437.5611923, "sensor_value": 46.39, "description": "relative humidity", "unit": "%"}}, {"si7021_373a_01": {"reading_time": 1641102467.592426, "sensor_value": 15.51, "description": "dry-bulb temperature", "unit": "degC"}, "si7021_373a_02": {"reading_time": 1641102467.592426, "sensor_value": 46.39, "description": "relative humidity", "unit": "%"}}, {"si7021_373a_01": {"reading_time": 1641102497.62504, "sensor_value": 15.52, "description": "dry-bulb temperature", "unit": "degC"}, "si7021_373a_02": {"reading_time": 1641102497.62504, "sensor_value": 46.4, "description": "relative humidity", "unit": "%"}}, {"si7021_373a_01": {"reading_time": 1641102527.656997, "sensor_value": 15.51, "description": "dry-bulb temperature", "unit": "degC"}, "si7021_373a_02": {"reading_time": 1641102527.656997, "sensor_value": 46.43, "description": "relative humidity", "unit": "%"}}][{"si7021_373a_01": {"reading_time": 1641102557.718061, "sensor_value": 15.53, "description": "dry-bulb temperature", "unit": "degC"}, "si7021_373a_02": {"reading_time": 1641102557.718061, "sensor_value": 46.42, "description": "relative humidity", "unit": "%"}}, {"si7021_373a_01": {"reading_time": 1641102587.776892, "sensor_value": 15.49, "description": "dry-bulb temperature", "unit": "degC"}, "si7021_373a_02": {"reading_time": 1641102587.776892, "sensor_value": 46.4, "description": "relative humidity", "unit": "%"}}, {"si7021_373a_01": {"reading_time": 1641102617.8088524, "sensor_value": 15.51, "description": "dry-bulb temperature", "unit": "degC"}, "si7021_373a_02": {"reading_time": 1641102617.8088524, "sensor_value": 46.39, "description": "relative humidity", "unit": "%"}}, {"si7021_373a_01": {"reading_time": 1641102647.8381495, "sensor_value": 15.51, "description": "dry-bulb temperature", "unit": "degC"}, "si7021_373a_02": {"reading_time": 1641102647.8381495, "sensor_value": 46.42, "description": "relative humidity", "unit": "%"}}][{"si7021_373a_01": {"reading_time": 1641102677.8861606, "sensor_value": 15.52, "description": "dry-bulb temperature", "unit": "degC"}, "si7021_373a_02": {"reading_time": 1641102677.8861606, "sensor_value": 46.42, "description": "relative humidity", "unit": "%"}}, {"si7021_373a_01": {"reading_time": 1641102707.9379375, "sensor_value": 15.52, "description": "dry-bulb temperature", "unit": "degC"}, "si7021_373a_02": {"reading_time": 1641102707.9379375, "sensor_value": 46.42, "description": "relative humidity", "unit": "%"}}, {"si7021_373a_01": {"reading_time": 1641102737.9754832, "sensor_value": 15.52, "description": "dry-bulb temperature", "unit": "degC"}, "si7021_373a_02": {"reading_time": 1641102737.9754832, "sensor_value": 46.42, "description": "relative humidity", "unit": "%"}}, {"si7021_373a_01": {"reading_time": 1641102768.0065315, "sensor_value": 15.51, "description": "dry-bulb temperature", "unit": "degC"}, "si7021_373a_02": {"reading_time": 1641102768.0065315, "sensor_value": 46.42, "description": "relative humidity", "unit": "%"}}][{"si7021_373a_01": {"reading_time": 1641102798.0696738, "sensor_value": 15.51, "description": "dry-bulb temperature", "unit": "degC"}, "si7021_373a_02": {"reading_time": 1641102798.0696738, "sensor_value": 46.42, "description": "relative humidity", "unit": "%"}}, {"si7021_373a_01": {"reading_time": 1641102828.1006076, "sensor_value": 15.51, "description": "dry-bulb temperature", "unit": "degC"}, "si7021_373a_02": {"reading_time": 1641102828.1006076, "sensor_value": 46.42, "description": "relative humidity", "unit": "%"}}, {"si7021_373a_01": {"reading_time": 1641102858.157649, "sensor_value": 15.52, "description": "dry-bulb temperature", "unit": "degC"}, "si7021_373a_02": {"reading_time": 1641102858.157649, "sensor_value": 46.42, "description": "relative humidity", "unit": "%"}}, {"si7021_373a_01": {"reading_time": 1641102888.215952, "sensor_value": 15.51, "description": "dry-bulb temperature", "unit": "degC"}, "si7021_373a_02": {"reading_time": 1641102888.215952, "sensor_value": 46.41, "description": "relative humidity", "unit": "%"}}][{"si7021_373a_01": {"reading_time": 1641102918.2780972, "sensor_value": 15.52, "description": "dry-bulb temperature", "unit": "degC"}, "si7021_373a_02": {"reading_time": 1641102918.2780972, "sensor_value": 46.41, "description": "relative humidity", "unit": "%"}}, {"si7021_373a_01": {"reading_time": 1641102948.309265, "sensor_value": 15.51, "description": "dry-bulb temperature", "unit": "degC"}, "si7021_373a_02": {"reading_time": 1641102948.309265, "sensor_value": 46.42, "description": "relative humidity", "unit": "%"}}, {"si7021_373a_01": {"reading_time": 1641102978.3452897, "sensor_value": 15.49, "description": "dry-bulb temperature", "unit": "degC"}, "si7021_373a_02": {"reading_time": 1641102978.3452897, "sensor_value": 46.42, "description": "relative humidity", "unit": "%"}}, {"si7021_373a_01": {"reading_time": 1641103008.402156, "sensor_value": 15.51, "description": "dry-bulb temperature", "unit": "degC"}, "si7021_373a_02": {"reading_time": 1641103008.402156, "sensor_value": 46.42, "description": "relative humidity", "unit": "%"}}][{"si7021_373a_01": {"reading_time": 1641103038.464004, "sensor_value": 15.51, "description": "dry-bulb temperature", "unit": "degC"}, "si7021_373a_02": {"reading_time": 1641103038.464004, "sensor_value": 46.41, "description": "relative humidity", "unit": "%"}}, {"si7021_373a_01": {"reading_time": 1641103068.5207977, "sensor_value": 15.51, "description": "dry-bulb temperature", "unit": "degC"}, "si7021_373a_02": {"reading_time": 1641103068.5207977, "sensor_value": 46.42, "description": "relative humidity", "unit": "%"}}, {"si7021_373a_01": {"reading_time": 1641103098.5745747, "sensor_value": 15.51, "description": "dry-bulb temperature", "unit": "degC"}, "si7021_373a_02": {"reading_time": 1641103098.5745747, "sensor_value": 46.42, "description": "relative humidity", "unit": "%"}}, {"si7021_373a_01": {"reading_time": 1641103128.6106775, "sensor_value": 15.51, "description": "dry-bulb temperature", "unit": "degC"}, "si7021_373a_02": {"reading_time": 1641103128.6106775, "sensor_value": 46.45, "description": "relative humidity", "unit": "%"}}]