[{"si7021_373a_01": {"reading_time": 1641052790.7603712, "sensor_value": 15.57, "description": "dry-bulb temperature", "unit": "degC"}, "si7021_373a_02": {"reading_time": 1641052790.7603712, "sensor_value": 48.49, "description": "relative humidity", "unit": "%"}}, {"si7021_373a_01": {"reading_time": 1641052820.804583, "sensor_value": 15.58, "description": "dry-bulb temperature", "unit": "degC"}, "si7021_373a_02": {"reading_time": 1641052820.804583, "sensor_value": 48.49, "description": "relative humidity", "unit": "%"}}, {"si7021_373a_01": {"reading_time": 1641052850.8445845, "sensor_value": 15.58, "description": "dry-bulb temperature", "unit": "degC"}, "si7021_373a_02": {"reading_time": 1641052850.8445845, "sensor_value": 48.46, "description": "relative humidity", "unit": "%"}}, {"si7021_373a_01": {"reading_time": 1641052880.8909214, "sensor_value": 15.57, "description": "dry-bulb temperature", "unit": "degC"}, "si7021_373a_02": {"reading_time": 1641052880.8909214, "sensor_value": 48.45, "description": "relative humidity", "unit": "%"}}][{"si7021_373a_01": {"reading_time": 1641052910.9538562, "sensor_value": 15.56, "description": "dry-bulb temperature", "unit": "degC"}, "si7021_373a_02": {"reading_time": 1641052910.9538562, "sensor_value": 48.49, "description": "relative humidity", "unit": "%"}}, {"si7021_373a_01": {"reading_time": 1641052941.0134456, "sensor_value": 15.59, "description": "dry-bulb temperature", "unit": "degC"}, "si7021_373a_02": {"reading_time": 1641052941.0134456, "sensor_value": 48.49, "description": "relative humidity", "unit": "%"}}, {"si7021_373a_01": {"reading_time": 1641052971.072454, "sensor_value": 15.57, "description": "dry-bulb temperature", "unit": "degC"}, "si7021_373a_02": {"reading_time": 1641052971.072454, "sensor_value": 48.48, "description": "relative humidity", "unit": "%"}}, {"si7021_373a_01": {"reading_time": 1641053001.1313977, "sensor_value": 15.58, "description": "dry-bulb temperature", "unit": "degC"}, "si7021_373a_02": {"reading_time": 1641053001.1313977, "sensor_value": 48.52, "description": "relative humidity", "unit": "%"}}][{"si7021_373a_01": {"reading_time": 1641053031.1930833, "sensor_value": 15.59, "description": "dry-bulb temperature", "unit": "degC"}, "si7021_373a_02": {"reading_time": 1641053031.1930833, "sensor_value": 48.49, "description": "relative humidity", "unit": "%"}}, {"si7021_373a_01": {"reading_time": 1641053061.2522235, "sensor_value": 15.59, "description": "dry-bulb temperature", "unit": "degC"}, "si7021_373a_02": {"reading_time": 1641053061.2522235, "sensor_value": 48.5, "description": "relative humidity", "unit": "%"}}, {"si7021_373a_01": {"reading_time": 1641053091.3112118, "sensor_value": 15.59, "description": "dry-bulb temperature", "unit": "degC"}, "si7021_373a_02": {"reading_time": 1641053091.3112118, "sensor_value": 48.49, "description": "relative humidity", "unit": "%"}}, {"si7021_373a_01": {"reading_time": 1641053121.3704624, "sensor_value": 15.59, "description": "dry-bulb temperature", "unit": "degC"}, "si7021_373a_02": {"reading_time": 1641053121.3704624, "sensor_value": 48.5, "description": "relative humidity", "unit": "%"}}][{"si7021_373a_01": {"reading_time": 1641053151.4321735, "sensor_value": 15.6, "description": "dry-bulb temperature", "unit": "degC"}, "si7021_373a_02": {"reading_time": 1641053151.4321735, "sensor_value": 48.49, "description": "relative humidity", "unit": "%"}}, {"si7021_373a_01": {"reading_time": 1641053181.4907935, "sensor_value": 15.56, "description": "dry-bulb temperature", "unit": "degC"}, "si7021_373a_02": {"reading_time": 1641053181.4907935, "sensor_value": 48.49, "description": "relative humidity", "unit": "%"}}, {"si7021_373a_01": {"reading_time": 1641053211.549981, "sensor_value": 15.59, "description": "dry-bulb temperature", "unit": "degC"}, "si7021_373a_02": {"reading_time": 1641053211.549981, "sensor_value": 48.49, "description": "relative humidity", "unit": "%"}}, {"si7021_373a_01": {"reading_time": 1641053241.6134448, "sensor_value": 15.58, "description": "dry-bulb temperature", "unit": "degC"}, "si7021_373a_02": {"reading_time": 1641053241.6134448, "sensor_value": 48.49, "description": "relative humidity", "unit": "%"}}][{"si7021_373a_01": {"reading_time": 1641053271.6745222, "sensor_value": 15.6, "description": "dry-bulb temperature", "unit": "degC"}, "si7021_373a_02": {"reading_time": 1641053271.6745222, "sensor_value": 48.49, "description": "relative humidity", "unit": "%"}}, {"si7021_373a_01": {"reading_time": 1641053301.714577, "sensor_value": 15.61, "description": "dry-bulb temperature", "unit": "degC"}, "si7021_373a_02": {"reading_time": 1641053301.714577, "sensor_value": 48.52, "description": "relative humidity", "unit": "%"}}, {"si7021_373a_01": {"reading_time": 1641053331.773859, "sensor_value": 15.59, "description": "dry-bulb temperature", "unit": "degC"}, "si7021_373a_02": {"reading_time": 1641053331.773859, "sensor_value": 48.49, "description": "relative humidity", "unit": "%"}}, {"si7021_373a_01": {"reading_time": 1641053361.8345609, "sensor_value": 15.6, "description": "dry-bulb temperature", "unit": "degC"}, "si7021_373a_02": {"reading_time": 1641053361.8345609, "sensor_value": 48.5, "description": "relative humidity", "unit": "%"}}][{"si7021_373a_01": {"reading_time": 1641053391.8837569, "sensor_value": 15.6, "description": "dry-bulb temperature", "unit": "degC"}, "si7021_373a_02": {"reading_time": 1641053391.8837569, "sensor_value": 48.52, "description": "relative humidity", "unit": "%"}}, {"si7021_373a_01": {"reading_time": 1641053421.934626, "sensor_value": 15.62, "description": "dry-bulb temperature", "unit": "degC"}, "si7021_373a_02": {"reading_time": 1641053421.934626, "sensor_value": 48.51, "description": "relative humidity", "unit": "%"}}, {"si7021_373a_01": {"reading_time": 1641053451.9845662, "sensor_value": 15.61, "description": "dry-bulb temperature", "unit": "degC"}, "si7021_373a_02": {"reading_time": 1641053451.9845662, "sensor_value": 48.53, "description": "relative humidity", "unit": "%"}}, {"si7021_373a_01": {"reading_time": 1641053482.0213401, "sensor_value": 15.59, "description": "dry-bulb temperature", "unit": "degC"}, "si7021_373a_02": {"reading_time": 1641053482.0213401, "sensor_value": 48.54, "description": "relative humidity", "unit": "%"}}][{"si7021_373a_01": {"reading_time": 1641053512.0583148, "sensor_value": 15.61, "description": "dry-bulb temperature", "unit": "degC"}, "si7021_373a_02": {"reading_time": 1641053512.0583148, "sensor_value": 48.53, "description": "relative humidity", "unit": "%"}}, {"si7021_373a_01": {"reading_time": 1641053542.0983052, "sensor_value": 15.62, "description": "dry-bulb temperature", "unit": "degC"}, "si7021_373a_02": {"reading_time": 1641053542.0983052, "sensor_value": 48.52, "description": "relative humidity", "unit": "%"}}, {"si7021_373a_01": {"reading_time": 1641053572.1571503, "sensor_value": 15.6, "description": "dry-bulb temperature", "unit": "degC"}, "si7021_373a_02": {"reading_time": 1641053572.1571503, "sensor_value": 48.52, "description": "relative humidity", "unit": "%"}}, {"si7021_373a_01": {"reading_time": 1641053602.216021, "sensor_value": 15.61, "description": "dry-bulb temperature", "unit": "degC"}, "si7021_373a_02": {"reading_time": 1641053602.216021, "sensor_value": 48.52, "description": "relative humidity", "unit": "%"}}][{"si7021_373a_01": {"reading_time": 1641053632.2500024, "sensor_value": 15.6, "description": "dry-bulb temperature", "unit": "degC"}, "si7021_373a_02": {"reading_time": 1641053632.2500024, "sensor_value": 48.51, "description": "relative humidity", "unit": "%"}}, {"si7021_373a_01": {"reading_time": 1641053662.3006613, "sensor_value": 15.62, "description": "dry-bulb temperature", "unit": "degC"}, "si7021_373a_02": {"reading_time": 1641053662.3006613, "sensor_value": 48.55, "description": "relative humidity", "unit": "%"}}, {"si7021_373a_01": {"reading_time": 1641053692.3459907, "sensor_value": 15.61, "description": "dry-bulb temperature", "unit": "degC"}, "si7021_373a_02": {"reading_time": 1641053692.3459907, "sensor_value": 48.54, "description": "relative humidity", "unit": "%"}}, {"si7021_373a_01": {"reading_time": 1641053722.3915668, "sensor_value": 15.6, "description": "dry-bulb temperature", "unit": "degC"}, "si7021_373a_02": {"reading_time": 1641053722.3915668, "sensor_value": 48.53, "description": "relative humidity", "unit": "%"}}][{"si7021_373a_01": {"reading_time": 1641053752.4401252, "sensor_value": 15.62, "description": "dry-bulb temperature", "unit": "degC"}, "si7021_373a_02": {"reading_time": 1641053752.4401252, "sensor_value": 48.51, "description": "relative humidity", "unit": "%"}}, {"si7021_373a_01": {"reading_time": 1641053782.482381, "sensor_value": 15.62, "description": "dry-bulb temperature", "unit": "degC"}, "si7021_373a_02": {"reading_time": 1641053782.482381, "sensor_value": 48.51, "description": "relative humidity", "unit": "%"}}, {"si7021_373a_01": {"reading_time": 1641053812.527593, "sensor_value": 15.62, "description": "dry-bulb temperature", "unit": "degC"}, "si7021_373a_02": {"reading_time": 1641053812.527593, "sensor_value": 48.5, "description": "relative humidity", "unit": "%"}}, {"si7021_373a_01": {"reading_time": 1641053842.5741882, "sensor_value": 15.61, "description": "dry-bulb temperature", "unit": "degC"}, "si7021_373a_02": {"reading_time": 1641053842.5741882, "sensor_value": 48.5, "description": "relative humidity", "unit": "%"}}][{"si7021_373a_01": {"reading_time": 1641053872.6359477, "sensor_value": 15.61, "description": "dry-bulb temperature", "unit": "degC"}, "si7021_373a_02": {"reading_time": 1641053872.6359477, "sensor_value": 48.52, "description": "relative humidity", "unit": "%"}}, {"si7021_373a_01": {"reading_time": 1641053902.6945636, "sensor_value": 15.62, "description": "dry-bulb temperature", "unit": "degC"}, "si7021_373a_02": {"reading_time": 1641053902.6945636, "sensor_value": 48.48, "description": "relative humidity", "unit": "%"}}, {"si7021_373a_01": {"reading_time": 1641053932.7445612, "sensor_value": 15.62, "description": "dry-bulb temperature", "unit": "degC"}, "si7021_373a_02": {"reading_time": 1641053932.7445612, "sensor_value": 48.52, "description": "relative humidity", "unit": "%"}}, {"si7021_373a_01": {"reading_time": 1641053962.794762, "sensor_value": 15.65, "description": "dry-bulb temperature", "unit": "degC"}, "si7021_373a_02": {"reading_time": 1641053962.794762, "sensor_value": 48.55, "description": "relative humidity", "unit": "%"}}][{"si7021_373a_01": {"reading_time": 1641053992.8568118, "sensor_value": 15.61, "description": "dry-bulb temperature", "unit": "degC"}, "si7021_373a_02": {"reading_time": 1641053992.8568118, "sensor_value": 48.55, "description": "relative humidity", "unit": "%"}}, {"si7021_373a_01": {"reading_time": 1641054022.9164534, "sensor_value": 15.6, "description": "dry-bulb temperature", "unit": "degC"}, "si7021_373a_02": {"reading_time": 1641054022.9164534, "sensor_value": 48.54, "description": "relative humidity", "unit": "%"}}, {"si7021_373a_01": {"reading_time": 1641054052.96457, "sensor_value": 15.63, "description": "dry-bulb temperature", "unit": "degC"}, "si7021_373a_02": {"reading_time": 1641054052.96457, "sensor_value": 48.53, "description": "relative humidity", "unit": "%"}}, {"si7021_373a_01": {"reading_time": 1641054082.9954023, "sensor_value": 15.62, "description": "dry-bulb temperature", "unit": "degC"}, "si7021_373a_02": {"reading_time": 1641054082.9954023, "sensor_value": 48.53, "description": "relative humidity", "unit": "%"}}][{"si7021_373a_01": {"reading_time": 1641054113.0376031, "sensor_value": 15.63, "description": "dry-bulb temperature", "unit": "degC"}, "si7021_373a_02": {"reading_time": 1641054113.0376031, "sensor_value": 48.52, "description": "relative humidity", "unit": "%"}}, {"si7021_373a_01": {"reading_time": 1641054143.0965316, "sensor_value": 15.65, "description": "dry-bulb temperature", "unit": "degC"}, "si7021_373a_02": {"reading_time": 1641054143.0965316, "sensor_value": 48.53, "description": "relative humidity", "unit": "%"}}, {"si7021_373a_01": {"reading_time": 1641054173.1563938, "sensor_value": 15.63, "description": "dry-bulb temperature", "unit": "degC"}, "si7021_373a_02": {"reading_time": 1641054173.1563938, "sensor_value": 48.53, "description": "relative humidity", "unit": "%"}}, {"si7021_373a_01": {"reading_time": 1641054203.1958735, "sensor_value": 15.66, "description": "dry-bulb temperature", "unit": "degC"}, "si7021_373a_02": {"reading_time": 1641054203.1958735, "sensor_value": 48.52, "description": "relative humidity", "unit": "%"}}][{"si7021_373a_01": {"reading_time": 1641054233.2424338, "sensor_value": 15.62, "description": "dry-bulb temperature", "unit": "degC"}, "si7021_373a_02": {"reading_time": 1641054233.2424338, "sensor_value": 48.53, "description": "relative humidity", "unit": "%"}}, {"si7021_373a_01": {"reading_time": 1641054263.301534, "sensor_value": 15.65, "description": "dry-bulb temperature", "unit": "degC"}, "si7021_373a_02": {"reading_time": 1641054263.301534, "sensor_value": 48.53, "description": "relative humidity", "unit": "%"}}, {"si7021_373a_01": {"reading_time": 1641054293.3605537, "sensor_value": 15.65, "description": "dry-bulb temperature", "unit": "degC"}, "si7021_373a_02": {"reading_time": 1641054293.3605537, "sensor_value": 48.53, "description": "relative humidity", "unit": "%"}}, {"si7021_373a_01": {"reading_time": 1641054323.3959146, "sensor_value": 15.65, "description": "dry-bulb temperature", "unit": "degC"}, "si7021_373a_02": {"reading_time": 1641054323.3959146, "sensor_value": 48.55, "description": "relative humidity", "unit": "%"}}][{"si7021_373a_01": {"reading_time": 1641054353.4376066, "sensor_value": 15.63, "description": "dry-bulb temperature", "unit": "degC"}, "si7021_373a_02": {"reading_time": 1641054353.4376066, "sensor_value": 48.53, "description": "relative humidity", "unit": "%"}}, {"si7021_373a_01": {"reading_time": 1641054383.4970715, "sensor_value": 15.65, "description": "dry-bulb temperature", "unit": "degC"}, "si7021_373a_02": {"reading_time": 1641054383.4970715, "sensor_value": 48.53, "description": "relative humidity", "unit": "%"}}, {"si7021_373a_01": {"reading_time": 1641054413.5561373, "sensor_value": 15.62, "description": "dry-bulb temperature", "unit": "degC"}, "si7021_373a_02": {"reading_time": 1641054413.5561373, "sensor_value": 48.55, "description": "relative humidity", "unit": "%"}}, {"si7021_373a_01": {"reading_time": 1641054443.5857074, "sensor_value": 15.65, "description": "dry-bulb temperature", "unit": "degC"}, "si7021_373a_02": {"reading_time": 1641054443.5857074, "sensor_value": 48.55, "description": "relative humidity", "unit": "%"}}][{"si7021_373a_01": {"reading_time": 1641054473.6230464, "sensor_value": 15.65, "description": "dry-bulb temperature", "unit": "degC"}, "si7021_373a_02": {"reading_time": 1641054473.6230464, "sensor_value": 48.52, "description": "relative humidity", "unit": "%"}}, {"si7021_373a_01": {"reading_time": 1641054503.6821697, "sensor_value": 15.65, "description": "dry-bulb temperature", "unit": "degC"}, "si7021_373a_02": {"reading_time": 1641054503.6821697, "sensor_value": 48.56, "description": "relative humidity", "unit": "%"}}, {"si7021_373a_01": {"reading_time": 1641054533.7358265, "sensor_value": 15.63, "description": "dry-bulb temperature", "unit": "degC"}, "si7021_373a_02": {"reading_time": 1641054533.7358265, "sensor_value": 48.53, "description": "relative humidity", "unit": "%"}}, {"si7021_373a_01": {"reading_time": 1641054563.769344, "sensor_value": 15.66, "description": "dry-bulb temperature", "unit": "degC"}, "si7021_373a_02": {"reading_time": 1641054563.769344, "sensor_value": 48.55, "description": "relative humidity", "unit": "%"}}][{"si7021_373a_01": {"reading_time": 1641054593.8105004, "sensor_value": 15.66, "description": "dry-bulb temperature", "unit": "degC"}, "si7021_373a_02": {"reading_time": 1641054593.8105004, "sensor_value": 48.52, "description": "relative humidity", "unit": "%"}}, {"si7021_373a_01": {"reading_time": 1641054623.8690622, "sensor_value": 15.65, "description": "dry-bulb temperature", "unit": "degC"}, "si7021_373a_02": {"reading_time": 1641054623.8690622, "sensor_value": 48.54, "description": "relative humidity", "unit": "%"}}, {"si7021_373a_01": {"reading_time": 1641054653.9066522, "sensor_value": 15.65, "description": "dry-bulb temperature", "unit": "degC"}, "si7021_373a_02": {"reading_time": 1641054653.9066522, "sensor_value": 48.55, "description": "relative humidity", "unit": "%"}}, {"si7021_373a_01": {"reading_time": 1641054683.9458566, "sensor_value": 15.66, "description": "dry-bulb temperature", "unit": "degC"}, "si7021_373a_02": {"reading_time": 1641054683.9458566, "sensor_value": 48.55, "description": "relative humidity", "unit": "%"}}][{"si7021_373a_01": {"reading_time": 1641054714.0080862, "sensor_value": 15.66, "description": "dry-bulb temperature", "unit": "degC"}, "si7021_373a_02": {"reading_time": 1641054714.0080862, "sensor_value": 48.53, "description": "relative humidity", "unit": "%"}}, {"si7021_373a_01": {"reading_time": 1641054744.066637, "sensor_value": 15.63, "description": "dry-bulb temperature", "unit": "degC"}, "si7021_373a_02": {"reading_time": 1641054744.066637, "sensor_value": 48.52, "description": "relative humidity", "unit": "%"}}, {"si7021_373a_01": {"reading_time": 1641054774.0962257, "sensor_value": 15.65, "description": "dry-bulb temperature", "unit": "degC"}, "si7021_373a_02": {"reading_time": 1641054774.0962257, "sensor_value": 48.53, "description": "relative humidity", "unit": "%"}}, {"si7021_373a_01": {"reading_time": 1641054804.1358287, "sensor_value": 15.68, "description": "dry-bulb temperature", "unit": "degC"}, "si7021_373a_02": {"reading_time": 1641054804.1358287, "sensor_value": 48.52, "description": "relative humidity", "unit": "%"}}][{"si7021_373a_01": {"reading_time": 1641054834.1968498, "sensor_value": 15.68, "description": "dry-bulb temperature", "unit": "degC"}, "si7021_373a_02": {"reading_time": 1641054834.1968498, "sensor_value": 48.53, "description": "relative humidity", "unit": "%"}}, {"si7021_373a_01": {"reading_time": 1641054864.2546144, "sensor_value": 15.66, "description": "dry-bulb temperature", "unit": "degC"}, "si7021_373a_02": {"reading_time": 1641054864.2546144, "sensor_value": 48.55, "description": "relative humidity", "unit": "%"}}, {"si7021_373a_01": {"reading_time": 1641054894.2870586, "sensor_value": 15.67, "description": "dry-bulb temperature", "unit": "degC"}, "si7021_373a_02": {"reading_time": 1641054894.2870586, "sensor_value": 48.55, "description": "relative humidity", "unit": "%"}}, {"si7021_373a_01": {"reading_time": 1641054924.3260539, "sensor_value": 15.67, "description": "dry-bulb temperature", "unit": "degC"}, "si7021_373a_02": {"reading_time": 1641054924.3260539, "sensor_value": 48.54, "description": "relative humidity", "unit": "%"}}][{"si7021_373a_01": {"reading_time": 1641054954.3870344, "sensor_value": 15.68, "description": "dry-bulb temperature", "unit": "degC"}, "si7021_373a_02": {"reading_time": 1641054954.3870344, "sensor_value": 48.5, "description": "relative humidity", "unit": "%"}}, {"si7021_373a_01": {"reading_time": 1641054984.445355, "sensor_value": 15.67, "description": "dry-bulb temperature", "unit": "degC"}, "si7021_373a_02": {"reading_time": 1641054984.445355, "sensor_value": 48.5, "description": "relative humidity", "unit": "%"}}, {"si7021_373a_01": {"reading_time": 1641055014.4950182, "sensor_value": 15.66, "description": "dry-bulb temperature", "unit": "degC"}, "si7021_373a_02": {"reading_time": 1641055014.4950182, "sensor_value": 48.52, "description": "relative humidity", "unit": "%"}}, {"si7021_373a_01": {"reading_time": 1641055044.5323992, "sensor_value": 15.67, "description": "dry-bulb temperature", "unit": "degC"}, "si7021_373a_02": {"reading_time": 1641055044.5323992, "sensor_value": 48.5, "description": "relative humidity", "unit": "%"}}][{"si7021_373a_01": {"reading_time": 1641055074.593308, "sensor_value": 15.67, "description": "dry-bulb temperature", "unit": "degC"}, "si7021_373a_02": {"reading_time": 1641055074.593308, "sensor_value": 48.49, "description": "relative humidity", "unit": "%"}}, {"si7021_373a_01": {"reading_time": 1641055104.6516852, "sensor_value": 15.68, "description": "dry-bulb temperature", "unit": "degC"}, "si7021_373a_02": {"reading_time": 1641055104.6516852, "sensor_value": 48.47, "description": "relative humidity", "unit": "%"}}, {"si7021_373a_01": {"reading_time": 1641055134.7099683, "sensor_value": 15.67, "description": "dry-bulb temperature", "unit": "degC"}, "si7021_373a_02": {"reading_time": 1641055134.7099683, "sensor_value": 48.49, "description": "relative humidity", "unit": "%"}}, {"si7021_373a_01": {"reading_time": 1641055164.7682505, "sensor_value": 15.68, "description": "dry-bulb temperature", "unit": "degC"}, "si7021_373a_02": {"reading_time": 1641055164.7682505, "sensor_value": 48.47, "description": "relative humidity", "unit": "%"}}][{"si7021_373a_01": {"reading_time": 1641055194.829319, "sensor_value": 15.66, "description": "dry-bulb temperature", "unit": "degC"}, "si7021_373a_02": {"reading_time": 1641055194.829319, "sensor_value": 48.46, "description": "relative humidity", "unit": "%"}}, {"si7021_373a_01": {"reading_time": 1641055224.8878226, "sensor_value": 15.67, "description": "dry-bulb temperature", "unit": "degC"}, "si7021_373a_02": {"reading_time": 1641055224.8878226, "sensor_value": 48.47, "description": "relative humidity", "unit": "%"}}, {"si7021_373a_01": {"reading_time": 1641055254.946219, "sensor_value": 15.68, "description": "dry-bulb temperature", "unit": "degC"}, "si7021_373a_02": {"reading_time": 1641055254.946219, "sensor_value": 48.45, "description": "relative humidity", "unit": "%"}}, {"si7021_373a_01": {"reading_time": 1641055285.0045455, "sensor_value": 15.69, "description": "dry-bulb temperature", "unit": "degC"}, "si7021_373a_02": {"reading_time": 1641055285.0045455, "sensor_value": 48.44, "description": "relative humidity", "unit": "%"}}][{"si7021_373a_01": {"reading_time": 1641055315.0622096, "sensor_value": 15.67, "description": "dry-bulb temperature", "unit": "degC"}, "si7021_373a_02": {"reading_time": 1641055315.0622096, "sensor_value": 48.45, "description": "relative humidity", "unit": "%"}}, {"si7021_373a_01": {"reading_time": 1641055345.114575, "sensor_value": 15.68, "description": "dry-bulb temperature", "unit": "degC"}, "si7021_373a_02": {"reading_time": 1641055345.114575, "sensor_value": 48.43, "description": "relative humidity", "unit": "%"}}, {"si7021_373a_01": {"reading_time": 1641055375.1653416, "sensor_value": 15.69, "description": "dry-bulb temperature", "unit": "degC"}, "si7021_373a_02": {"reading_time": 1641055375.1653416, "sensor_value": 48.44, "description": "relative humidity", "unit": "%"}}, {"si7021_373a_01": {"reading_time": 1641055405.2218268, "sensor_value": 15.68, "description": "dry-bulb temperature", "unit": "degC"}, "si7021_373a_02": {"reading_time": 1641055405.2218268, "sensor_value": 48.41, "description": "relative humidity", "unit": "%"}}][{"si7021_373a_01": {"reading_time": 1641055435.2900164, "sensor_value": 15.69, "description": "dry-bulb temperature", "unit": "degC"}, "si7021_373a_02": {"reading_time": 1641055435.2900164, "sensor_value": 48.42, "description": "relative humidity", "unit": "%"}}, {"si7021_373a_01": {"reading_time": 1641055465.3441288, "sensor_value": 15.69, "description": "dry-bulb temperature", "unit": "degC"}, "si7021_373a_02": {"reading_time": 1641055465.3441288, "sensor_value": 48.43, "description": "relative humidity", "unit": "%"}}, {"si7021_373a_01": {"reading_time": 1641055495.4024155, "sensor_value": 15.68, "description": "dry-bulb temperature", "unit": "degC"}, "si7021_373a_02": {"reading_time": 1641055495.4024155, "sensor_value": 48.44, "description": "relative humidity", "unit": "%"}}, {"si7021_373a_01": {"reading_time": 1641055525.4606972, "sensor_value": 15.7, "description": "dry-bulb temperature", "unit": "degC"}, "si7021_373a_02": {"reading_time": 1641055525.4606972, "sensor_value": 48.42, "description": "relative humidity", "unit": "%"}}][{"si7021_373a_01": {"reading_time": 1641055555.5214958, "sensor_value": 15.71, "description": "dry-bulb temperature", "unit": "degC"}, "si7021_373a_02": {"reading_time": 1641055555.5214958, "sensor_value": 48.43, "description": "relative humidity", "unit": "%"}}, {"si7021_373a_01": {"reading_time": 1641055585.5798771, "sensor_value": 15.7, "description": "dry-bulb temperature", "unit": "degC"}, "si7021_373a_02": {"reading_time": 1641055585.5798771, "sensor_value": 48.43, "description": "relative humidity", "unit": "%"}}, {"si7021_373a_01": {"reading_time": 1641055615.638173, "sensor_value": 15.7, "description": "dry-bulb temperature", "unit": "degC"}, "si7021_373a_02": {"reading_time": 1641055615.638173, "sensor_value": 48.45, "description": "relative humidity", "unit": "%"}}, {"si7021_373a_01": {"reading_time": 1641055645.696884, "sensor_value": 15.71, "description": "dry-bulb temperature", "unit": "degC"}, "si7021_373a_02": {"reading_time": 1641055645.696884, "sensor_value": 48.46, "description": "relative humidity", "unit": "%"}}][{"si7021_373a_01": {"reading_time": 1641055675.7579446, "sensor_value": 15.71, "description": "dry-bulb temperature", "unit": "degC"}, "si7021_373a_02": {"reading_time": 1641055675.7579446, "sensor_value": 48.46, "description": "relative humidity", "unit": "%"}}, {"si7021_373a_01": {"reading_time": 1641055705.787506, "sensor_value": 15.72, "description": "dry-bulb temperature", "unit": "degC"}, "si7021_373a_02": {"reading_time": 1641055705.787506, "sensor_value": 48.46, "description": "relative humidity", "unit": "%"}}, {"si7021_373a_01": {"reading_time": 1641055735.8458693, "sensor_value": 15.72, "description": "dry-bulb temperature", "unit": "degC"}, "si7021_373a_02": {"reading_time": 1641055735.8458693, "sensor_value": 48.44, "description": "relative humidity", "unit": "%"}}, {"si7021_373a_01": {"reading_time": 1641055765.9040759, "sensor_value": 15.75, "description": "dry-bulb temperature", "unit": "degC"}, "si7021_373a_02": {"reading_time": 1641055765.9040759, "sensor_value": 48.46, "description": "relative humidity", "unit": "%"}}][{"si7021_373a_01": {"reading_time": 1641055795.9645305, "sensor_value": 15.72, "description": "dry-bulb temperature", "unit": "degC"}, "si7021_373a_02": {"reading_time": 1641055795.9645305, "sensor_value": 48.45, "description": "relative humidity", "unit": "%"}}, {"si7021_373a_01": {"reading_time": 1641055826.023172, "sensor_value": 15.75, "description": "dry-bulb temperature", "unit": "degC"}, "si7021_373a_02": {"reading_time": 1641055826.023172, "sensor_value": 48.45, "description": "relative humidity", "unit": "%"}}, {"si7021_373a_01": {"reading_time": 1641055856.0817494, "sensor_value": 15.73, "description": "dry-bulb temperature", "unit": "degC"}, "si7021_373a_02": {"reading_time": 1641055856.0817494, "sensor_value": 48.45, "description": "relative humidity", "unit": "%"}}, {"si7021_373a_01": {"reading_time": 1641055886.1400182, "sensor_value": 15.73, "description": "dry-bulb temperature", "unit": "degC"}, "si7021_373a_02": {"reading_time": 1641055886.1400182, "sensor_value": 48.45, "description": "relative humidity", "unit": "%"}}][{"si7021_373a_01": {"reading_time": 1641055916.2008708, "sensor_value": 15.74, "description": "dry-bulb temperature", "unit": "degC"}, "si7021_373a_02": {"reading_time": 1641055916.2008708, "sensor_value": 48.45, "description": "relative humidity", "unit": "%"}}, {"si7021_373a_01": {"reading_time": 1641055946.2545779, "sensor_value": 15.74, "description": "dry-bulb temperature", "unit": "degC"}, "si7021_373a_02": {"reading_time": 1641055946.2545779, "sensor_value": 48.42, "description": "relative humidity", "unit": "%"}}, {"si7021_373a_01": {"reading_time": 1641055976.3134954, "sensor_value": 15.75, "description": "dry-bulb temperature", "unit": "degC"}, "si7021_373a_02": {"reading_time": 1641055976.3134954, "sensor_value": 48.43, "description": "relative humidity", "unit": "%"}}, {"si7021_373a_01": {"reading_time": 1641056006.366057, "sensor_value": 15.76, "description": "dry-bulb temperature", "unit": "degC"}, "si7021_373a_02": {"reading_time": 1641056006.366057, "sensor_value": 48.42, "description": "relative humidity", "unit": "%"}}][{"si7021_373a_01": {"reading_time": 1641056036.429422, "sensor_value": 15.78, "description": "dry-bulb temperature", "unit": "degC"}, "si7021_373a_02": {"reading_time": 1641056036.429422, "sensor_value": 48.42, "description": "relative humidity", "unit": "%"}}, {"si7021_373a_01": {"reading_time": 1641056066.481983, "sensor_value": 15.78, "description": "dry-bulb temperature", "unit": "degC"}, "si7021_373a_02": {"reading_time": 1641056066.481983, "sensor_value": 48.42, "description": "relative humidity", "unit": "%"}}, {"si7021_373a_01": {"reading_time": 1641056096.5452633, "sensor_value": 15.76, "description": "dry-bulb temperature", "unit": "degC"}, "si7021_373a_02": {"reading_time": 1641056096.5452633, "sensor_value": 48.42, "description": "relative humidity", "unit": "%"}}, {"si7021_373a_01": {"reading_time": 1641056126.6038315, "sensor_value": 15.77, "description": "dry-bulb temperature", "unit": "degC"}, "si7021_373a_02": {"reading_time": 1641056126.6038315, "sensor_value": 48.44, "description": "relative humidity", "unit": "%"}}][{"si7021_373a_01": {"reading_time": 1641056156.6585386, "sensor_value": 15.78, "description": "dry-bulb temperature", "unit": "degC"}, "si7021_373a_02": {"reading_time": 1641056156.6585386, "sensor_value": 48.44, "description": "relative humidity", "unit": "%"}}, {"si7021_373a_01": {"reading_time": 1641056186.7156172, "sensor_value": 15.78, "description": "dry-bulb temperature", "unit": "degC"}, "si7021_373a_02": {"reading_time": 1641056186.7156172, "sensor_value": 48.45, "description": "relative humidity", "unit": "%"}}, {"si7021_373a_01": {"reading_time": 1641056216.7621155, "sensor_value": 15.76, "description": "dry-bulb temperature", "unit": "degC"}, "si7021_373a_02": {"reading_time": 1641056216.7621155, "sensor_value": 48.45, "description": "relative humidity", "unit": "%"}}, {"si7021_373a_01": {"reading_time": 1641056246.8201966, "sensor_value": 15.8, "description": "dry-bulb temperature", "unit": "degC"}, "si7021_373a_02": {"reading_time": 1641056246.8201966, "sensor_value": 48.47, "description": "relative humidity", "unit": "%"}}][{"si7021_373a_01": {"reading_time": 1641056276.8768954, "sensor_value": 15.77, "description": "dry-bulb temperature", "unit": "degC"}, "si7021_373a_02": {"reading_time": 1641056276.8768954, "sensor_value": 48.46, "description": "relative humidity", "unit": "%"}}, {"si7021_373a_01": {"reading_time": 1641056306.9137955, "sensor_value": 15.78, "description": "dry-bulb temperature", "unit": "degC"}, "si7021_373a_02": {"reading_time": 1641056306.9137955, "sensor_value": 48.45, "description": "relative humidity", "unit": "%"}}, {"si7021_373a_01": {"reading_time": 1641056336.9570258, "sensor_value": 15.76, "description": "dry-bulb temperature", "unit": "degC"}, "si7021_373a_02": {"reading_time": 1641056336.9570258, "sensor_value": 48.48, "description": "relative humidity", "unit": "%"}}, {"si7021_373a_01": {"reading_time": 1641056367.00548, "sensor_value": 15.77, "description": "dry-bulb temperature", "unit": "degC"}, "si7021_373a_02": {"reading_time": 1641056367.00548, "sensor_value": 48.47, "description": "relative humidity", "unit": "%"}}]