[{"si7021_373a_01": {"reading_time": 1641110371.6059566, "sensor_value": 15.42, "description": "dry-bulb temperature", "unit": "degC"}, "si7021_373a_02": {"reading_time": 1641110371.6059566, "sensor_value": 46.72, "description": "relative humidity", "unit": "%"}}, {"si7021_373a_01": {"reading_time": 1641110401.6656835, "sensor_value": 15.41, "description": "dry-bulb temperature", "unit": "degC"}, "si7021_373a_02": {"reading_time": 1641110401.6656835, "sensor_value": 46.72, "description": "relative humidity", "unit": "%"}}, {"si7021_373a_01": {"reading_time": 1641110431.7158196, "sensor_value": 15.42, "description": "dry-bulb temperature", "unit": "degC"}, "si7021_373a_02": {"reading_time": 1641110431.7158196, "sensor_value": 46.72, "description": "relative humidity", "unit": "%"}}, {"si7021_373a_01": {"reading_time": 1641110461.752211, "sensor_value": 15.42, "description": "dry-bulb temperature", "unit": "degC"}, "si7021_373a_02": {"reading_time": 1641110461.752211, "sensor_value": 46.72, "description": "relative humidity", "unit": "%"}}][{"si7021_373a_01": {"reading_time": 1641110491.789104, "sensor_value": 15.41, "description": "dry-bulb temperature", "unit": "degC"}, "si7021_373a_02": {"reading_time": 1641110491.789104, "sensor_value": 46.72, "description": "relative humidity", "unit": "%"}}, {"si7021_373a_01": {"reading_time": 1641110521.8290367, "sensor_value": 15.42, "description": "dry-bulb temperature", "unit": "degC"}, "si7021_373a_02": {"reading_time": 1641110521.8290367, "sensor_value": 46.73, "description": "relative humidity", "unit": "%"}}, {"si7021_373a_01": {"reading_time": 1641110551.8725657, "sensor_value": 15.41, "description": "dry-bulb temperature", "unit": "degC"}, "si7021_373a_02": {"reading_time": 1641110551.8725657, "sensor_value": 46.7, "description": "relative humidity", "unit": "%"}}, {"si7021_373a_01": {"reading_time": 1641110581.9049938, "sensor_value": 15.41, "description": "dry-bulb temperature", "unit": "degC"}, "si7021_373a_02": {"reading_time": 1641110581.9049938, "sensor_value": 46.72, "description": "relative humidity", "unit": "%"}}][{"si7021_373a_01": {"reading_time": 1641110611.954893, "sensor_value": 15.4, "description": "dry-bulb temperature", "unit": "degC"}, "si7021_373a_02": {"reading_time": 1641110611.954893, "sensor_value": 46.71, "description": "relative humidity", "unit": "%"}}, {"si7021_373a_01": {"reading_time": 1641110642.0141346, "sensor_value": 15.41, "description": "dry-bulb temperature", "unit": "degC"}, "si7021_373a_02": {"reading_time": 1641110642.0141346, "sensor_value": 46.72, "description": "relative humidity", "unit": "%"}}, {"si7021_373a_01": {"reading_time": 1641110672.0546079, "sensor_value": 15.4, "description": "dry-bulb temperature", "unit": "degC"}, "si7021_373a_02": {"reading_time": 1641110672.0546079, "sensor_value": 46.72, "description": "relative humidity", "unit": "%"}}, {"si7021_373a_01": {"reading_time": 1641110702.0945687, "sensor_value": 15.41, "description": "dry-bulb temperature", "unit": "degC"}, "si7021_373a_02": {"reading_time": 1641110702.0945687, "sensor_value": 46.71, "description": "relative humidity", "unit": "%"}}][{"si7021_373a_01": {"reading_time": 1641110732.1900811, "sensor_value": 15.41, "description": "dry-bulb temperature", "unit": "degC"}, "si7021_373a_02": {"reading_time": 1641110732.1900811, "sensor_value": 46.7, "description": "relative humidity", "unit": "%"}}, {"si7021_373a_01": {"reading_time": 1641110762.2506251, "sensor_value": 15.39, "description": "dry-bulb temperature", "unit": "degC"}, "si7021_373a_02": {"reading_time": 1641110762.2506251, "sensor_value": 46.72, "description": "relative humidity", "unit": "%"}}, {"si7021_373a_01": {"reading_time": 1641110792.3077865, "sensor_value": 15.41, "description": "dry-bulb temperature", "unit": "degC"}, "si7021_373a_02": {"reading_time": 1641110792.3077865, "sensor_value": 46.72, "description": "relative humidity", "unit": "%"}}, {"si7021_373a_01": {"reading_time": 1641110822.3666704, "sensor_value": 15.41, "description": "dry-bulb temperature", "unit": "degC"}, "si7021_373a_02": {"reading_time": 1641110822.3666704, "sensor_value": 46.71, "description": "relative humidity", "unit": "%"}}][{"si7021_373a_01": {"reading_time": 1641110852.4321544, "sensor_value": 15.4, "description": "dry-bulb temperature", "unit": "degC"}, "si7021_373a_02": {"reading_time": 1641110852.4321544, "sensor_value": 46.7, "description": "relative humidity", "unit": "%"}}, {"si7021_373a_01": {"reading_time": 1641110882.4919517, "sensor_value": 15.4, "description": "dry-bulb temperature", "unit": "degC"}, "si7021_373a_02": {"reading_time": 1641110882.4919517, "sensor_value": 46.71, "description": "relative humidity", "unit": "%"}}, {"si7021_373a_01": {"reading_time": 1641110912.550603, "sensor_value": 15.39, "description": "dry-bulb temperature", "unit": "degC"}, "si7021_373a_02": {"reading_time": 1641110912.550603, "sensor_value": 46.7, "description": "relative humidity", "unit": "%"}}, {"si7021_373a_01": {"reading_time": 1641110942.6097295, "sensor_value": 15.4, "description": "dry-bulb temperature", "unit": "degC"}, "si7021_373a_02": {"reading_time": 1641110942.6097295, "sensor_value": 46.7, "description": "relative humidity", "unit": "%"}}][{"si7021_373a_01": {"reading_time": 1641110972.6627882, "sensor_value": 15.39, "description": "dry-bulb temperature", "unit": "degC"}, "si7021_373a_02": {"reading_time": 1641110972.6627882, "sensor_value": 46.7, "description": "relative humidity", "unit": "%"}}, {"si7021_373a_01": {"reading_time": 1641111002.7220259, "sensor_value": 15.41, "description": "dry-bulb temperature", "unit": "degC"}, "si7021_373a_02": {"reading_time": 1641111002.7220259, "sensor_value": 46.7, "description": "relative humidity", "unit": "%"}}, {"si7021_373a_01": {"reading_time": 1641111032.7811794, "sensor_value": 15.38, "description": "dry-bulb temperature", "unit": "degC"}, "si7021_373a_02": {"reading_time": 1641111032.7811794, "sensor_value": 46.71, "description": "relative humidity", "unit": "%"}}, {"si7021_373a_01": {"reading_time": 1641111062.8405926, "sensor_value": 15.42, "description": "dry-bulb temperature", "unit": "degC"}, "si7021_373a_02": {"reading_time": 1641111062.8405926, "sensor_value": 46.71, "description": "relative humidity", "unit": "%"}}][{"si7021_373a_01": {"reading_time": 1641111092.9022424, "sensor_value": 15.39, "description": "dry-bulb temperature", "unit": "degC"}, "si7021_373a_02": {"reading_time": 1641111092.9022424, "sensor_value": 46.69, "description": "relative humidity", "unit": "%"}}, {"si7021_373a_01": {"reading_time": 1641111122.9404633, "sensor_value": 15.41, "description": "dry-bulb temperature", "unit": "degC"}, "si7021_373a_02": {"reading_time": 1641111122.9404633, "sensor_value": 46.7, "description": "relative humidity", "unit": "%"}}, {"si7021_373a_01": {"reading_time": 1641111152.9858704, "sensor_value": 15.41, "description": "dry-bulb temperature", "unit": "degC"}, "si7021_373a_02": {"reading_time": 1641111152.9858704, "sensor_value": 46.73, "description": "relative humidity", "unit": "%"}}, {"si7021_373a_01": {"reading_time": 1641111183.044022, "sensor_value": 15.39, "description": "dry-bulb temperature", "unit": "degC"}, "si7021_373a_02": {"reading_time": 1641111183.044022, "sensor_value": 46.68, "description": "relative humidity", "unit": "%"}}][{"si7021_373a_01": {"reading_time": 1641111213.1051958, "sensor_value": 15.4, "description": "dry-bulb temperature", "unit": "degC"}, "si7021_373a_02": {"reading_time": 1641111213.1051958, "sensor_value": 46.72, "description": "relative humidity", "unit": "%"}}, {"si7021_373a_01": {"reading_time": 1641111243.1415327, "sensor_value": 15.4, "description": "dry-bulb temperature", "unit": "degC"}, "si7021_373a_02": {"reading_time": 1641111243.1415327, "sensor_value": 46.71, "description": "relative humidity", "unit": "%"}}, {"si7021_373a_01": {"reading_time": 1641111273.1899009, "sensor_value": 15.38, "description": "dry-bulb temperature", "unit": "degC"}, "si7021_373a_02": {"reading_time": 1641111273.1899009, "sensor_value": 46.71, "description": "relative humidity", "unit": "%"}}, {"si7021_373a_01": {"reading_time": 1641111303.2445889, "sensor_value": 15.39, "description": "dry-bulb temperature", "unit": "degC"}, "si7021_373a_02": {"reading_time": 1641111303.2445889, "sensor_value": 46.7, "description": "relative humidity", "unit": "%"}}][{"si7021_373a_01": {"reading_time": 1641111333.3056817, "sensor_value": 15.39, "description": "dry-bulb temperature", "unit": "degC"}, "si7021_373a_02": {"reading_time": 1641111333.3056817, "sensor_value": 46.68, "description": "relative humidity", "unit": "%"}}, {"si7021_373a_01": {"reading_time": 1641111363.3445768, "sensor_value": 15.39, "description": "dry-bulb temperature", "unit": "degC"}, "si7021_373a_02": {"reading_time": 1641111363.3445768, "sensor_value": 46.68, "description": "relative humidity", "unit": "%"}}, {"si7021_373a_01": {"reading_time": 1641111393.384583, "sensor_value": 15.38, "description": "dry-bulb temperature", "unit": "degC"}, "si7021_373a_02": {"reading_time": 1641111393.384583, "sensor_value": 46.7, "description": "relative humidity", "unit": "%"}}, {"si7021_373a_01": {"reading_time": 1641111423.4426844, "sensor_value": 15.39, "description": "dry-bulb temperature", "unit": "degC"}, "si7021_373a_02": {"reading_time": 1641111423.4426844, "sensor_value": 46.69, "description": "relative humidity", "unit": "%"}}][{"si7021_373a_01": {"reading_time": 1641111453.503516, "sensor_value": 15.38, "description": "dry-bulb temperature", "unit": "degC"}, "si7021_373a_02": {"reading_time": 1641111453.503516, "sensor_value": 46.67, "description": "relative humidity", "unit": "%"}}, {"si7021_373a_01": {"reading_time": 1641111483.5629127, "sensor_value": 15.39, "description": "dry-bulb temperature", "unit": "degC"}, "si7021_373a_02": {"reading_time": 1641111483.5629127, "sensor_value": 46.68, "description": "relative humidity", "unit": "%"}}, {"si7021_373a_01": {"reading_time": 1641111513.6216547, "sensor_value": 15.41, "description": "dry-bulb temperature", "unit": "degC"}, "si7021_373a_02": {"reading_time": 1641111513.6216547, "sensor_value": 46.68, "description": "relative humidity", "unit": "%"}}, {"si7021_373a_01": {"reading_time": 1641111543.680671, "sensor_value": 15.4, "description": "dry-bulb temperature", "unit": "degC"}, "si7021_373a_02": {"reading_time": 1641111543.680671, "sensor_value": 46.68, "description": "relative humidity", "unit": "%"}}][{"si7021_373a_01": {"reading_time": 1641111573.7426617, "sensor_value": 15.4, "description": "dry-bulb temperature", "unit": "degC"}, "si7021_373a_02": {"reading_time": 1641111573.7426617, "sensor_value": 46.68, "description": "relative humidity", "unit": "%"}}, {"si7021_373a_01": {"reading_time": 1641111603.7839167, "sensor_value": 15.4, "description": "dry-bulb temperature", "unit": "degC"}, "si7021_373a_02": {"reading_time": 1641111603.7839167, "sensor_value": 46.66, "description": "relative humidity", "unit": "%"}}, {"si7021_373a_01": {"reading_time": 1641111633.843164, "sensor_value": 15.38, "description": "dry-bulb temperature", "unit": "degC"}, "si7021_373a_02": {"reading_time": 1641111633.843164, "sensor_value": 46.67, "description": "relative humidity", "unit": "%"}}, {"si7021_373a_01": {"reading_time": 1641111663.8790512, "sensor_value": 15.39, "description": "dry-bulb temperature", "unit": "degC"}, "si7021_373a_02": {"reading_time": 1641111663.8790512, "sensor_value": 46.65, "description": "relative humidity", "unit": "%"}}][{"si7021_373a_01": {"reading_time": 1641111693.9190042, "sensor_value": 15.39, "description": "dry-bulb temperature", "unit": "degC"}, "si7021_373a_02": {"reading_time": 1641111693.9190042, "sensor_value": 46.65, "description": "relative humidity", "unit": "%"}}, {"si7021_373a_01": {"reading_time": 1641111723.9775567, "sensor_value": 15.38, "description": "dry-bulb temperature", "unit": "degC"}, "si7021_373a_02": {"reading_time": 1641111723.9775567, "sensor_value": 46.68, "description": "relative humidity", "unit": "%"}}, {"si7021_373a_01": {"reading_time": 1641111754.0305016, "sensor_value": 15.36, "description": "dry-bulb temperature", "unit": "degC"}, "si7021_373a_02": {"reading_time": 1641111754.0305016, "sensor_value": 46.66, "description": "relative humidity", "unit": "%"}}, {"si7021_373a_01": {"reading_time": 1641111784.0891285, "sensor_value": 15.37, "description": "dry-bulb temperature", "unit": "degC"}, "si7021_373a_02": {"reading_time": 1641111784.0891285, "sensor_value": 46.66, "description": "relative humidity", "unit": "%"}}][{"si7021_373a_01": {"reading_time": 1641111814.1364357, "sensor_value": 15.36, "description": "dry-bulb temperature", "unit": "degC"}, "si7021_373a_02": {"reading_time": 1641111814.1364357, "sensor_value": 46.68, "description": "relative humidity", "unit": "%"}}, {"si7021_373a_01": {"reading_time": 1641111844.1949432, "sensor_value": 15.37, "description": "dry-bulb temperature", "unit": "degC"}, "si7021_373a_02": {"reading_time": 1641111844.1949432, "sensor_value": 46.66, "description": "relative humidity", "unit": "%"}}, {"si7021_373a_01": {"reading_time": 1641111874.2540894, "sensor_value": 15.38, "description": "dry-bulb temperature", "unit": "degC"}, "si7021_373a_02": {"reading_time": 1641111874.2540894, "sensor_value": 46.67, "description": "relative humidity", "unit": "%"}}, {"si7021_373a_01": {"reading_time": 1641111904.3130767, "sensor_value": 15.39, "description": "dry-bulb temperature", "unit": "degC"}, "si7021_373a_02": {"reading_time": 1641111904.3130767, "sensor_value": 46.67, "description": "relative humidity", "unit": "%"}}][{"si7021_373a_01": {"reading_time": 1641111934.377155, "sensor_value": 15.37, "description": "dry-bulb temperature", "unit": "degC"}, "si7021_373a_02": {"reading_time": 1641111934.377155, "sensor_value": 46.65, "description": "relative humidity", "unit": "%"}}, {"si7021_373a_01": {"reading_time": 1641111964.4154036, "sensor_value": 15.36, "description": "dry-bulb temperature", "unit": "degC"}, "si7021_373a_02": {"reading_time": 1641111964.4154036, "sensor_value": 46.65, "description": "relative humidity", "unit": "%"}}, {"si7021_373a_01": {"reading_time": 1641111994.447069, "sensor_value": 15.38, "description": "dry-bulb temperature", "unit": "degC"}, "si7021_373a_02": {"reading_time": 1641111994.447069, "sensor_value": 46.65, "description": "relative humidity", "unit": "%"}}, {"si7021_373a_01": {"reading_time": 1641112024.5029685, "sensor_value": 15.38, "description": "dry-bulb temperature", "unit": "degC"}, "si7021_373a_02": {"reading_time": 1641112024.5029685, "sensor_value": 46.65, "description": "relative humidity", "unit": "%"}}][{"si7021_373a_01": {"reading_time": 1641112054.556233, "sensor_value": 15.36, "description": "dry-bulb temperature", "unit": "degC"}, "si7021_373a_02": {"reading_time": 1641112054.556233, "sensor_value": 46.65, "description": "relative humidity", "unit": "%"}}, {"si7021_373a_01": {"reading_time": 1641112084.5877671, "sensor_value": 15.37, "description": "dry-bulb temperature", "unit": "degC"}, "si7021_373a_02": {"reading_time": 1641112084.5877671, "sensor_value": 46.64, "description": "relative humidity", "unit": "%"}}, {"si7021_373a_01": {"reading_time": 1641112114.6218576, "sensor_value": 15.39, "description": "dry-bulb temperature", "unit": "degC"}, "si7021_373a_02": {"reading_time": 1641112114.6218576, "sensor_value": 46.65, "description": "relative humidity", "unit": "%"}}, {"si7021_373a_01": {"reading_time": 1641112144.6745806, "sensor_value": 15.39, "description": "dry-bulb temperature", "unit": "degC"}, "si7021_373a_02": {"reading_time": 1641112144.6745806, "sensor_value": 46.59, "description": "relative humidity", "unit": "%"}}][{"si7021_373a_01": {"reading_time": 1641112174.709976, "sensor_value": 15.37, "description": "dry-bulb temperature", "unit": "degC"}, "si7021_373a_02": {"reading_time": 1641112174.709976, "sensor_value": 46.62, "description": "relative humidity", "unit": "%"}}, {"si7021_373a_01": {"reading_time": 1641112204.7483206, "sensor_value": 15.37, "description": "dry-bulb temperature", "unit": "degC"}, "si7021_373a_02": {"reading_time": 1641112204.7483206, "sensor_value": 46.62, "description": "relative humidity", "unit": "%"}}, {"si7021_373a_01": {"reading_time": 1641112234.8138223, "sensor_value": 15.38, "description": "dry-bulb temperature", "unit": "degC"}, "si7021_373a_02": {"reading_time": 1641112234.8138223, "sensor_value": 46.62, "description": "relative humidity", "unit": "%"}}, {"si7021_373a_01": {"reading_time": 1641112264.8729975, "sensor_value": 15.38, "description": "dry-bulb temperature", "unit": "degC"}, "si7021_373a_02": {"reading_time": 1641112264.8729975, "sensor_value": 46.62, "description": "relative humidity", "unit": "%"}}][{"si7021_373a_01": {"reading_time": 1641112294.9341273, "sensor_value": 15.38, "description": "dry-bulb temperature", "unit": "degC"}, "si7021_373a_02": {"reading_time": 1641112294.9341273, "sensor_value": 46.62, "description": "relative humidity", "unit": "%"}}, {"si7021_373a_01": {"reading_time": 1641112324.9921515, "sensor_value": 15.33, "description": "dry-bulb temperature", "unit": "degC"}, "si7021_373a_02": {"reading_time": 1641112324.9921515, "sensor_value": 46.64, "description": "relative humidity", "unit": "%"}}, {"si7021_373a_01": {"reading_time": 1641112355.0506687, "sensor_value": 15.36, "description": "dry-bulb temperature", "unit": "degC"}, "si7021_373a_02": {"reading_time": 1641112355.0506687, "sensor_value": 46.59, "description": "relative humidity", "unit": "%"}}, {"si7021_373a_01": {"reading_time": 1641112385.1089792, "sensor_value": 15.36, "description": "dry-bulb temperature", "unit": "degC"}, "si7021_373a_02": {"reading_time": 1641112385.1089792, "sensor_value": 46.64, "description": "relative humidity", "unit": "%"}}][{"si7021_373a_01": {"reading_time": 1641112415.1702082, "sensor_value": 15.38, "description": "dry-bulb temperature", "unit": "degC"}, "si7021_373a_02": {"reading_time": 1641112415.1702082, "sensor_value": 46.61, "description": "relative humidity", "unit": "%"}}, {"si7021_373a_01": {"reading_time": 1641112445.2047386, "sensor_value": 15.34, "description": "dry-bulb temperature", "unit": "degC"}, "si7021_373a_02": {"reading_time": 1641112445.2047386, "sensor_value": 46.59, "description": "relative humidity", "unit": "%"}}, {"si7021_373a_01": {"reading_time": 1641112475.2641132, "sensor_value": 15.34, "description": "dry-bulb temperature", "unit": "degC"}, "si7021_373a_02": {"reading_time": 1641112475.2641132, "sensor_value": 46.59, "description": "relative humidity", "unit": "%"}}, {"si7021_373a_01": {"reading_time": 1641112505.3130028, "sensor_value": 15.37, "description": "dry-bulb temperature", "unit": "degC"}, "si7021_373a_02": {"reading_time": 1641112505.3130028, "sensor_value": 46.61, "description": "relative humidity", "unit": "%"}}][{"si7021_373a_01": {"reading_time": 1641112535.373423, "sensor_value": 15.36, "description": "dry-bulb temperature", "unit": "degC"}, "si7021_373a_02": {"reading_time": 1641112535.373423, "sensor_value": 46.57, "description": "relative humidity", "unit": "%"}}, {"si7021_373a_01": {"reading_time": 1641112565.4319057, "sensor_value": 15.36, "description": "dry-bulb temperature", "unit": "degC"}, "si7021_373a_02": {"reading_time": 1641112565.4319057, "sensor_value": 46.56, "description": "relative humidity", "unit": "%"}}, {"si7021_373a_01": {"reading_time": 1641112595.4913867, "sensor_value": 15.33, "description": "dry-bulb temperature", "unit": "degC"}, "si7021_373a_02": {"reading_time": 1641112595.4913867, "sensor_value": 46.59, "description": "relative humidity", "unit": "%"}}, {"si7021_373a_01": {"reading_time": 1641112625.5504942, "sensor_value": 15.34, "description": "dry-bulb temperature", "unit": "degC"}, "si7021_373a_02": {"reading_time": 1641112625.5504942, "sensor_value": 46.59, "description": "relative humidity", "unit": "%"}}][{"si7021_373a_01": {"reading_time": 1641112655.6125739, "sensor_value": 15.36, "description": "dry-bulb temperature", "unit": "degC"}, "si7021_373a_02": {"reading_time": 1641112655.6125739, "sensor_value": 46.57, "description": "relative humidity", "unit": "%"}}, {"si7021_373a_01": {"reading_time": 1641112685.671338, "sensor_value": 15.34, "description": "dry-bulb temperature", "unit": "degC"}, "si7021_373a_02": {"reading_time": 1641112685.671338, "sensor_value": 46.57, "description": "relative humidity", "unit": "%"}}, {"si7021_373a_01": {"reading_time": 1641112715.7305803, "sensor_value": 15.33, "description": "dry-bulb temperature", "unit": "degC"}, "si7021_373a_02": {"reading_time": 1641112715.7305803, "sensor_value": 46.59, "description": "relative humidity", "unit": "%"}}, {"si7021_373a_01": {"reading_time": 1641112745.790002, "sensor_value": 15.34, "description": "dry-bulb temperature", "unit": "degC"}, "si7021_373a_02": {"reading_time": 1641112745.790002, "sensor_value": 46.59, "description": "relative humidity", "unit": "%"}}][{"si7021_373a_01": {"reading_time": 1641112775.8521805, "sensor_value": 15.34, "description": "dry-bulb temperature", "unit": "degC"}, "si7021_373a_02": {"reading_time": 1641112775.8521805, "sensor_value": 46.56, "description": "relative humidity", "unit": "%"}}, {"si7021_373a_01": {"reading_time": 1641112805.8955061, "sensor_value": 15.34, "description": "dry-bulb temperature", "unit": "degC"}, "si7021_373a_02": {"reading_time": 1641112805.8955061, "sensor_value": 46.58, "description": "relative humidity", "unit": "%"}}, {"si7021_373a_01": {"reading_time": 1641112835.9552054, "sensor_value": 15.33, "description": "dry-bulb temperature", "unit": "degC"}, "si7021_373a_02": {"reading_time": 1641112835.9552054, "sensor_value": 46.57, "description": "relative humidity", "unit": "%"}}, {"si7021_373a_01": {"reading_time": 1641112866.0145395, "sensor_value": 15.36, "description": "dry-bulb temperature", "unit": "degC"}, "si7021_373a_02": {"reading_time": 1641112866.0145395, "sensor_value": 46.56, "description": "relative humidity", "unit": "%"}}][{"si7021_373a_01": {"reading_time": 1641112896.0767415, "sensor_value": 15.31, "description": "dry-bulb temperature", "unit": "degC"}, "si7021_373a_02": {"reading_time": 1641112896.0767415, "sensor_value": 46.55, "description": "relative humidity", "unit": "%"}}, {"si7021_373a_01": {"reading_time": 1641112926.13616, "sensor_value": 15.33, "description": "dry-bulb temperature", "unit": "degC"}, "si7021_373a_02": {"reading_time": 1641112926.13616, "sensor_value": 46.55, "description": "relative humidity", "unit": "%"}}, {"si7021_373a_01": {"reading_time": 1641112956.194952, "sensor_value": 15.31, "description": "dry-bulb temperature", "unit": "degC"}, "si7021_373a_02": {"reading_time": 1641112956.194952, "sensor_value": 46.53, "description": "relative humidity", "unit": "%"}}, {"si7021_373a_01": {"reading_time": 1641112986.2541914, "sensor_value": 15.32, "description": "dry-bulb temperature", "unit": "degC"}, "si7021_373a_02": {"reading_time": 1641112986.2541914, "sensor_value": 46.52, "description": "relative humidity", "unit": "%"}}][{"si7021_373a_01": {"reading_time": 1641113016.3010826, "sensor_value": 15.32, "description": "dry-bulb temperature", "unit": "degC"}, "si7021_373a_02": {"reading_time": 1641113016.3010826, "sensor_value": 46.53, "description": "relative humidity", "unit": "%"}}, {"si7021_373a_01": {"reading_time": 1641113046.333749, "sensor_value": 15.33, "description": "dry-bulb temperature", "unit": "degC"}, "si7021_373a_02": {"reading_time": 1641113046.333749, "sensor_value": 46.52, "description": "relative humidity", "unit": "%"}}, {"si7021_373a_01": {"reading_time": 1641113076.365746, "sensor_value": 15.33, "description": "dry-bulb temperature", "unit": "degC"}, "si7021_373a_02": {"reading_time": 1641113076.365746, "sensor_value": 46.51, "description": "relative humidity", "unit": "%"}}, {"si7021_373a_01": {"reading_time": 1641113106.3982584, "sensor_value": 15.32, "description": "dry-bulb temperature", "unit": "degC"}, "si7021_373a_02": {"reading_time": 1641113106.3982584, "sensor_value": 46.49, "description": "relative humidity", "unit": "%"}}][{"si7021_373a_01": {"reading_time": 1641113136.4333012, "sensor_value": 15.34, "description": "dry-bulb temperature", "unit": "degC"}, "si7021_373a_02": {"reading_time": 1641113136.4333012, "sensor_value": 46.49, "description": "relative humidity", "unit": "%"}}, {"si7021_373a_01": {"reading_time": 1641113166.4662552, "sensor_value": 15.31, "description": "dry-bulb temperature", "unit": "degC"}, "si7021_373a_02": {"reading_time": 1641113166.4662552, "sensor_value": 46.47, "description": "relative humidity", "unit": "%"}}, {"si7021_373a_01": {"reading_time": 1641113196.4983592, "sensor_value": 15.3, "description": "dry-bulb temperature", "unit": "degC"}, "si7021_373a_02": {"reading_time": 1641113196.4983592, "sensor_value": 46.48, "description": "relative humidity", "unit": "%"}}, {"si7021_373a_01": {"reading_time": 1641113226.5384092, "sensor_value": 15.33, "description": "dry-bulb temperature", "unit": "degC"}, "si7021_373a_02": {"reading_time": 1641113226.5384092, "sensor_value": 46.46, "description": "relative humidity", "unit": "%"}}][{"si7021_373a_01": {"reading_time": 1641113256.6008253, "sensor_value": 15.34, "description": "dry-bulb temperature", "unit": "degC"}, "si7021_373a_02": {"reading_time": 1641113256.6008253, "sensor_value": 46.46, "description": "relative humidity", "unit": "%"}}, {"si7021_373a_01": {"reading_time": 1641113286.659342, "sensor_value": 15.32, "description": "dry-bulb temperature", "unit": "degC"}, "si7021_373a_02": {"reading_time": 1641113286.659342, "sensor_value": 46.45, "description": "relative humidity", "unit": "%"}}, {"si7021_373a_01": {"reading_time": 1641113316.7183754, "sensor_value": 15.31, "description": "dry-bulb temperature", "unit": "degC"}, "si7021_373a_02": {"reading_time": 1641113316.7183754, "sensor_value": 46.46, "description": "relative humidity", "unit": "%"}}, {"si7021_373a_01": {"reading_time": 1641113346.7713313, "sensor_value": 15.32, "description": "dry-bulb temperature", "unit": "degC"}, "si7021_373a_02": {"reading_time": 1641113346.7713313, "sensor_value": 46.46, "description": "relative humidity", "unit": "%"}}][{"si7021_373a_01": {"reading_time": 1641113376.8339698, "sensor_value": 15.34, "description": "dry-bulb temperature", "unit": "degC"}, "si7021_373a_02": {"reading_time": 1641113376.8339698, "sensor_value": 46.45, "description": "relative humidity", "unit": "%"}}, {"si7021_373a_01": {"reading_time": 1641113406.8923538, "sensor_value": 15.32, "description": "dry-bulb temperature", "unit": "degC"}, "si7021_373a_02": {"reading_time": 1641113406.8923538, "sensor_value": 46.45, "description": "relative humidity", "unit": "%"}}, {"si7021_373a_01": {"reading_time": 1641113436.9515755, "sensor_value": 15.31, "description": "dry-bulb temperature", "unit": "degC"}, "si7021_373a_02": {"reading_time": 1641113436.9515755, "sensor_value": 46.43, "description": "relative humidity", "unit": "%"}}, {"si7021_373a_01": {"reading_time": 1641113467.0108654, "sensor_value": 15.34, "description": "dry-bulb temperature", "unit": "degC"}, "si7021_373a_02": {"reading_time": 1641113467.0108654, "sensor_value": 46.4, "description": "relative humidity", "unit": "%"}}][{"si7021_373a_01": {"reading_time": 1641113497.043108, "sensor_value": 15.31, "description": "dry-bulb temperature", "unit": "degC"}, "si7021_373a_02": {"reading_time": 1641113497.043108, "sensor_value": 46.44, "description": "relative humidity", "unit": "%"}}, {"si7021_373a_01": {"reading_time": 1641113527.074577, "sensor_value": 15.34, "description": "dry-bulb temperature", "unit": "degC"}, "si7021_373a_02": {"reading_time": 1641113527.074577, "sensor_value": 46.44, "description": "relative humidity", "unit": "%"}}, {"si7021_373a_01": {"reading_time": 1641113557.1245785, "sensor_value": 15.36, "description": "dry-bulb temperature", "unit": "degC"}, "si7021_373a_02": {"reading_time": 1641113557.1245785, "sensor_value": 46.44, "description": "relative humidity", "unit": "%"}}, {"si7021_373a_01": {"reading_time": 1641113587.1758168, "sensor_value": 15.34, "description": "dry-bulb temperature", "unit": "degC"}, "si7021_373a_02": {"reading_time": 1641113587.1758168, "sensor_value": 46.4, "description": "relative humidity", "unit": "%"}}][{"si7021_373a_01": {"reading_time": 1641113617.2272086, "sensor_value": 15.33, "description": "dry-bulb temperature", "unit": "degC"}, "si7021_373a_02": {"reading_time": 1641113617.2272086, "sensor_value": 46.41, "description": "relative humidity", "unit": "%"}}, {"si7021_373a_01": {"reading_time": 1641113647.2845833, "sensor_value": 15.32, "description": "dry-bulb temperature", "unit": "degC"}, "si7021_373a_02": {"reading_time": 1641113647.2845833, "sensor_value": 46.39, "description": "relative humidity", "unit": "%"}}, {"si7021_373a_01": {"reading_time": 1641113677.3436198, "sensor_value": 15.32, "description": "dry-bulb temperature", "unit": "degC"}, "si7021_373a_02": {"reading_time": 1641113677.3436198, "sensor_value": 46.38, "description": "relative humidity", "unit": "%"}}, {"si7021_373a_01": {"reading_time": 1641113707.4033918, "sensor_value": 15.32, "description": "dry-bulb temperature", "unit": "degC"}, "si7021_373a_02": {"reading_time": 1641113707.4033918, "sensor_value": 46.4, "description": "relative humidity", "unit": "%"}}][{"si7021_373a_01": {"reading_time": 1641113737.4664867, "sensor_value": 15.33, "description": "dry-bulb temperature", "unit": "degC"}, "si7021_373a_02": {"reading_time": 1641113737.4664867, "sensor_value": 46.39, "description": "relative humidity", "unit": "%"}}, {"si7021_373a_01": {"reading_time": 1641113767.526247, "sensor_value": 15.32, "description": "dry-bulb temperature", "unit": "degC"}, "si7021_373a_02": {"reading_time": 1641113767.526247, "sensor_value": 46.39, "description": "relative humidity", "unit": "%"}}, {"si7021_373a_01": {"reading_time": 1641113797.5856338, "sensor_value": 15.32, "description": "dry-bulb temperature", "unit": "degC"}, "si7021_373a_02": {"reading_time": 1641113797.5856338, "sensor_value": 46.39, "description": "relative humidity", "unit": "%"}}, {"si7021_373a_01": {"reading_time": 1641113827.6446846, "sensor_value": 15.34, "description": "dry-bulb temperature", "unit": "degC"}, "si7021_373a_02": {"reading_time": 1641113827.6446846, "sensor_value": 46.39, "description": "relative humidity", "unit": "%"}}][{"si7021_373a_01": {"reading_time": 1641113857.694406, "sensor_value": 15.34, "description": "dry-bulb temperature", "unit": "degC"}, "si7021_373a_02": {"reading_time": 1641113857.694406, "sensor_value": 46.38, "description": "relative humidity", "unit": "%"}}, {"si7021_373a_01": {"reading_time": 1641113887.7543867, "sensor_value": 15.33, "description": "dry-bulb temperature", "unit": "degC"}, "si7021_373a_02": {"reading_time": 1641113887.7543867, "sensor_value": 46.4, "description": "relative humidity", "unit": "%"}}, {"si7021_373a_01": {"reading_time": 1641113917.8143802, "sensor_value": 15.32, "description": "dry-bulb temperature", "unit": "degC"}, "si7021_373a_02": {"reading_time": 1641113917.8143802, "sensor_value": 46.36, "description": "relative humidity", "unit": "%"}}, {"si7021_373a_01": {"reading_time": 1641113947.8728714, "sensor_value": 15.32, "description": "dry-bulb temperature", "unit": "degC"}, "si7021_373a_02": {"reading_time": 1641113947.8728714, "sensor_value": 46.36, "description": "relative humidity", "unit": "%"}}]