[{"si7021_373a_01": {"reading_time": 1641023939.277189, "sensor_value": 15.88, "description": "dry-bulb temperature", "unit": "degC"}, "si7021_373a_02": {"reading_time": 1641023939.277189, "sensor_value": 52.66, "description": "relative humidity", "unit": "%"}}, {"si7021_373a_01": {"reading_time": 1641023969.3362994, "sensor_value": 15.9, "description": "dry-bulb temperature", "unit": "degC"}, "si7021_373a_02": {"reading_time": 1641023969.3362994, "sensor_value": 52.66, "description": "relative humidity", "unit": "%"}}, {"si7021_373a_01": {"reading_time": 1641023999.3959947, "sensor_value": 15.9, "description": "dry-bulb temperature", "unit": "degC"}, "si7021_373a_02": {"reading_time": 1641023999.3959947, "sensor_value": 52.67, "description": "relative humidity", "unit": "%"}}, {"si7021_373a_01": {"reading_time": 1641024029.4550974, "sensor_value": 15.9, "description": "dry-bulb temperature", "unit": "degC"}, "si7021_373a_02": {"reading_time": 1641024029.4550974, "sensor_value": 52.65, "description": "relative humidity", "unit": "%"}}][{"si7021_373a_01": {"reading_time": 1641024059.5198293, "sensor_value": 15.89, "description": "dry-bulb temperature", "unit": "degC"}, "si7021_373a_02": {"reading_time": 1641024059.5198293, "sensor_value": 52.64, "description": "relative humidity", "unit": "%"}}, {"si7021_373a_01": {"reading_time": 1641024089.5784297, "sensor_value": 15.9, "description": "dry-bulb temperature", "unit": "degC"}, "si7021_373a_02": {"reading_time": 1641024089.5784297, "sensor_value": 52.64, "description": "relative humidity", "unit": "%"}}, {"si7021_373a_01": {"reading_time": 1641024119.637039, "sensor_value": 15.89, "description": "dry-bulb temperature", "unit": "degC"}, "si7021_373a_02": {"reading_time": 1641024119.637039, "sensor_value": 52.64, "description": "relative humidity", "unit": "%"}}, {"si7021_373a_01": {"reading_time": 1641024149.6954987, "sensor_value": 15.9, "description": "dry-bulb temperature", "unit": "degC"}, "si7021_373a_02": {"reading_time": 1641024149.6954987, "sensor_value": 52.61, "description": "relative humidity", "unit": "%"}}][{"si7021_373a_01": {"reading_time": 1641024179.7565486, "sensor_value": 15.9, "description": "dry-bulb temperature", "unit": "degC"}, "si7021_373a_02": {"reading_time": 1641024179.7565486, "sensor_value": 52.63, "description": "relative humidity", "unit": "%"}}, {"si7021_373a_01": {"reading_time": 1641024209.8150024, "sensor_value": 15.91, "description": "dry-bulb temperature", "unit": "degC"}, "si7021_373a_02": {"reading_time": 1641024209.8150024, "sensor_value": 52.61, "description": "relative humidity", "unit": "%"}}, {"si7021_373a_01": {"reading_time": 1641024239.873804, "sensor_value": 15.9, "description": "dry-bulb temperature", "unit": "degC"}, "si7021_373a_02": {"reading_time": 1641024239.873804, "sensor_value": 52.61, "description": "relative humidity", "unit": "%"}}, {"si7021_373a_01": {"reading_time": 1641024269.932489, "sensor_value": 15.87, "description": "dry-bulb temperature", "unit": "degC"}, "si7021_373a_02": {"reading_time": 1641024269.932489, "sensor_value": 52.61, "description": "relative humidity", "unit": "%"}}][{"si7021_373a_01": {"reading_time": 1641024299.9935732, "sensor_value": 15.89, "description": "dry-bulb temperature", "unit": "degC"}, "si7021_373a_02": {"reading_time": 1641024299.9935732, "sensor_value": 52.61, "description": "relative humidity", "unit": "%"}}, {"si7021_373a_01": {"reading_time": 1641024330.0525045, "sensor_value": 15.89, "description": "dry-bulb temperature", "unit": "degC"}, "si7021_373a_02": {"reading_time": 1641024330.0525045, "sensor_value": 52.59, "description": "relative humidity", "unit": "%"}}, {"si7021_373a_01": {"reading_time": 1641024360.1119506, "sensor_value": 15.89, "description": "dry-bulb temperature", "unit": "degC"}, "si7021_373a_02": {"reading_time": 1641024360.1119506, "sensor_value": 52.59, "description": "relative humidity", "unit": "%"}}, {"si7021_373a_01": {"reading_time": 1641024390.1597834, "sensor_value": 15.89, "description": "dry-bulb temperature", "unit": "degC"}, "si7021_373a_02": {"reading_time": 1641024390.1597834, "sensor_value": 52.59, "description": "relative humidity", "unit": "%"}}][{"si7021_373a_01": {"reading_time": 1641024420.2196267, "sensor_value": 15.89, "description": "dry-bulb temperature", "unit": "degC"}, "si7021_373a_02": {"reading_time": 1641024420.2196267, "sensor_value": 52.57, "description": "relative humidity", "unit": "%"}}, {"si7021_373a_01": {"reading_time": 1641024450.2790325, "sensor_value": 15.86, "description": "dry-bulb temperature", "unit": "degC"}, "si7021_373a_02": {"reading_time": 1641024450.2790325, "sensor_value": 52.57, "description": "relative humidity", "unit": "%"}}, {"si7021_373a_01": {"reading_time": 1641024480.3391216, "sensor_value": 15.89, "description": "dry-bulb temperature", "unit": "degC"}, "si7021_373a_02": {"reading_time": 1641024480.3391216, "sensor_value": 52.57, "description": "relative humidity", "unit": "%"}}, {"si7021_373a_01": {"reading_time": 1641024510.3983998, "sensor_value": 15.86, "description": "dry-bulb temperature", "unit": "degC"}, "si7021_373a_02": {"reading_time": 1641024510.3983998, "sensor_value": 52.58, "description": "relative humidity", "unit": "%"}}][{"si7021_373a_01": {"reading_time": 1641024540.460136, "sensor_value": 15.9, "description": "dry-bulb temperature", "unit": "degC"}, "si7021_373a_02": {"reading_time": 1641024540.460136, "sensor_value": 52.57, "description": "relative humidity", "unit": "%"}}, {"si7021_373a_01": {"reading_time": 1641024570.518519, "sensor_value": 15.89, "description": "dry-bulb temperature", "unit": "degC"}, "si7021_373a_02": {"reading_time": 1641024570.518519, "sensor_value": 52.55, "description": "relative humidity", "unit": "%"}}, {"si7021_373a_01": {"reading_time": 1641024600.5771925, "sensor_value": 15.87, "description": "dry-bulb temperature", "unit": "degC"}, "si7021_373a_02": {"reading_time": 1641024600.5771925, "sensor_value": 52.57, "description": "relative humidity", "unit": "%"}}, {"si7021_373a_01": {"reading_time": 1641024630.6157737, "sensor_value": 15.89, "description": "dry-bulb temperature", "unit": "degC"}, "si7021_373a_02": {"reading_time": 1641024630.6157737, "sensor_value": 52.55, "description": "relative humidity", "unit": "%"}}][{"si7021_373a_01": {"reading_time": 1641024660.6766777, "sensor_value": 15.87, "description": "dry-bulb temperature", "unit": "degC"}, "si7021_373a_02": {"reading_time": 1641024660.6766777, "sensor_value": 52.54, "description": "relative humidity", "unit": "%"}}, {"si7021_373a_01": {"reading_time": 1641024690.7145858, "sensor_value": 15.88, "description": "dry-bulb temperature", "unit": "degC"}, "si7021_373a_02": {"reading_time": 1641024690.7145858, "sensor_value": 52.54, "description": "relative humidity", "unit": "%"}}, {"si7021_373a_01": {"reading_time": 1641024720.7645924, "sensor_value": 15.9, "description": "dry-bulb temperature", "unit": "degC"}, "si7021_373a_02": {"reading_time": 1641024720.7645924, "sensor_value": 52.56, "description": "relative humidity", "unit": "%"}}, {"si7021_373a_01": {"reading_time": 1641024750.8045726, "sensor_value": 15.86, "description": "dry-bulb temperature", "unit": "degC"}, "si7021_373a_02": {"reading_time": 1641024750.8045726, "sensor_value": 52.54, "description": "relative humidity", "unit": "%"}}][{"si7021_373a_01": {"reading_time": 1641024780.8663394, "sensor_value": 15.9, "description": "dry-bulb temperature", "unit": "degC"}, "si7021_373a_02": {"reading_time": 1641024780.8663394, "sensor_value": 52.54, "description": "relative humidity", "unit": "%"}}, {"si7021_373a_01": {"reading_time": 1641024810.9092457, "sensor_value": 15.88, "description": "dry-bulb temperature", "unit": "degC"}, "si7021_373a_02": {"reading_time": 1641024810.9092457, "sensor_value": 52.55, "description": "relative humidity", "unit": "%"}}, {"si7021_373a_01": {"reading_time": 1641024840.9693754, "sensor_value": 15.89, "description": "dry-bulb temperature", "unit": "degC"}, "si7021_373a_02": {"reading_time": 1641024840.9693754, "sensor_value": 52.54, "description": "relative humidity", "unit": "%"}}, {"si7021_373a_01": {"reading_time": 1641024871.0048573, "sensor_value": 15.88, "description": "dry-bulb temperature", "unit": "degC"}, "si7021_373a_02": {"reading_time": 1641024871.0048573, "sensor_value": 52.57, "description": "relative humidity", "unit": "%"}}][{"si7021_373a_01": {"reading_time": 1641024901.0469177, "sensor_value": 15.87, "description": "dry-bulb temperature", "unit": "degC"}, "si7021_373a_02": {"reading_time": 1641024901.0469177, "sensor_value": 52.55, "description": "relative humidity", "unit": "%"}}, {"si7021_373a_01": {"reading_time": 1641024931.106737, "sensor_value": 15.87, "description": "dry-bulb temperature", "unit": "degC"}, "si7021_373a_02": {"reading_time": 1641024931.106737, "sensor_value": 52.57, "description": "relative humidity", "unit": "%"}}, {"si7021_373a_01": {"reading_time": 1641024961.1615424, "sensor_value": 15.88, "description": "dry-bulb temperature", "unit": "degC"}, "si7021_373a_02": {"reading_time": 1641024961.1615424, "sensor_value": 52.54, "description": "relative humidity", "unit": "%"}}, {"si7021_373a_01": {"reading_time": 1641024991.2155442, "sensor_value": 15.88, "description": "dry-bulb temperature", "unit": "degC"}, "si7021_373a_02": {"reading_time": 1641024991.2155442, "sensor_value": 52.56, "description": "relative humidity", "unit": "%"}}][{"si7021_373a_01": {"reading_time": 1641025021.2786286, "sensor_value": 15.89, "description": "dry-bulb temperature", "unit": "degC"}, "si7021_373a_02": {"reading_time": 1641025021.2786286, "sensor_value": 52.55, "description": "relative humidity", "unit": "%"}}, {"si7021_373a_01": {"reading_time": 1641025051.3387778, "sensor_value": 15.89, "description": "dry-bulb temperature", "unit": "degC"}, "si7021_373a_02": {"reading_time": 1641025051.3387778, "sensor_value": 52.54, "description": "relative humidity", "unit": "%"}}, {"si7021_373a_01": {"reading_time": 1641025081.3974705, "sensor_value": 15.91, "description": "dry-bulb temperature", "unit": "degC"}, "si7021_373a_02": {"reading_time": 1641025081.3974705, "sensor_value": 52.54, "description": "relative humidity", "unit": "%"}}, {"si7021_373a_01": {"reading_time": 1641025111.4571753, "sensor_value": 15.89, "description": "dry-bulb temperature", "unit": "degC"}, "si7021_373a_02": {"reading_time": 1641025111.4571753, "sensor_value": 52.55, "description": "relative humidity", "unit": "%"}}][{"si7021_373a_01": {"reading_time": 1641025141.497628, "sensor_value": 15.88, "description": "dry-bulb temperature", "unit": "degC"}, "si7021_373a_02": {"reading_time": 1641025141.497628, "sensor_value": 52.56, "description": "relative humidity", "unit": "%"}}, {"si7021_373a_01": {"reading_time": 1641025171.555889, "sensor_value": 15.87, "description": "dry-bulb temperature", "unit": "degC"}, "si7021_373a_02": {"reading_time": 1641025171.555889, "sensor_value": 52.57, "description": "relative humidity", "unit": "%"}}, {"si7021_373a_01": {"reading_time": 1641025201.6141145, "sensor_value": 15.88, "description": "dry-bulb temperature", "unit": "degC"}, "si7021_373a_02": {"reading_time": 1641025201.6141145, "sensor_value": 52.56, "description": "relative humidity", "unit": "%"}}, {"si7021_373a_01": {"reading_time": 1641025231.6724715, "sensor_value": 15.87, "description": "dry-bulb temperature", "unit": "degC"}, "si7021_373a_02": {"reading_time": 1641025231.6724715, "sensor_value": 52.57, "description": "relative humidity", "unit": "%"}}][{"si7021_373a_01": {"reading_time": 1641025261.718734, "sensor_value": 15.87, "description": "dry-bulb temperature", "unit": "degC"}, "si7021_373a_02": {"reading_time": 1641025261.718734, "sensor_value": 52.57, "description": "relative humidity", "unit": "%"}}, {"si7021_373a_01": {"reading_time": 1641025291.777316, "sensor_value": 15.87, "description": "dry-bulb temperature", "unit": "degC"}, "si7021_373a_02": {"reading_time": 1641025291.777316, "sensor_value": 52.59, "description": "relative humidity", "unit": "%"}}, {"si7021_373a_01": {"reading_time": 1641025321.836223, "sensor_value": 15.88, "description": "dry-bulb temperature", "unit": "degC"}, "si7021_373a_02": {"reading_time": 1641025321.836223, "sensor_value": 52.59, "description": "relative humidity", "unit": "%"}}, {"si7021_373a_01": {"reading_time": 1641025351.8986957, "sensor_value": 15.88, "description": "dry-bulb temperature", "unit": "degC"}, "si7021_373a_02": {"reading_time": 1641025351.8986957, "sensor_value": 52.59, "description": "relative humidity", "unit": "%"}}][{"si7021_373a_01": {"reading_time": 1641025381.9599252, "sensor_value": 15.89, "description": "dry-bulb temperature", "unit": "degC"}, "si7021_373a_02": {"reading_time": 1641025381.9599252, "sensor_value": 52.61, "description": "relative humidity", "unit": "%"}}, {"si7021_373a_01": {"reading_time": 1641025412.0182705, "sensor_value": 15.86, "description": "dry-bulb temperature", "unit": "degC"}, "si7021_373a_02": {"reading_time": 1641025412.0182705, "sensor_value": 52.6, "description": "relative humidity", "unit": "%"}}, {"si7021_373a_01": {"reading_time": 1641025442.0765188, "sensor_value": 15.89, "description": "dry-bulb temperature", "unit": "degC"}, "si7021_373a_02": {"reading_time": 1641025442.0765188, "sensor_value": 52.61, "description": "relative humidity", "unit": "%"}}, {"si7021_373a_01": {"reading_time": 1641025472.135238, "sensor_value": 15.89, "description": "dry-bulb temperature", "unit": "degC"}, "si7021_373a_02": {"reading_time": 1641025472.135238, "sensor_value": 52.61, "description": "relative humidity", "unit": "%"}}][{"si7021_373a_01": {"reading_time": 1641025502.1959424, "sensor_value": 15.89, "description": "dry-bulb temperature", "unit": "degC"}, "si7021_373a_02": {"reading_time": 1641025502.1959424, "sensor_value": 52.61, "description": "relative humidity", "unit": "%"}}, {"si7021_373a_01": {"reading_time": 1641025532.2463553, "sensor_value": 15.88, "description": "dry-bulb temperature", "unit": "degC"}, "si7021_373a_02": {"reading_time": 1641025532.2463553, "sensor_value": 52.61, "description": "relative humidity", "unit": "%"}}, {"si7021_373a_01": {"reading_time": 1641025562.3048413, "sensor_value": 15.88, "description": "dry-bulb temperature", "unit": "degC"}, "si7021_373a_02": {"reading_time": 1641025562.3048413, "sensor_value": 52.59, "description": "relative humidity", "unit": "%"}}, {"si7021_373a_01": {"reading_time": 1641025592.3629062, "sensor_value": 15.86, "description": "dry-bulb temperature", "unit": "degC"}, "si7021_373a_02": {"reading_time": 1641025592.3629062, "sensor_value": 52.61, "description": "relative humidity", "unit": "%"}}][{"si7021_373a_01": {"reading_time": 1641025622.4240642, "sensor_value": 15.87, "description": "dry-bulb temperature", "unit": "degC"}, "si7021_373a_02": {"reading_time": 1641025622.4240642, "sensor_value": 52.6, "description": "relative humidity", "unit": "%"}}, {"si7021_373a_01": {"reading_time": 1641025652.4824882, "sensor_value": 15.87, "description": "dry-bulb temperature", "unit": "degC"}, "si7021_373a_02": {"reading_time": 1641025652.4824882, "sensor_value": 52.58, "description": "relative humidity", "unit": "%"}}, {"si7021_373a_01": {"reading_time": 1641025682.541403, "sensor_value": 15.88, "description": "dry-bulb temperature", "unit": "degC"}, "si7021_373a_02": {"reading_time": 1641025682.541403, "sensor_value": 52.61, "description": "relative humidity", "unit": "%"}}, {"si7021_373a_01": {"reading_time": 1641025712.5997765, "sensor_value": 15.86, "description": "dry-bulb temperature", "unit": "degC"}, "si7021_373a_02": {"reading_time": 1641025712.5997765, "sensor_value": 52.59, "description": "relative humidity", "unit": "%"}}][{"si7021_373a_01": {"reading_time": 1641025742.6626065, "sensor_value": 15.88, "description": "dry-bulb temperature", "unit": "degC"}, "si7021_373a_02": {"reading_time": 1641025742.6626065, "sensor_value": 52.57, "description": "relative humidity", "unit": "%"}}, {"si7021_373a_01": {"reading_time": 1641025772.7218208, "sensor_value": 15.86, "description": "dry-bulb temperature", "unit": "degC"}, "si7021_373a_02": {"reading_time": 1641025772.7218208, "sensor_value": 52.55, "description": "relative humidity", "unit": "%"}}, {"si7021_373a_01": {"reading_time": 1641025802.7615469, "sensor_value": 15.89, "description": "dry-bulb temperature", "unit": "degC"}, "si7021_373a_02": {"reading_time": 1641025802.7615469, "sensor_value": 52.54, "description": "relative humidity", "unit": "%"}}, {"si7021_373a_01": {"reading_time": 1641025832.7996068, "sensor_value": 15.87, "description": "dry-bulb temperature", "unit": "degC"}, "si7021_373a_02": {"reading_time": 1641025832.7996068, "sensor_value": 52.54, "description": "relative humidity", "unit": "%"}}][{"si7021_373a_01": {"reading_time": 1641025862.840491, "sensor_value": 15.86, "description": "dry-bulb temperature", "unit": "degC"}, "si7021_373a_02": {"reading_time": 1641025862.840491, "sensor_value": 52.52, "description": "relative humidity", "unit": "%"}}, {"si7021_373a_01": {"reading_time": 1641025892.8782728, "sensor_value": 15.88, "description": "dry-bulb temperature", "unit": "degC"}, "si7021_373a_02": {"reading_time": 1641025892.8782728, "sensor_value": 52.52, "description": "relative humidity", "unit": "%"}}, {"si7021_373a_01": {"reading_time": 1641025922.9156516, "sensor_value": 15.87, "description": "dry-bulb temperature", "unit": "degC"}, "si7021_373a_02": {"reading_time": 1641025922.9156516, "sensor_value": 52.54, "description": "relative humidity", "unit": "%"}}, {"si7021_373a_01": {"reading_time": 1641025952.9697073, "sensor_value": 15.87, "description": "dry-bulb temperature", "unit": "degC"}, "si7021_373a_02": {"reading_time": 1641025952.9697073, "sensor_value": 52.52, "description": "relative humidity", "unit": "%"}}][{"si7021_373a_01": {"reading_time": 1641025983.0271938, "sensor_value": 15.87, "description": "dry-bulb temperature", "unit": "degC"}, "si7021_373a_02": {"reading_time": 1641025983.0271938, "sensor_value": 52.52, "description": "relative humidity", "unit": "%"}}, {"si7021_373a_01": {"reading_time": 1641026013.0855162, "sensor_value": 15.86, "description": "dry-bulb temperature", "unit": "degC"}, "si7021_373a_02": {"reading_time": 1641026013.0855162, "sensor_value": 52.48, "description": "relative humidity", "unit": "%"}}, {"si7021_373a_01": {"reading_time": 1641026043.1446981, "sensor_value": 15.86, "description": "dry-bulb temperature", "unit": "degC"}, "si7021_373a_02": {"reading_time": 1641026043.1446981, "sensor_value": 52.52, "description": "relative humidity", "unit": "%"}}, {"si7021_373a_01": {"reading_time": 1641026073.2028973, "sensor_value": 15.88, "description": "dry-bulb temperature", "unit": "degC"}, "si7021_373a_02": {"reading_time": 1641026073.2028973, "sensor_value": 52.48, "description": "relative humidity", "unit": "%"}}][{"si7021_373a_01": {"reading_time": 1641026103.2648044, "sensor_value": 15.87, "description": "dry-bulb temperature", "unit": "degC"}, "si7021_373a_02": {"reading_time": 1641026103.2648044, "sensor_value": 52.48, "description": "relative humidity", "unit": "%"}}, {"si7021_373a_01": {"reading_time": 1641026133.323957, "sensor_value": 15.86, "description": "dry-bulb temperature", "unit": "degC"}, "si7021_373a_02": {"reading_time": 1641026133.323957, "sensor_value": 52.48, "description": "relative humidity", "unit": "%"}}, {"si7021_373a_01": {"reading_time": 1641026163.3831182, "sensor_value": 15.86, "description": "dry-bulb temperature", "unit": "degC"}, "si7021_373a_02": {"reading_time": 1641026163.3831182, "sensor_value": 52.47, "description": "relative humidity", "unit": "%"}}, {"si7021_373a_01": {"reading_time": 1641026193.4423895, "sensor_value": 15.88, "description": "dry-bulb temperature", "unit": "degC"}, "si7021_373a_02": {"reading_time": 1641026193.4423895, "sensor_value": 52.45, "description": "relative humidity", "unit": "%"}}][{"si7021_373a_01": {"reading_time": 1641026223.5040047, "sensor_value": 15.88, "description": "dry-bulb temperature", "unit": "degC"}, "si7021_373a_02": {"reading_time": 1641026223.5040047, "sensor_value": 52.41, "description": "relative humidity", "unit": "%"}}, {"si7021_373a_01": {"reading_time": 1641026253.5628397, "sensor_value": 15.88, "description": "dry-bulb temperature", "unit": "degC"}, "si7021_373a_02": {"reading_time": 1641026253.5628397, "sensor_value": 52.41, "description": "relative humidity", "unit": "%"}}, {"si7021_373a_01": {"reading_time": 1641026283.6143196, "sensor_value": 15.86, "description": "dry-bulb temperature", "unit": "degC"}, "si7021_373a_02": {"reading_time": 1641026283.6143196, "sensor_value": 52.39, "description": "relative humidity", "unit": "%"}}, {"si7021_373a_01": {"reading_time": 1641026313.6729894, "sensor_value": 15.87, "description": "dry-bulb temperature", "unit": "degC"}, "si7021_373a_02": {"reading_time": 1641026313.6729894, "sensor_value": 52.39, "description": "relative humidity", "unit": "%"}}][{"si7021_373a_01": {"reading_time": 1641026343.7350404, "sensor_value": 15.86, "description": "dry-bulb temperature", "unit": "degC"}, "si7021_373a_02": {"reading_time": 1641026343.7350404, "sensor_value": 52.38, "description": "relative humidity", "unit": "%"}}, {"si7021_373a_01": {"reading_time": 1641026373.7933834, "sensor_value": 15.86, "description": "dry-bulb temperature", "unit": "degC"}, "si7021_373a_02": {"reading_time": 1641026373.7933834, "sensor_value": 52.38, "description": "relative humidity", "unit": "%"}}, {"si7021_373a_01": {"reading_time": 1641026403.8464015, "sensor_value": 15.86, "description": "dry-bulb temperature", "unit": "degC"}, "si7021_373a_02": {"reading_time": 1641026403.8464015, "sensor_value": 52.36, "description": "relative humidity", "unit": "%"}}, {"si7021_373a_01": {"reading_time": 1641026433.8936055, "sensor_value": 15.89, "description": "dry-bulb temperature", "unit": "degC"}, "si7021_373a_02": {"reading_time": 1641026433.8936055, "sensor_value": 52.38, "description": "relative humidity", "unit": "%"}}][{"si7021_373a_01": {"reading_time": 1641026463.944389, "sensor_value": 15.87, "description": "dry-bulb temperature", "unit": "degC"}, "si7021_373a_02": {"reading_time": 1641026463.944389, "sensor_value": 52.35, "description": "relative humidity", "unit": "%"}}, {"si7021_373a_01": {"reading_time": 1641026493.9881387, "sensor_value": 15.86, "description": "dry-bulb temperature", "unit": "degC"}, "si7021_373a_02": {"reading_time": 1641026493.9881387, "sensor_value": 52.36, "description": "relative humidity", "unit": "%"}}, {"si7021_373a_01": {"reading_time": 1641026524.0475547, "sensor_value": 15.85, "description": "dry-bulb temperature", "unit": "degC"}, "si7021_373a_02": {"reading_time": 1641026524.0475547, "sensor_value": 52.35, "description": "relative humidity", "unit": "%"}}, {"si7021_373a_01": {"reading_time": 1641026554.1057377, "sensor_value": 15.86, "description": "dry-bulb temperature", "unit": "degC"}, "si7021_373a_02": {"reading_time": 1641026554.1057377, "sensor_value": 52.32, "description": "relative humidity", "unit": "%"}}][{"si7021_373a_01": {"reading_time": 1641026584.158071, "sensor_value": 15.86, "description": "dry-bulb temperature", "unit": "degC"}, "si7021_373a_02": {"reading_time": 1641026584.158071, "sensor_value": 52.34, "description": "relative humidity", "unit": "%"}}, {"si7021_373a_01": {"reading_time": 1641026614.206927, "sensor_value": 15.86, "description": "dry-bulb temperature", "unit": "degC"}, "si7021_373a_02": {"reading_time": 1641026614.206927, "sensor_value": 52.29, "description": "relative humidity", "unit": "%"}}, {"si7021_373a_01": {"reading_time": 1641026644.2450953, "sensor_value": 15.87, "description": "dry-bulb temperature", "unit": "degC"}, "si7021_373a_02": {"reading_time": 1641026644.2450953, "sensor_value": 52.29, "description": "relative humidity", "unit": "%"}}, {"si7021_373a_01": {"reading_time": 1641026674.2946308, "sensor_value": 15.86, "description": "dry-bulb temperature", "unit": "degC"}, "si7021_373a_02": {"reading_time": 1641026674.2946308, "sensor_value": 52.28, "description": "relative humidity", "unit": "%"}}][{"si7021_373a_01": {"reading_time": 1641026704.3571997, "sensor_value": 15.87, "description": "dry-bulb temperature", "unit": "degC"}, "si7021_373a_02": {"reading_time": 1641026704.3571997, "sensor_value": 52.26, "description": "relative humidity", "unit": "%"}}, {"si7021_373a_01": {"reading_time": 1641026734.4149964, "sensor_value": 15.87, "description": "dry-bulb temperature", "unit": "degC"}, "si7021_373a_02": {"reading_time": 1641026734.4149964, "sensor_value": 52.28, "description": "relative humidity", "unit": "%"}}, {"si7021_373a_01": {"reading_time": 1641026764.461454, "sensor_value": 15.87, "description": "dry-bulb temperature", "unit": "degC"}, "si7021_373a_02": {"reading_time": 1641026764.461454, "sensor_value": 52.27, "description": "relative humidity", "unit": "%"}}, {"si7021_373a_01": {"reading_time": 1641026794.5201418, "sensor_value": 15.87, "description": "dry-bulb temperature", "unit": "degC"}, "si7021_373a_02": {"reading_time": 1641026794.5201418, "sensor_value": 52.27, "description": "relative humidity", "unit": "%"}}][{"si7021_373a_01": {"reading_time": 1641026824.577281, "sensor_value": 15.87, "description": "dry-bulb temperature", "unit": "degC"}, "si7021_373a_02": {"reading_time": 1641026824.577281, "sensor_value": 52.23, "description": "relative humidity", "unit": "%"}}, {"si7021_373a_01": {"reading_time": 1641026854.6106646, "sensor_value": 15.87, "description": "dry-bulb temperature", "unit": "degC"}, "si7021_373a_02": {"reading_time": 1641026854.6106646, "sensor_value": 52.24, "description": "relative humidity", "unit": "%"}}, {"si7021_373a_01": {"reading_time": 1641026884.6449888, "sensor_value": 15.87, "description": "dry-bulb temperature", "unit": "degC"}, "si7021_373a_02": {"reading_time": 1641026884.6449888, "sensor_value": 52.22, "description": "relative humidity", "unit": "%"}}, {"si7021_373a_01": {"reading_time": 1641026914.7043967, "sensor_value": 15.87, "description": "dry-bulb temperature", "unit": "degC"}, "si7021_373a_02": {"reading_time": 1641026914.7043967, "sensor_value": 52.19, "description": "relative humidity", "unit": "%"}}][{"si7021_373a_01": {"reading_time": 1641026944.7660515, "sensor_value": 15.87, "description": "dry-bulb temperature", "unit": "degC"}, "si7021_373a_02": {"reading_time": 1641026944.7660515, "sensor_value": 52.19, "description": "relative humidity", "unit": "%"}}, {"si7021_373a_01": {"reading_time": 1641026974.824989, "sensor_value": 15.87, "description": "dry-bulb temperature", "unit": "degC"}, "si7021_373a_02": {"reading_time": 1641026974.824989, "sensor_value": 52.19, "description": "relative humidity", "unit": "%"}}, {"si7021_373a_01": {"reading_time": 1641027004.8733327, "sensor_value": 15.88, "description": "dry-bulb temperature", "unit": "degC"}, "si7021_373a_02": {"reading_time": 1641027004.8733327, "sensor_value": 52.2, "description": "relative humidity", "unit": "%"}}, {"si7021_373a_01": {"reading_time": 1641027034.9220686, "sensor_value": 15.87, "description": "dry-bulb temperature", "unit": "degC"}, "si7021_373a_02": {"reading_time": 1641027034.9220686, "sensor_value": 52.2, "description": "relative humidity", "unit": "%"}}][{"si7021_373a_01": {"reading_time": 1641027064.9776917, "sensor_value": 15.87, "description": "dry-bulb temperature", "unit": "degC"}, "si7021_373a_02": {"reading_time": 1641027064.9776917, "sensor_value": 52.22, "description": "relative humidity", "unit": "%"}}, {"si7021_373a_01": {"reading_time": 1641027095.0162582, "sensor_value": 15.88, "description": "dry-bulb temperature", "unit": "degC"}, "si7021_373a_02": {"reading_time": 1641027095.0162582, "sensor_value": 52.23, "description": "relative humidity", "unit": "%"}}, {"si7021_373a_01": {"reading_time": 1641027125.0458055, "sensor_value": 15.86, "description": "dry-bulb temperature", "unit": "degC"}, "si7021_373a_02": {"reading_time": 1641027125.0458055, "sensor_value": 52.25, "description": "relative humidity", "unit": "%"}}, {"si7021_373a_01": {"reading_time": 1641027155.0977373, "sensor_value": 15.88, "description": "dry-bulb temperature", "unit": "degC"}, "si7021_373a_02": {"reading_time": 1641027155.0977373, "sensor_value": 52.25, "description": "relative humidity", "unit": "%"}}][{"si7021_373a_01": {"reading_time": 1641027185.1584156, "sensor_value": 15.88, "description": "dry-bulb temperature", "unit": "degC"}, "si7021_373a_02": {"reading_time": 1641027185.1584156, "sensor_value": 52.27, "description": "relative humidity", "unit": "%"}}, {"si7021_373a_01": {"reading_time": 1641027215.1953979, "sensor_value": 15.89, "description": "dry-bulb temperature", "unit": "degC"}, "si7021_373a_02": {"reading_time": 1641027215.1953979, "sensor_value": 52.27, "description": "relative humidity", "unit": "%"}}, {"si7021_373a_01": {"reading_time": 1641027245.2537897, "sensor_value": 15.88, "description": "dry-bulb temperature", "unit": "degC"}, "si7021_373a_02": {"reading_time": 1641027245.2537897, "sensor_value": 52.27, "description": "relative humidity", "unit": "%"}}, {"si7021_373a_01": {"reading_time": 1641027275.3124468, "sensor_value": 15.89, "description": "dry-bulb temperature", "unit": "degC"}, "si7021_373a_02": {"reading_time": 1641027275.3124468, "sensor_value": 52.3, "description": "relative humidity", "unit": "%"}}][{"si7021_373a_01": {"reading_time": 1641027305.3468618, "sensor_value": 15.86, "description": "dry-bulb temperature", "unit": "degC"}, "si7021_373a_02": {"reading_time": 1641027305.3468618, "sensor_value": 52.28, "description": "relative humidity", "unit": "%"}}, {"si7021_373a_01": {"reading_time": 1641027335.3855004, "sensor_value": 15.88, "description": "dry-bulb temperature", "unit": "degC"}, "si7021_373a_02": {"reading_time": 1641027335.3855004, "sensor_value": 52.32, "description": "relative humidity", "unit": "%"}}, {"si7021_373a_01": {"reading_time": 1641027365.4438372, "sensor_value": 15.86, "description": "dry-bulb temperature", "unit": "degC"}, "si7021_373a_02": {"reading_time": 1641027365.4438372, "sensor_value": 52.3, "description": "relative humidity", "unit": "%"}}, {"si7021_373a_01": {"reading_time": 1641027395.5021024, "sensor_value": 15.89, "description": "dry-bulb temperature", "unit": "degC"}, "si7021_373a_02": {"reading_time": 1641027395.5021024, "sensor_value": 52.32, "description": "relative humidity", "unit": "%"}}][{"si7021_373a_01": {"reading_time": 1641027425.5396626, "sensor_value": 15.86, "description": "dry-bulb temperature", "unit": "degC"}, "si7021_373a_02": {"reading_time": 1641027425.5396626, "sensor_value": 52.34, "description": "relative humidity", "unit": "%"}}, {"si7021_373a_01": {"reading_time": 1641027455.5778685, "sensor_value": 15.86, "description": "dry-bulb temperature", "unit": "degC"}, "si7021_373a_02": {"reading_time": 1641027455.5778685, "sensor_value": 52.32, "description": "relative humidity", "unit": "%"}}, {"si7021_373a_01": {"reading_time": 1641027485.636703, "sensor_value": 15.87, "description": "dry-bulb temperature", "unit": "degC"}, "si7021_373a_02": {"reading_time": 1641027485.636703, "sensor_value": 52.32, "description": "relative humidity", "unit": "%"}}, {"si7021_373a_01": {"reading_time": 1641027515.6953883, "sensor_value": 15.86, "description": "dry-bulb temperature", "unit": "degC"}, "si7021_373a_02": {"reading_time": 1641027515.6953883, "sensor_value": 52.32, "description": "relative humidity", "unit": "%"}}]