[{"si7021_373a_01": {"reading_time": 1641027545.7471592, "sensor_value": 15.87, "description": "dry-bulb temperature", "unit": "degC"}, "si7021_373a_02": {"reading_time": 1641027545.7471592, "sensor_value": 52.33, "description": "relative humidity", "unit": "%"}}, {"si7021_373a_01": {"reading_time": 1641027575.7854528, "sensor_value": 15.86, "description": "dry-bulb temperature", "unit": "degC"}, "si7021_373a_02": {"reading_time": 1641027575.7854528, "sensor_value": 52.35, "description": "relative humidity", "unit": "%"}}, {"si7021_373a_01": {"reading_time": 1641027605.8451705, "sensor_value": 15.88, "description": "dry-bulb temperature", "unit": "degC"}, "si7021_373a_02": {"reading_time": 1641027605.8451705, "sensor_value": 52.35, "description": "relative humidity", "unit": "%"}}, {"si7021_373a_01": {"reading_time": 1641027635.9034204, "sensor_value": 15.86, "description": "dry-bulb temperature", "unit": "degC"}, "si7021_373a_02": {"reading_time": 1641027635.9034204, "sensor_value": 52.33, "description": "relative humidity", "unit": "%"}}][{"si7021_373a_01": {"reading_time": 1641027665.9549973, "sensor_value": 15.86, "description": "dry-bulb temperature", "unit": "degC"}, "si7021_373a_02": {"reading_time": 1641027665.9549973, "sensor_value": 52.36, "description": "relative humidity", "unit": "%"}}, {"si7021_373a_01": {"reading_time": 1641027696.0134592, "sensor_value": 15.86, "description": "dry-bulb temperature", "unit": "degC"}, "si7021_373a_02": {"reading_time": 1641027696.0134592, "sensor_value": 52.36, "description": "relative humidity", "unit": "%"}}, {"si7021_373a_01": {"reading_time": 1641027726.048836, "sensor_value": 15.85, "description": "dry-bulb temperature", "unit": "degC"}, "si7021_373a_02": {"reading_time": 1641027726.048836, "sensor_value": 52.38, "description": "relative humidity", "unit": "%"}}, {"si7021_373a_01": {"reading_time": 1641027756.0874393, "sensor_value": 15.88, "description": "dry-bulb temperature", "unit": "degC"}, "si7021_373a_02": {"reading_time": 1641027756.0874393, "sensor_value": 52.36, "description": "relative humidity", "unit": "%"}}][{"si7021_373a_01": {"reading_time": 1641027786.1468568, "sensor_value": 15.87, "description": "dry-bulb temperature", "unit": "degC"}, "si7021_373a_02": {"reading_time": 1641027786.1468568, "sensor_value": 52.36, "description": "relative humidity", "unit": "%"}}, {"si7021_373a_01": {"reading_time": 1641027816.205169, "sensor_value": 15.86, "description": "dry-bulb temperature", "unit": "degC"}, "si7021_373a_02": {"reading_time": 1641027816.205169, "sensor_value": 52.37, "description": "relative humidity", "unit": "%"}}, {"si7021_373a_01": {"reading_time": 1641027846.2639513, "sensor_value": 15.87, "description": "dry-bulb temperature", "unit": "degC"}, "si7021_373a_02": {"reading_time": 1641027846.2639513, "sensor_value": 52.36, "description": "relative humidity", "unit": "%"}}, {"si7021_373a_01": {"reading_time": 1641027876.3230033, "sensor_value": 15.88, "description": "dry-bulb temperature", "unit": "degC"}, "si7021_373a_02": {"reading_time": 1641027876.3230033, "sensor_value": 52.38, "description": "relative humidity", "unit": "%"}}][{"si7021_373a_01": {"reading_time": 1641027906.3853314, "sensor_value": 15.88, "description": "dry-bulb temperature", "unit": "degC"}, "si7021_373a_02": {"reading_time": 1641027906.3853314, "sensor_value": 52.37, "description": "relative humidity", "unit": "%"}}, {"si7021_373a_01": {"reading_time": 1641027936.417869, "sensor_value": 15.85, "description": "dry-bulb temperature", "unit": "degC"}, "si7021_373a_02": {"reading_time": 1641027936.417869, "sensor_value": 52.38, "description": "relative humidity", "unit": "%"}}, {"si7021_373a_01": {"reading_time": 1641027966.4645686, "sensor_value": 15.85, "description": "dry-bulb temperature", "unit": "degC"}, "si7021_373a_02": {"reading_time": 1641027966.4645686, "sensor_value": 52.4, "description": "relative humidity", "unit": "%"}}, {"si7021_373a_01": {"reading_time": 1641027996.5148494, "sensor_value": 15.85, "description": "dry-bulb temperature", "unit": "degC"}, "si7021_373a_02": {"reading_time": 1641027996.5148494, "sensor_value": 52.38, "description": "relative humidity", "unit": "%"}}][{"si7021_373a_01": {"reading_time": 1641028026.5758193, "sensor_value": 15.86, "description": "dry-bulb temperature", "unit": "degC"}, "si7021_373a_02": {"reading_time": 1641028026.5758193, "sensor_value": 52.4, "description": "relative humidity", "unit": "%"}}, {"si7021_373a_01": {"reading_time": 1641028056.6342118, "sensor_value": 15.86, "description": "dry-bulb temperature", "unit": "degC"}, "si7021_373a_02": {"reading_time": 1641028056.6342118, "sensor_value": 52.4, "description": "relative humidity", "unit": "%"}}, {"si7021_373a_01": {"reading_time": 1641028086.6927094, "sensor_value": 15.85, "description": "dry-bulb temperature", "unit": "degC"}, "si7021_373a_02": {"reading_time": 1641028086.6927094, "sensor_value": 52.4, "description": "relative humidity", "unit": "%"}}, {"si7021_373a_01": {"reading_time": 1641028116.7377954, "sensor_value": 15.86, "description": "dry-bulb temperature", "unit": "degC"}, "si7021_373a_02": {"reading_time": 1641028116.7377954, "sensor_value": 52.41, "description": "relative humidity", "unit": "%"}}][{"si7021_373a_01": {"reading_time": 1641028146.800016, "sensor_value": 15.86, "description": "dry-bulb temperature", "unit": "degC"}, "si7021_373a_02": {"reading_time": 1641028146.800016, "sensor_value": 52.41, "description": "relative humidity", "unit": "%"}}, {"si7021_373a_01": {"reading_time": 1641028176.8592145, "sensor_value": 15.85, "description": "dry-bulb temperature", "unit": "degC"}, "si7021_373a_02": {"reading_time": 1641028176.8592145, "sensor_value": 52.42, "description": "relative humidity", "unit": "%"}}, {"si7021_373a_01": {"reading_time": 1641028206.919452, "sensor_value": 15.84, "description": "dry-bulb temperature", "unit": "degC"}, "si7021_373a_02": {"reading_time": 1641028206.919452, "sensor_value": 52.43, "description": "relative humidity", "unit": "%"}}, {"si7021_373a_01": {"reading_time": 1641028236.9545798, "sensor_value": 15.85, "description": "dry-bulb temperature", "unit": "degC"}, "si7021_373a_02": {"reading_time": 1641028236.9545798, "sensor_value": 52.43, "description": "relative humidity", "unit": "%"}}][{"si7021_373a_01": {"reading_time": 1641028267.0170047, "sensor_value": 15.86, "description": "dry-bulb temperature", "unit": "degC"}, "si7021_373a_02": {"reading_time": 1641028267.0170047, "sensor_value": 52.45, "description": "relative humidity", "unit": "%"}}, {"si7021_373a_01": {"reading_time": 1641028297.0771604, "sensor_value": 15.84, "description": "dry-bulb temperature", "unit": "degC"}, "si7021_373a_02": {"reading_time": 1641028297.0771604, "sensor_value": 52.44, "description": "relative humidity", "unit": "%"}}, {"si7021_373a_01": {"reading_time": 1641028327.1356254, "sensor_value": 15.86, "description": "dry-bulb temperature", "unit": "degC"}, "si7021_373a_02": {"reading_time": 1641028327.1356254, "sensor_value": 52.44, "description": "relative humidity", "unit": "%"}}, {"si7021_373a_01": {"reading_time": 1641028357.193711, "sensor_value": 15.86, "description": "dry-bulb temperature", "unit": "degC"}, "si7021_373a_02": {"reading_time": 1641028357.193711, "sensor_value": 52.44, "description": "relative humidity", "unit": "%"}}][{"si7021_373a_01": {"reading_time": 1641028387.2547212, "sensor_value": 15.86, "description": "dry-bulb temperature", "unit": "degC"}, "si7021_373a_02": {"reading_time": 1641028387.2547212, "sensor_value": 52.44, "description": "relative humidity", "unit": "%"}}, {"si7021_373a_01": {"reading_time": 1641028417.2845843, "sensor_value": 15.85, "description": "dry-bulb temperature", "unit": "degC"}, "si7021_373a_02": {"reading_time": 1641028417.2845843, "sensor_value": 52.44, "description": "relative humidity", "unit": "%"}}, {"si7021_373a_01": {"reading_time": 1641028447.3452802, "sensor_value": 15.87, "description": "dry-bulb temperature", "unit": "degC"}, "si7021_373a_02": {"reading_time": 1641028447.3452802, "sensor_value": 52.44, "description": "relative humidity", "unit": "%"}}, {"si7021_373a_01": {"reading_time": 1641028477.403554, "sensor_value": 15.86, "description": "dry-bulb temperature", "unit": "degC"}, "si7021_373a_02": {"reading_time": 1641028477.403554, "sensor_value": 52.45, "description": "relative humidity", "unit": "%"}}][{"si7021_373a_01": {"reading_time": 1641028507.464939, "sensor_value": 15.83, "description": "dry-bulb temperature", "unit": "degC"}, "si7021_373a_02": {"reading_time": 1641028507.464939, "sensor_value": 52.44, "description": "relative humidity", "unit": "%"}}, {"si7021_373a_01": {"reading_time": 1641028537.524697, "sensor_value": 15.85, "description": "dry-bulb temperature", "unit": "degC"}, "si7021_373a_02": {"reading_time": 1641028537.524697, "sensor_value": 52.44, "description": "relative humidity", "unit": "%"}}, {"si7021_373a_01": {"reading_time": 1641028567.583574, "sensor_value": 15.85, "description": "dry-bulb temperature", "unit": "degC"}, "si7021_373a_02": {"reading_time": 1641028567.583574, "sensor_value": 52.46, "description": "relative humidity", "unit": "%"}}, {"si7021_373a_01": {"reading_time": 1641028597.6435063, "sensor_value": 15.84, "description": "dry-bulb temperature", "unit": "degC"}, "si7021_373a_02": {"reading_time": 1641028597.6435063, "sensor_value": 52.48, "description": "relative humidity", "unit": "%"}}][{"si7021_373a_01": {"reading_time": 1641028627.70566, "sensor_value": 15.86, "description": "dry-bulb temperature", "unit": "degC"}, "si7021_373a_02": {"reading_time": 1641028627.70566, "sensor_value": 52.46, "description": "relative humidity", "unit": "%"}}, {"si7021_373a_01": {"reading_time": 1641028657.7649956, "sensor_value": 15.85, "description": "dry-bulb temperature", "unit": "degC"}, "si7021_373a_02": {"reading_time": 1641028657.7649956, "sensor_value": 52.47, "description": "relative humidity", "unit": "%"}}, {"si7021_373a_01": {"reading_time": 1641028687.824039, "sensor_value": 15.85, "description": "dry-bulb temperature", "unit": "degC"}, "si7021_373a_02": {"reading_time": 1641028687.824039, "sensor_value": 52.47, "description": "relative humidity", "unit": "%"}}, {"si7021_373a_01": {"reading_time": 1641028717.8831334, "sensor_value": 15.83, "description": "dry-bulb temperature", "unit": "degC"}, "si7021_373a_02": {"reading_time": 1641028717.8831334, "sensor_value": 52.48, "description": "relative humidity", "unit": "%"}}][{"si7021_373a_01": {"reading_time": 1641028747.9451294, "sensor_value": 15.83, "description": "dry-bulb temperature", "unit": "degC"}, "si7021_373a_02": {"reading_time": 1641028747.9451294, "sensor_value": 52.48, "description": "relative humidity", "unit": "%"}}, {"si7021_373a_01": {"reading_time": 1641028777.97607, "sensor_value": 15.83, "description": "dry-bulb temperature", "unit": "degC"}, "si7021_373a_02": {"reading_time": 1641028777.97607, "sensor_value": 52.46, "description": "relative humidity", "unit": "%"}}, {"si7021_373a_01": {"reading_time": 1641028808.0351455, "sensor_value": 15.82, "description": "dry-bulb temperature", "unit": "degC"}, "si7021_373a_02": {"reading_time": 1641028808.0351455, "sensor_value": 52.47, "description": "relative humidity", "unit": "%"}}, {"si7021_373a_01": {"reading_time": 1641028838.104589, "sensor_value": 15.83, "description": "dry-bulb temperature", "unit": "degC"}, "si7021_373a_02": {"reading_time": 1641028838.104589, "sensor_value": 52.48, "description": "relative humidity", "unit": "%"}}][{"si7021_373a_01": {"reading_time": 1641028868.1571872, "sensor_value": 15.84, "description": "dry-bulb temperature", "unit": "degC"}, "si7021_373a_02": {"reading_time": 1641028868.1571872, "sensor_value": 52.48, "description": "relative humidity", "unit": "%"}}, {"si7021_373a_01": {"reading_time": 1641028898.2145617, "sensor_value": 15.84, "description": "dry-bulb temperature", "unit": "degC"}, "si7021_373a_02": {"reading_time": 1641028898.2145617, "sensor_value": 52.48, "description": "relative humidity", "unit": "%"}}, {"si7021_373a_01": {"reading_time": 1641028928.264567, "sensor_value": 15.84, "description": "dry-bulb temperature", "unit": "degC"}, "si7021_373a_02": {"reading_time": 1641028928.264567, "sensor_value": 52.47, "description": "relative humidity", "unit": "%"}}, {"si7021_373a_01": {"reading_time": 1641028958.320898, "sensor_value": 15.82, "description": "dry-bulb temperature", "unit": "degC"}, "si7021_373a_02": {"reading_time": 1641028958.320898, "sensor_value": 52.48, "description": "relative humidity", "unit": "%"}}][{"si7021_373a_01": {"reading_time": 1641028988.367764, "sensor_value": 15.84, "description": "dry-bulb temperature", "unit": "degC"}, "si7021_373a_02": {"reading_time": 1641028988.367764, "sensor_value": 52.49, "description": "relative humidity", "unit": "%"}}, {"si7021_373a_01": {"reading_time": 1641029018.4269164, "sensor_value": 15.84, "description": "dry-bulb temperature", "unit": "degC"}, "si7021_373a_02": {"reading_time": 1641029018.4269164, "sensor_value": 52.48, "description": "relative humidity", "unit": "%"}}, {"si7021_373a_01": {"reading_time": 1641029048.4859786, "sensor_value": 15.84, "description": "dry-bulb temperature", "unit": "degC"}, "si7021_373a_02": {"reading_time": 1641029048.4859786, "sensor_value": 52.5, "description": "relative humidity", "unit": "%"}}, {"si7021_373a_01": {"reading_time": 1641029078.5382397, "sensor_value": 15.85, "description": "dry-bulb temperature", "unit": "degC"}, "si7021_373a_02": {"reading_time": 1641029078.5382397, "sensor_value": 52.48, "description": "relative humidity", "unit": "%"}}][{"si7021_373a_01": {"reading_time": 1641029108.6002026, "sensor_value": 15.82, "description": "dry-bulb temperature", "unit": "degC"}, "si7021_373a_02": {"reading_time": 1641029108.6002026, "sensor_value": 52.5, "description": "relative humidity", "unit": "%"}}, {"si7021_373a_01": {"reading_time": 1641029138.631666, "sensor_value": 15.85, "description": "dry-bulb temperature", "unit": "degC"}, "si7021_373a_02": {"reading_time": 1641029138.631666, "sensor_value": 52.49, "description": "relative humidity", "unit": "%"}}, {"si7021_373a_01": {"reading_time": 1641029168.6906888, "sensor_value": 15.83, "description": "dry-bulb temperature", "unit": "degC"}, "si7021_373a_02": {"reading_time": 1641029168.6906888, "sensor_value": 52.48, "description": "relative humidity", "unit": "%"}}, {"si7021_373a_01": {"reading_time": 1641029198.7331822, "sensor_value": 15.84, "description": "dry-bulb temperature", "unit": "degC"}, "si7021_373a_02": {"reading_time": 1641029198.7331822, "sensor_value": 52.48, "description": "relative humidity", "unit": "%"}}][{"si7021_373a_01": {"reading_time": 1641029228.7949164, "sensor_value": 15.84, "description": "dry-bulb temperature", "unit": "degC"}, "si7021_373a_02": {"reading_time": 1641029228.7949164, "sensor_value": 52.5, "description": "relative humidity", "unit": "%"}}, {"si7021_373a_01": {"reading_time": 1641029258.8329957, "sensor_value": 15.85, "description": "dry-bulb temperature", "unit": "degC"}, "si7021_373a_02": {"reading_time": 1641029258.8329957, "sensor_value": 52.5, "description": "relative humidity", "unit": "%"}}, {"si7021_373a_01": {"reading_time": 1641029288.8665607, "sensor_value": 15.83, "description": "dry-bulb temperature", "unit": "degC"}, "si7021_373a_02": {"reading_time": 1641029288.8665607, "sensor_value": 52.48, "description": "relative humidity", "unit": "%"}}, {"si7021_373a_01": {"reading_time": 1641029318.8965945, "sensor_value": 15.84, "description": "dry-bulb temperature", "unit": "degC"}, "si7021_373a_02": {"reading_time": 1641029318.8965945, "sensor_value": 52.49, "description": "relative humidity", "unit": "%"}}][{"si7021_373a_01": {"reading_time": 1641029348.9489474, "sensor_value": 15.83, "description": "dry-bulb temperature", "unit": "degC"}, "si7021_373a_02": {"reading_time": 1641029348.9489474, "sensor_value": 52.48, "description": "relative humidity", "unit": "%"}}, {"si7021_373a_01": {"reading_time": 1641029378.9862325, "sensor_value": 15.84, "description": "dry-bulb temperature", "unit": "degC"}, "si7021_373a_02": {"reading_time": 1641029378.9862325, "sensor_value": 52.5, "description": "relative humidity", "unit": "%"}}, {"si7021_373a_01": {"reading_time": 1641029409.021982, "sensor_value": 15.84, "description": "dry-bulb temperature", "unit": "degC"}, "si7021_373a_02": {"reading_time": 1641029409.021982, "sensor_value": 52.48, "description": "relative humidity", "unit": "%"}}, {"si7021_373a_01": {"reading_time": 1641029439.0803413, "sensor_value": 15.83, "description": "dry-bulb temperature", "unit": "degC"}, "si7021_373a_02": {"reading_time": 1641029439.0803413, "sensor_value": 52.5, "description": "relative humidity", "unit": "%"}}][{"si7021_373a_01": {"reading_time": 1641029469.1402788, "sensor_value": 15.83, "description": "dry-bulb temperature", "unit": "degC"}, "si7021_373a_02": {"reading_time": 1641029469.1402788, "sensor_value": 52.49, "description": "relative humidity", "unit": "%"}}, {"si7021_373a_01": {"reading_time": 1641029499.1762233, "sensor_value": 15.85, "description": "dry-bulb temperature", "unit": "degC"}, "si7021_373a_02": {"reading_time": 1641029499.1762233, "sensor_value": 52.51, "description": "relative humidity", "unit": "%"}}, {"si7021_373a_01": {"reading_time": 1641029529.224983, "sensor_value": 15.82, "description": "dry-bulb temperature", "unit": "degC"}, "si7021_373a_02": {"reading_time": 1641029529.224983, "sensor_value": 52.51, "description": "relative humidity", "unit": "%"}}, {"si7021_373a_01": {"reading_time": 1641029559.2883875, "sensor_value": 15.8, "description": "dry-bulb temperature", "unit": "degC"}, "si7021_373a_02": {"reading_time": 1641029559.2883875, "sensor_value": 52.53, "description": "relative humidity", "unit": "%"}}][{"si7021_373a_01": {"reading_time": 1641029589.3545961, "sensor_value": 15.81, "description": "dry-bulb temperature", "unit": "degC"}, "si7021_373a_02": {"reading_time": 1641029589.3545961, "sensor_value": 52.53, "description": "relative humidity", "unit": "%"}}, {"si7021_373a_01": {"reading_time": 1641029619.3875325, "sensor_value": 15.82, "description": "dry-bulb temperature", "unit": "degC"}, "si7021_373a_02": {"reading_time": 1641029619.3875325, "sensor_value": 52.53, "description": "relative humidity", "unit": "%"}}, {"si7021_373a_01": {"reading_time": 1641029649.4349961, "sensor_value": 15.82, "description": "dry-bulb temperature", "unit": "degC"}, "si7021_373a_02": {"reading_time": 1641029649.4349961, "sensor_value": 52.52, "description": "relative humidity", "unit": "%"}}, {"si7021_373a_01": {"reading_time": 1641029679.4943342, "sensor_value": 15.82, "description": "dry-bulb temperature", "unit": "degC"}, "si7021_373a_02": {"reading_time": 1641029679.4943342, "sensor_value": 52.5, "description": "relative humidity", "unit": "%"}}][{"si7021_373a_01": {"reading_time": 1641029709.556006, "sensor_value": 15.78, "description": "dry-bulb temperature", "unit": "degC"}, "si7021_373a_02": {"reading_time": 1641029709.556006, "sensor_value": 52.51, "description": "relative humidity", "unit": "%"}}, {"si7021_373a_01": {"reading_time": 1641029739.5882964, "sensor_value": 15.8, "description": "dry-bulb temperature", "unit": "degC"}, "si7021_373a_02": {"reading_time": 1641029739.5882964, "sensor_value": 52.54, "description": "relative humidity", "unit": "%"}}, {"si7021_373a_01": {"reading_time": 1641029769.6275039, "sensor_value": 15.8, "description": "dry-bulb temperature", "unit": "degC"}, "si7021_373a_02": {"reading_time": 1641029769.6275039, "sensor_value": 52.53, "description": "relative humidity", "unit": "%"}}, {"si7021_373a_01": {"reading_time": 1641029799.687075, "sensor_value": 15.82, "description": "dry-bulb temperature", "unit": "degC"}, "si7021_373a_02": {"reading_time": 1641029799.687075, "sensor_value": 52.52, "description": "relative humidity", "unit": "%"}}][{"si7021_373a_01": {"reading_time": 1641029829.7497494, "sensor_value": 15.83, "description": "dry-bulb temperature", "unit": "degC"}, "si7021_373a_02": {"reading_time": 1641029829.7497494, "sensor_value": 52.54, "description": "relative humidity", "unit": "%"}}, {"si7021_373a_01": {"reading_time": 1641029859.8089283, "sensor_value": 15.8, "description": "dry-bulb temperature", "unit": "degC"}, "si7021_373a_02": {"reading_time": 1641029859.8089283, "sensor_value": 52.52, "description": "relative humidity", "unit": "%"}}, {"si7021_373a_01": {"reading_time": 1641029889.8676243, "sensor_value": 15.82, "description": "dry-bulb temperature", "unit": "degC"}, "si7021_373a_02": {"reading_time": 1641029889.8676243, "sensor_value": 52.53, "description": "relative humidity", "unit": "%"}}, {"si7021_373a_01": {"reading_time": 1641029919.9218445, "sensor_value": 15.78, "description": "dry-bulb temperature", "unit": "degC"}, "si7021_373a_02": {"reading_time": 1641029919.9218445, "sensor_value": 52.51, "description": "relative humidity", "unit": "%"}}][{"si7021_373a_01": {"reading_time": 1641029949.9672496, "sensor_value": 15.82, "description": "dry-bulb temperature", "unit": "degC"}, "si7021_373a_02": {"reading_time": 1641029949.9672496, "sensor_value": 52.55, "description": "relative humidity", "unit": "%"}}, {"si7021_373a_01": {"reading_time": 1641029980.025571, "sensor_value": 15.81, "description": "dry-bulb temperature", "unit": "degC"}, "si7021_373a_02": {"reading_time": 1641029980.025571, "sensor_value": 52.53, "description": "relative humidity", "unit": "%"}}, {"si7021_373a_01": {"reading_time": 1641030010.0772445, "sensor_value": 15.81, "description": "dry-bulb temperature", "unit": "degC"}, "si7021_373a_02": {"reading_time": 1641030010.0772445, "sensor_value": 52.54, "description": "relative humidity", "unit": "%"}}, {"si7021_373a_01": {"reading_time": 1641030040.1400757, "sensor_value": 15.8, "description": "dry-bulb temperature", "unit": "degC"}, "si7021_373a_02": {"reading_time": 1641030040.1400757, "sensor_value": 52.53, "description": "relative humidity", "unit": "%"}}][{"si7021_373a_01": {"reading_time": 1641030070.2064266, "sensor_value": 15.81, "description": "dry-bulb temperature", "unit": "degC"}, "si7021_373a_02": {"reading_time": 1641030070.2064266, "sensor_value": 52.53, "description": "relative humidity", "unit": "%"}}, {"si7021_373a_01": {"reading_time": 1641030100.2650728, "sensor_value": 15.81, "description": "dry-bulb temperature", "unit": "degC"}, "si7021_373a_02": {"reading_time": 1641030100.2650728, "sensor_value": 52.54, "description": "relative humidity", "unit": "%"}}, {"si7021_373a_01": {"reading_time": 1641030130.3164754, "sensor_value": 15.8, "description": "dry-bulb temperature", "unit": "degC"}, "si7021_373a_02": {"reading_time": 1641030130.3164754, "sensor_value": 52.53, "description": "relative humidity", "unit": "%"}}, {"si7021_373a_01": {"reading_time": 1641030160.3627832, "sensor_value": 15.78, "description": "dry-bulb temperature", "unit": "degC"}, "si7021_373a_02": {"reading_time": 1641030160.3627832, "sensor_value": 52.54, "description": "relative humidity", "unit": "%"}}][{"si7021_373a_01": {"reading_time": 1641030190.4107864, "sensor_value": 15.8, "description": "dry-bulb temperature", "unit": "degC"}, "si7021_373a_02": {"reading_time": 1641030190.4107864, "sensor_value": 52.51, "description": "relative humidity", "unit": "%"}}, {"si7021_373a_01": {"reading_time": 1641030220.4696326, "sensor_value": 15.8, "description": "dry-bulb temperature", "unit": "degC"}, "si7021_373a_02": {"reading_time": 1641030220.4696326, "sensor_value": 52.54, "description": "relative humidity", "unit": "%"}}, {"si7021_373a_01": {"reading_time": 1641030250.52857, "sensor_value": 15.81, "description": "dry-bulb temperature", "unit": "degC"}, "si7021_373a_02": {"reading_time": 1641030250.52857, "sensor_value": 52.52, "description": "relative humidity", "unit": "%"}}, {"si7021_373a_01": {"reading_time": 1641030280.5812166, "sensor_value": 15.8, "description": "dry-bulb temperature", "unit": "degC"}, "si7021_373a_02": {"reading_time": 1641030280.5812166, "sensor_value": 52.54, "description": "relative humidity", "unit": "%"}}][{"si7021_373a_01": {"reading_time": 1641030310.617273, "sensor_value": 15.78, "description": "dry-bulb temperature", "unit": "degC"}, "si7021_373a_02": {"reading_time": 1641030310.617273, "sensor_value": 52.53, "description": "relative humidity", "unit": "%"}}, {"si7021_373a_01": {"reading_time": 1641030340.676414, "sensor_value": 15.8, "description": "dry-bulb temperature", "unit": "degC"}, "si7021_373a_02": {"reading_time": 1641030340.676414, "sensor_value": 52.52, "description": "relative humidity", "unit": "%"}}, {"si7021_373a_01": {"reading_time": 1641030370.7355082, "sensor_value": 15.77, "description": "dry-bulb temperature", "unit": "degC"}, "si7021_373a_02": {"reading_time": 1641030370.7355082, "sensor_value": 52.51, "description": "relative humidity", "unit": "%"}}, {"si7021_373a_01": {"reading_time": 1641030400.7945728, "sensor_value": 15.8, "description": "dry-bulb temperature", "unit": "degC"}, "si7021_373a_02": {"reading_time": 1641030400.7945728, "sensor_value": 52.53, "description": "relative humidity", "unit": "%"}}][{"si7021_373a_01": {"reading_time": 1641030430.8567889, "sensor_value": 15.8, "description": "dry-bulb temperature", "unit": "degC"}, "si7021_373a_02": {"reading_time": 1641030430.8567889, "sensor_value": 52.52, "description": "relative humidity", "unit": "%"}}, {"si7021_373a_01": {"reading_time": 1641030460.915899, "sensor_value": 15.8, "description": "dry-bulb temperature", "unit": "degC"}, "si7021_373a_02": {"reading_time": 1641030460.915899, "sensor_value": 52.51, "description": "relative humidity", "unit": "%"}}, {"si7021_373a_01": {"reading_time": 1641030490.9750624, "sensor_value": 15.77, "description": "dry-bulb temperature", "unit": "degC"}, "si7021_373a_02": {"reading_time": 1641030490.9750624, "sensor_value": 52.52, "description": "relative humidity", "unit": "%"}}, {"si7021_373a_01": {"reading_time": 1641030521.034245, "sensor_value": 15.77, "description": "dry-bulb temperature", "unit": "degC"}, "si7021_373a_02": {"reading_time": 1641030521.034245, "sensor_value": 52.51, "description": "relative humidity", "unit": "%"}}][{"si7021_373a_01": {"reading_time": 1641030551.0975587, "sensor_value": 15.8, "description": "dry-bulb temperature", "unit": "degC"}, "si7021_373a_02": {"reading_time": 1641030551.0975587, "sensor_value": 52.52, "description": "relative humidity", "unit": "%"}}, {"si7021_373a_01": {"reading_time": 1641030581.1569107, "sensor_value": 15.77, "description": "dry-bulb temperature", "unit": "degC"}, "si7021_373a_02": {"reading_time": 1641030581.1569107, "sensor_value": 52.51, "description": "relative humidity", "unit": "%"}}, {"si7021_373a_01": {"reading_time": 1641030611.2045708, "sensor_value": 15.77, "description": "dry-bulb temperature", "unit": "degC"}, "si7021_373a_02": {"reading_time": 1641030611.2045708, "sensor_value": 52.5, "description": "relative humidity", "unit": "%"}}, {"si7021_373a_01": {"reading_time": 1641030641.2638338, "sensor_value": 15.78, "description": "dry-bulb temperature", "unit": "degC"}, "si7021_373a_02": {"reading_time": 1641030641.2638338, "sensor_value": 52.52, "description": "relative humidity", "unit": "%"}}][{"si7021_373a_01": {"reading_time": 1641030671.3267398, "sensor_value": 15.77, "description": "dry-bulb temperature", "unit": "degC"}, "si7021_373a_02": {"reading_time": 1641030671.3267398, "sensor_value": 52.48, "description": "relative humidity", "unit": "%"}}, {"si7021_373a_01": {"reading_time": 1641030701.3832376, "sensor_value": 15.77, "description": "dry-bulb temperature", "unit": "degC"}, "si7021_373a_02": {"reading_time": 1641030701.3832376, "sensor_value": 52.52, "description": "relative humidity", "unit": "%"}}, {"si7021_373a_01": {"reading_time": 1641030731.4433367, "sensor_value": 15.78, "description": "dry-bulb temperature", "unit": "degC"}, "si7021_373a_02": {"reading_time": 1641030731.4433367, "sensor_value": 52.49, "description": "relative humidity", "unit": "%"}}, {"si7021_373a_01": {"reading_time": 1641030761.5026999, "sensor_value": 15.77, "description": "dry-bulb temperature", "unit": "degC"}, "si7021_373a_02": {"reading_time": 1641030761.5026999, "sensor_value": 52.51, "description": "relative humidity", "unit": "%"}}][{"si7021_373a_01": {"reading_time": 1641030791.5637095, "sensor_value": 15.76, "description": "dry-bulb temperature", "unit": "degC"}, "si7021_373a_02": {"reading_time": 1641030791.5637095, "sensor_value": 52.49, "description": "relative humidity", "unit": "%"}}, {"si7021_373a_01": {"reading_time": 1641030821.6174781, "sensor_value": 15.76, "description": "dry-bulb temperature", "unit": "degC"}, "si7021_373a_02": {"reading_time": 1641030821.6174781, "sensor_value": 52.48, "description": "relative humidity", "unit": "%"}}, {"si7021_373a_01": {"reading_time": 1641030851.6712391, "sensor_value": 15.78, "description": "dry-bulb temperature", "unit": "degC"}, "si7021_373a_02": {"reading_time": 1641030851.6712391, "sensor_value": 52.5, "description": "relative humidity", "unit": "%"}}, {"si7021_373a_01": {"reading_time": 1641030881.7186508, "sensor_value": 15.77, "description": "dry-bulb temperature", "unit": "degC"}, "si7021_373a_02": {"reading_time": 1641030881.7186508, "sensor_value": 52.46, "description": "relative humidity", "unit": "%"}}][{"si7021_373a_01": {"reading_time": 1641030911.7675493, "sensor_value": 15.77, "description": "dry-bulb temperature", "unit": "degC"}, "si7021_373a_02": {"reading_time": 1641030911.7675493, "sensor_value": 52.48, "description": "relative humidity", "unit": "%"}}, {"si7021_373a_01": {"reading_time": 1641030941.8261483, "sensor_value": 15.77, "description": "dry-bulb temperature", "unit": "degC"}, "si7021_373a_02": {"reading_time": 1641030941.8261483, "sensor_value": 52.48, "description": "relative humidity", "unit": "%"}}, {"si7021_373a_01": {"reading_time": 1641030971.885283, "sensor_value": 15.78, "description": "dry-bulb temperature", "unit": "degC"}, "si7021_373a_02": {"reading_time": 1641030971.885283, "sensor_value": 52.48, "description": "relative humidity", "unit": "%"}}, {"si7021_373a_01": {"reading_time": 1641031001.9442525, "sensor_value": 15.77, "description": "dry-bulb temperature", "unit": "degC"}, "si7021_373a_02": {"reading_time": 1641031001.9442525, "sensor_value": 52.48, "description": "relative humidity", "unit": "%"}}][{"si7021_373a_01": {"reading_time": 1641031031.9971733, "sensor_value": 15.78, "description": "dry-bulb temperature", "unit": "degC"}, "si7021_373a_02": {"reading_time": 1641031031.9971733, "sensor_value": 52.48, "description": "relative humidity", "unit": "%"}}, {"si7021_373a_01": {"reading_time": 1641031062.0367758, "sensor_value": 15.76, "description": "dry-bulb temperature", "unit": "degC"}, "si7021_373a_02": {"reading_time": 1641031062.0367758, "sensor_value": 52.46, "description": "relative humidity", "unit": "%"}}, {"si7021_373a_01": {"reading_time": 1641031092.096557, "sensor_value": 15.77, "description": "dry-bulb temperature", "unit": "degC"}, "si7021_373a_02": {"reading_time": 1641031092.096557, "sensor_value": 52.48, "description": "relative humidity", "unit": "%"}}, {"si7021_373a_01": {"reading_time": 1641031122.155696, "sensor_value": 15.76, "description": "dry-bulb temperature", "unit": "degC"}, "si7021_373a_02": {"reading_time": 1641031122.155696, "sensor_value": 52.46, "description": "relative humidity", "unit": "%"}}]