[{"si7021_373a_01": {"reading_time": 1641067095.4671688, "sensor_value": 16.18, "description": "dry-bulb temperature", "unit": "degC"}, "si7021_373a_02": {"reading_time": 1641067095.4671688, "sensor_value": 48.31, "description": "relative humidity", "unit": "%"}}, {"si7021_373a_01": {"reading_time": 1641067125.504986, "sensor_value": 16.16, "description": "dry-bulb temperature", "unit": "degC"}, "si7021_373a_02": {"reading_time": 1641067125.504986, "sensor_value": 48.31, "description": "relative humidity", "unit": "%"}}, {"si7021_373a_01": {"reading_time": 1641067155.5635383, "sensor_value": 16.17, "description": "dry-bulb temperature", "unit": "degC"}, "si7021_373a_02": {"reading_time": 1641067155.5635383, "sensor_value": 48.32, "description": "relative humidity", "unit": "%"}}, {"si7021_373a_01": {"reading_time": 1641067185.613697, "sensor_value": 16.17, "description": "dry-bulb temperature", "unit": "degC"}, "si7021_373a_02": {"reading_time": 1641067185.613697, "sensor_value": 48.31, "description": "relative humidity", "unit": "%"}}][{"si7021_373a_01": {"reading_time": 1641067215.6514528, "sensor_value": 16.18, "description": "dry-bulb temperature", "unit": "degC"}, "si7021_373a_02": {"reading_time": 1641067215.6514528, "sensor_value": 48.32, "description": "relative humidity", "unit": "%"}}, {"si7021_373a_01": {"reading_time": 1641067245.687603, "sensor_value": 16.16, "description": "dry-bulb temperature", "unit": "degC"}, "si7021_373a_02": {"reading_time": 1641067245.687603, "sensor_value": 48.3, "description": "relative humidity", "unit": "%"}}, {"si7021_373a_01": {"reading_time": 1641067275.740435, "sensor_value": 16.18, "description": "dry-bulb temperature", "unit": "degC"}, "si7021_373a_02": {"reading_time": 1641067275.740435, "sensor_value": 48.31, "description": "relative humidity", "unit": "%"}}, {"si7021_373a_01": {"reading_time": 1641067305.7997363, "sensor_value": 16.16, "description": "dry-bulb temperature", "unit": "degC"}, "si7021_373a_02": {"reading_time": 1641067305.7997363, "sensor_value": 48.32, "description": "relative humidity", "unit": "%"}}][{"si7021_373a_01": {"reading_time": 1641067335.8577178, "sensor_value": 16.17, "description": "dry-bulb temperature", "unit": "degC"}, "si7021_373a_02": {"reading_time": 1641067335.8577178, "sensor_value": 48.32, "description": "relative humidity", "unit": "%"}}, {"si7021_373a_01": {"reading_time": 1641067365.9164546, "sensor_value": 16.17, "description": "dry-bulb temperature", "unit": "degC"}, "si7021_373a_02": {"reading_time": 1641067365.9164546, "sensor_value": 48.33, "description": "relative humidity", "unit": "%"}}, {"si7021_373a_01": {"reading_time": 1641067395.9641862, "sensor_value": 16.16, "description": "dry-bulb temperature", "unit": "degC"}, "si7021_373a_02": {"reading_time": 1641067395.9641862, "sensor_value": 48.33, "description": "relative humidity", "unit": "%"}}, {"si7021_373a_01": {"reading_time": 1641067426.0100834, "sensor_value": 16.17, "description": "dry-bulb temperature", "unit": "degC"}, "si7021_373a_02": {"reading_time": 1641067426.0100834, "sensor_value": 48.35, "description": "relative humidity", "unit": "%"}}][{"si7021_373a_01": {"reading_time": 1641067456.0593877, "sensor_value": 16.18, "description": "dry-bulb temperature", "unit": "degC"}, "si7021_373a_02": {"reading_time": 1641067456.0593877, "sensor_value": 48.35, "description": "relative humidity", "unit": "%"}}, {"si7021_373a_01": {"reading_time": 1641067486.1185665, "sensor_value": 16.17, "description": "dry-bulb temperature", "unit": "degC"}, "si7021_373a_02": {"reading_time": 1641067486.1185665, "sensor_value": 48.36, "description": "relative humidity", "unit": "%"}}, {"si7021_373a_01": {"reading_time": 1641067516.1486673, "sensor_value": 16.17, "description": "dry-bulb temperature", "unit": "degC"}, "si7021_373a_02": {"reading_time": 1641067516.1486673, "sensor_value": 48.36, "description": "relative humidity", "unit": "%"}}, {"si7021_373a_01": {"reading_time": 1641067546.2078936, "sensor_value": 16.18, "description": "dry-bulb temperature", "unit": "degC"}, "si7021_373a_02": {"reading_time": 1641067546.2078936, "sensor_value": 48.39, "description": "relative humidity", "unit": "%"}}][{"si7021_373a_01": {"reading_time": 1641067576.267303, "sensor_value": 16.17, "description": "dry-bulb temperature", "unit": "degC"}, "si7021_373a_02": {"reading_time": 1641067576.267303, "sensor_value": 48.39, "description": "relative humidity", "unit": "%"}}, {"si7021_373a_01": {"reading_time": 1641067606.3245795, "sensor_value": 16.18, "description": "dry-bulb temperature", "unit": "degC"}, "si7021_373a_02": {"reading_time": 1641067606.3245795, "sensor_value": 48.39, "description": "relative humidity", "unit": "%"}}, {"si7021_373a_01": {"reading_time": 1641067636.3745644, "sensor_value": 16.18, "description": "dry-bulb temperature", "unit": "degC"}, "si7021_373a_02": {"reading_time": 1641067636.3745644, "sensor_value": 48.39, "description": "relative humidity", "unit": "%"}}, {"si7021_373a_01": {"reading_time": 1641067666.4266942, "sensor_value": 16.18, "description": "dry-bulb temperature", "unit": "degC"}, "si7021_373a_02": {"reading_time": 1641067666.4266942, "sensor_value": 48.39, "description": "relative humidity", "unit": "%"}}][{"si7021_373a_01": {"reading_time": 1641067696.4879436, "sensor_value": 16.19, "description": "dry-bulb temperature", "unit": "degC"}, "si7021_373a_02": {"reading_time": 1641067696.4879436, "sensor_value": 48.39, "description": "relative humidity", "unit": "%"}}, {"si7021_373a_01": {"reading_time": 1641067726.5471127, "sensor_value": 16.18, "description": "dry-bulb temperature", "unit": "degC"}, "si7021_373a_02": {"reading_time": 1641067726.5471127, "sensor_value": 48.4, "description": "relative humidity", "unit": "%"}}, {"si7021_373a_01": {"reading_time": 1641067756.6061673, "sensor_value": 16.19, "description": "dry-bulb temperature", "unit": "degC"}, "si7021_373a_02": {"reading_time": 1641067756.6061673, "sensor_value": 48.39, "description": "relative humidity", "unit": "%"}}, {"si7021_373a_01": {"reading_time": 1641067786.6652582, "sensor_value": 16.18, "description": "dry-bulb temperature", "unit": "degC"}, "si7021_373a_02": {"reading_time": 1641067786.6652582, "sensor_value": 48.39, "description": "relative humidity", "unit": "%"}}][{"si7021_373a_01": {"reading_time": 1641067816.7241077, "sensor_value": 16.17, "description": "dry-bulb temperature", "unit": "degC"}, "si7021_373a_02": {"reading_time": 1641067816.7241077, "sensor_value": 48.41, "description": "relative humidity", "unit": "%"}}, {"si7021_373a_01": {"reading_time": 1641067846.78324, "sensor_value": 16.18, "description": "dry-bulb temperature", "unit": "degC"}, "si7021_373a_02": {"reading_time": 1641067846.78324, "sensor_value": 48.41, "description": "relative humidity", "unit": "%"}}, {"si7021_373a_01": {"reading_time": 1641067876.8431785, "sensor_value": 16.18, "description": "dry-bulb temperature", "unit": "degC"}, "si7021_373a_02": {"reading_time": 1641067876.8431785, "sensor_value": 48.39, "description": "relative humidity", "unit": "%"}}, {"si7021_373a_01": {"reading_time": 1641067906.9016309, "sensor_value": 16.19, "description": "dry-bulb temperature", "unit": "degC"}, "si7021_373a_02": {"reading_time": 1641067906.9016309, "sensor_value": 48.41, "description": "relative humidity", "unit": "%"}}][{"si7021_373a_01": {"reading_time": 1641067936.9615083, "sensor_value": 16.17, "description": "dry-bulb temperature", "unit": "degC"}, "si7021_373a_02": {"reading_time": 1641067936.9615083, "sensor_value": 48.44, "description": "relative humidity", "unit": "%"}}, {"si7021_373a_01": {"reading_time": 1641067967.0200357, "sensor_value": 16.18, "description": "dry-bulb temperature", "unit": "degC"}, "si7021_373a_02": {"reading_time": 1641067967.0200357, "sensor_value": 48.43, "description": "relative humidity", "unit": "%"}}, {"si7021_373a_01": {"reading_time": 1641067997.0782619, "sensor_value": 16.18, "description": "dry-bulb temperature", "unit": "degC"}, "si7021_373a_02": {"reading_time": 1641067997.0782619, "sensor_value": 48.42, "description": "relative humidity", "unit": "%"}}, {"si7021_373a_01": {"reading_time": 1641068027.1365855, "sensor_value": 16.16, "description": "dry-bulb temperature", "unit": "degC"}, "si7021_373a_02": {"reading_time": 1641068027.1365855, "sensor_value": 48.39, "description": "relative humidity", "unit": "%"}}][{"si7021_373a_01": {"reading_time": 1641068057.1887722, "sensor_value": 16.19, "description": "dry-bulb temperature", "unit": "degC"}, "si7021_373a_02": {"reading_time": 1641068057.1887722, "sensor_value": 48.4, "description": "relative humidity", "unit": "%"}}, {"si7021_373a_01": {"reading_time": 1641068087.2472878, "sensor_value": 16.18, "description": "dry-bulb temperature", "unit": "degC"}, "si7021_373a_02": {"reading_time": 1641068087.2472878, "sensor_value": 48.41, "description": "relative humidity", "unit": "%"}}, {"si7021_373a_01": {"reading_time": 1641068117.3056703, "sensor_value": 16.18, "description": "dry-bulb temperature", "unit": "degC"}, "si7021_373a_02": {"reading_time": 1641068117.3056703, "sensor_value": 48.42, "description": "relative humidity", "unit": "%"}}, {"si7021_373a_01": {"reading_time": 1641068147.3644044, "sensor_value": 16.18, "description": "dry-bulb temperature", "unit": "degC"}, "si7021_373a_02": {"reading_time": 1641068147.3644044, "sensor_value": 48.42, "description": "relative humidity", "unit": "%"}}][{"si7021_373a_01": {"reading_time": 1641068177.4255528, "sensor_value": 16.2, "description": "dry-bulb temperature", "unit": "degC"}, "si7021_373a_02": {"reading_time": 1641068177.4255528, "sensor_value": 48.43, "description": "relative humidity", "unit": "%"}}, {"si7021_373a_01": {"reading_time": 1641068207.472098, "sensor_value": 16.19, "description": "dry-bulb temperature", "unit": "degC"}, "si7021_373a_02": {"reading_time": 1641068207.472098, "sensor_value": 48.42, "description": "relative humidity", "unit": "%"}}, {"si7021_373a_01": {"reading_time": 1641068237.5306368, "sensor_value": 16.19, "description": "dry-bulb temperature", "unit": "degC"}, "si7021_373a_02": {"reading_time": 1641068237.5306368, "sensor_value": 48.43, "description": "relative humidity", "unit": "%"}}, {"si7021_373a_01": {"reading_time": 1641068267.565807, "sensor_value": 16.19, "description": "dry-bulb temperature", "unit": "degC"}, "si7021_373a_02": {"reading_time": 1641068267.565807, "sensor_value": 48.44, "description": "relative humidity", "unit": "%"}}][{"si7021_373a_01": {"reading_time": 1641068297.6280289, "sensor_value": 16.2, "description": "dry-bulb temperature", "unit": "degC"}, "si7021_373a_02": {"reading_time": 1641068297.6280289, "sensor_value": 48.45, "description": "relative humidity", "unit": "%"}}, {"si7021_373a_01": {"reading_time": 1641068327.6875448, "sensor_value": 16.18, "description": "dry-bulb temperature", "unit": "degC"}, "si7021_373a_02": {"reading_time": 1641068327.6875448, "sensor_value": 48.45, "description": "relative humidity", "unit": "%"}}, {"si7021_373a_01": {"reading_time": 1641068357.7460973, "sensor_value": 16.18, "description": "dry-bulb temperature", "unit": "degC"}, "si7021_373a_02": {"reading_time": 1641068357.7460973, "sensor_value": 48.43, "description": "relative humidity", "unit": "%"}}, {"si7021_373a_01": {"reading_time": 1641068387.8034177, "sensor_value": 16.18, "description": "dry-bulb temperature", "unit": "degC"}, "si7021_373a_02": {"reading_time": 1641068387.8034177, "sensor_value": 48.48, "description": "relative humidity", "unit": "%"}}][{"si7021_373a_01": {"reading_time": 1641068417.8656516, "sensor_value": 16.21, "description": "dry-bulb temperature", "unit": "degC"}, "si7021_373a_02": {"reading_time": 1641068417.8656516, "sensor_value": 48.45, "description": "relative humidity", "unit": "%"}}, {"si7021_373a_01": {"reading_time": 1641068447.9247935, "sensor_value": 16.19, "description": "dry-bulb temperature", "unit": "degC"}, "si7021_373a_02": {"reading_time": 1641068447.9247935, "sensor_value": 48.45, "description": "relative humidity", "unit": "%"}}, {"si7021_373a_01": {"reading_time": 1641068477.9836226, "sensor_value": 16.18, "description": "dry-bulb temperature", "unit": "degC"}, "si7021_373a_02": {"reading_time": 1641068477.9836226, "sensor_value": 48.45, "description": "relative humidity", "unit": "%"}}, {"si7021_373a_01": {"reading_time": 1641068508.0433145, "sensor_value": 16.18, "description": "dry-bulb temperature", "unit": "degC"}, "si7021_373a_02": {"reading_time": 1641068508.0433145, "sensor_value": 48.44, "description": "relative humidity", "unit": "%"}}][{"si7021_373a_01": {"reading_time": 1641068538.1098158, "sensor_value": 16.18, "description": "dry-bulb temperature", "unit": "degC"}, "si7021_373a_02": {"reading_time": 1641068538.1098158, "sensor_value": 48.44, "description": "relative humidity", "unit": "%"}}, {"si7021_373a_01": {"reading_time": 1641068568.1694038, "sensor_value": 16.2, "description": "dry-bulb temperature", "unit": "degC"}, "si7021_373a_02": {"reading_time": 1641068568.1694038, "sensor_value": 48.45, "description": "relative humidity", "unit": "%"}}, {"si7021_373a_01": {"reading_time": 1641068598.2208383, "sensor_value": 16.19, "description": "dry-bulb temperature", "unit": "degC"}, "si7021_373a_02": {"reading_time": 1641068598.2208383, "sensor_value": 48.47, "description": "relative humidity", "unit": "%"}}, {"si7021_373a_01": {"reading_time": 1641068628.280523, "sensor_value": 16.19, "description": "dry-bulb temperature", "unit": "degC"}, "si7021_373a_02": {"reading_time": 1641068628.280523, "sensor_value": 48.45, "description": "relative humidity", "unit": "%"}}][{"si7021_373a_01": {"reading_time": 1641068658.342755, "sensor_value": 16.2, "description": "dry-bulb temperature", "unit": "degC"}, "si7021_373a_02": {"reading_time": 1641068658.342755, "sensor_value": 48.47, "description": "relative humidity", "unit": "%"}}, {"si7021_373a_01": {"reading_time": 1641068688.4019306, "sensor_value": 16.18, "description": "dry-bulb temperature", "unit": "degC"}, "si7021_373a_02": {"reading_time": 1641068688.4019306, "sensor_value": 48.48, "description": "relative humidity", "unit": "%"}}, {"si7021_373a_01": {"reading_time": 1641068718.461165, "sensor_value": 16.2, "description": "dry-bulb temperature", "unit": "degC"}, "si7021_373a_02": {"reading_time": 1641068718.461165, "sensor_value": 48.45, "description": "relative humidity", "unit": "%"}}, {"si7021_373a_01": {"reading_time": 1641068748.5209205, "sensor_value": 16.18, "description": "dry-bulb temperature", "unit": "degC"}, "si7021_373a_02": {"reading_time": 1641068748.5209205, "sensor_value": 48.46, "description": "relative humidity", "unit": "%"}}][{"si7021_373a_01": {"reading_time": 1641068778.5831194, "sensor_value": 16.21, "description": "dry-bulb temperature", "unit": "degC"}, "si7021_373a_02": {"reading_time": 1641068778.5831194, "sensor_value": 48.47, "description": "relative humidity", "unit": "%"}}, {"si7021_373a_01": {"reading_time": 1641068808.6379962, "sensor_value": 16.18, "description": "dry-bulb temperature", "unit": "degC"}, "si7021_373a_02": {"reading_time": 1641068808.6379962, "sensor_value": 48.49, "description": "relative humidity", "unit": "%"}}, {"si7021_373a_01": {"reading_time": 1641068838.6974833, "sensor_value": 16.19, "description": "dry-bulb temperature", "unit": "degC"}, "si7021_373a_02": {"reading_time": 1641068838.6974833, "sensor_value": 48.48, "description": "relative humidity", "unit": "%"}}, {"si7021_373a_01": {"reading_time": 1641068868.757264, "sensor_value": 16.19, "description": "dry-bulb temperature", "unit": "degC"}, "si7021_373a_02": {"reading_time": 1641068868.757264, "sensor_value": 48.49, "description": "relative humidity", "unit": "%"}}][{"si7021_373a_01": {"reading_time": 1641068898.8171642, "sensor_value": 16.2, "description": "dry-bulb temperature", "unit": "degC"}, "si7021_373a_02": {"reading_time": 1641068898.8171642, "sensor_value": 48.49, "description": "relative humidity", "unit": "%"}}, {"si7021_373a_01": {"reading_time": 1641068928.8762627, "sensor_value": 16.2, "description": "dry-bulb temperature", "unit": "degC"}, "si7021_373a_02": {"reading_time": 1641068928.8762627, "sensor_value": 48.52, "description": "relative humidity", "unit": "%"}}, {"si7021_373a_01": {"reading_time": 1641068958.915897, "sensor_value": 16.19, "description": "dry-bulb temperature", "unit": "degC"}, "si7021_373a_02": {"reading_time": 1641068958.915897, "sensor_value": 48.49, "description": "relative humidity", "unit": "%"}}, {"si7021_373a_01": {"reading_time": 1641068988.9709496, "sensor_value": 16.2, "description": "dry-bulb temperature", "unit": "degC"}, "si7021_373a_02": {"reading_time": 1641068988.9709496, "sensor_value": 48.52, "description": "relative humidity", "unit": "%"}}][{"si7021_373a_01": {"reading_time": 1641069019.0313334, "sensor_value": 16.18, "description": "dry-bulb temperature", "unit": "degC"}, "si7021_373a_02": {"reading_time": 1641069019.0313334, "sensor_value": 48.52, "description": "relative humidity", "unit": "%"}}, {"si7021_373a_01": {"reading_time": 1641069049.0846653, "sensor_value": 16.21, "description": "dry-bulb temperature", "unit": "degC"}, "si7021_373a_02": {"reading_time": 1641069049.0846653, "sensor_value": 48.52, "description": "relative humidity", "unit": "%"}}, {"si7021_373a_01": {"reading_time": 1641069079.1460733, "sensor_value": 16.19, "description": "dry-bulb temperature", "unit": "degC"}, "si7021_373a_02": {"reading_time": 1641069079.1460733, "sensor_value": 48.52, "description": "relative humidity", "unit": "%"}}, {"si7021_373a_01": {"reading_time": 1641069109.2060773, "sensor_value": 16.19, "description": "dry-bulb temperature", "unit": "degC"}, "si7021_373a_02": {"reading_time": 1641069109.2060773, "sensor_value": 48.53, "description": "relative humidity", "unit": "%"}}][{"si7021_373a_01": {"reading_time": 1641069139.2681794, "sensor_value": 16.22, "description": "dry-bulb temperature", "unit": "degC"}, "si7021_373a_02": {"reading_time": 1641069139.2681794, "sensor_value": 48.53, "description": "relative humidity", "unit": "%"}}, {"si7021_373a_01": {"reading_time": 1641069169.3045812, "sensor_value": 16.2, "description": "dry-bulb temperature", "unit": "degC"}, "si7021_373a_02": {"reading_time": 1641069169.3045812, "sensor_value": 48.52, "description": "relative humidity", "unit": "%"}}, {"si7021_373a_01": {"reading_time": 1641069199.3681288, "sensor_value": 16.21, "description": "dry-bulb temperature", "unit": "degC"}, "si7021_373a_02": {"reading_time": 1641069199.3681288, "sensor_value": 48.52, "description": "relative humidity", "unit": "%"}}, {"si7021_373a_01": {"reading_time": 1641069229.4277015, "sensor_value": 16.22, "description": "dry-bulb temperature", "unit": "degC"}, "si7021_373a_02": {"reading_time": 1641069229.4277015, "sensor_value": 48.52, "description": "relative humidity", "unit": "%"}}][{"si7021_373a_01": {"reading_time": 1641069259.4898274, "sensor_value": 16.21, "description": "dry-bulb temperature", "unit": "degC"}, "si7021_373a_02": {"reading_time": 1641069259.4898274, "sensor_value": 48.5, "description": "relative humidity", "unit": "%"}}, {"si7021_373a_01": {"reading_time": 1641069289.5488212, "sensor_value": 16.21, "description": "dry-bulb temperature", "unit": "degC"}, "si7021_373a_02": {"reading_time": 1641069289.5488212, "sensor_value": 48.5, "description": "relative humidity", "unit": "%"}}, {"si7021_373a_01": {"reading_time": 1641069319.608004, "sensor_value": 16.22, "description": "dry-bulb temperature", "unit": "degC"}, "si7021_373a_02": {"reading_time": 1641069319.608004, "sensor_value": 48.53, "description": "relative humidity", "unit": "%"}}, {"si7021_373a_01": {"reading_time": 1641069349.6721067, "sensor_value": 16.2, "description": "dry-bulb temperature", "unit": "degC"}, "si7021_373a_02": {"reading_time": 1641069349.6721067, "sensor_value": 48.51, "description": "relative humidity", "unit": "%"}}][{"si7021_373a_01": {"reading_time": 1641069379.7172399, "sensor_value": 16.21, "description": "dry-bulb temperature", "unit": "degC"}, "si7021_373a_02": {"reading_time": 1641069379.7172399, "sensor_value": 48.51, "description": "relative humidity", "unit": "%"}}, {"si7021_373a_01": {"reading_time": 1641069409.7755513, "sensor_value": 16.21, "description": "dry-bulb temperature", "unit": "degC"}, "si7021_373a_02": {"reading_time": 1641069409.7755513, "sensor_value": 48.52, "description": "relative humidity", "unit": "%"}}, {"si7021_373a_01": {"reading_time": 1641069439.8340752, "sensor_value": 16.21, "description": "dry-bulb temperature", "unit": "degC"}, "si7021_373a_02": {"reading_time": 1641069439.8340752, "sensor_value": 48.51, "description": "relative humidity", "unit": "%"}}, {"si7021_373a_01": {"reading_time": 1641069469.89237, "sensor_value": 16.2, "description": "dry-bulb temperature", "unit": "degC"}, "si7021_373a_02": {"reading_time": 1641069469.89237, "sensor_value": 48.51, "description": "relative humidity", "unit": "%"}}][{"si7021_373a_01": {"reading_time": 1641069499.9538615, "sensor_value": 16.21, "description": "dry-bulb temperature", "unit": "degC"}, "si7021_373a_02": {"reading_time": 1641069499.9538615, "sensor_value": 48.53, "description": "relative humidity", "unit": "%"}}, {"si7021_373a_01": {"reading_time": 1641069530.01172, "sensor_value": 16.22, "description": "dry-bulb temperature", "unit": "degC"}, "si7021_373a_02": {"reading_time": 1641069530.01172, "sensor_value": 48.52, "description": "relative humidity", "unit": "%"}}, {"si7021_373a_01": {"reading_time": 1641069560.0569205, "sensor_value": 16.22, "description": "dry-bulb temperature", "unit": "degC"}, "si7021_373a_02": {"reading_time": 1641069560.0569205, "sensor_value": 48.53, "description": "relative humidity", "unit": "%"}}, {"si7021_373a_01": {"reading_time": 1641069590.1023386, "sensor_value": 16.22, "description": "dry-bulb temperature", "unit": "degC"}, "si7021_373a_02": {"reading_time": 1641069590.1023386, "sensor_value": 48.53, "description": "relative humidity", "unit": "%"}}][{"si7021_373a_01": {"reading_time": 1641069620.1499104, "sensor_value": 16.22, "description": "dry-bulb temperature", "unit": "degC"}, "si7021_373a_02": {"reading_time": 1641069620.1499104, "sensor_value": 48.55, "description": "relative humidity", "unit": "%"}}, {"si7021_373a_01": {"reading_time": 1641069650.1858308, "sensor_value": 16.2, "description": "dry-bulb temperature", "unit": "degC"}, "si7021_373a_02": {"reading_time": 1641069650.1858308, "sensor_value": 48.52, "description": "relative humidity", "unit": "%"}}, {"si7021_373a_01": {"reading_time": 1641069680.2233405, "sensor_value": 16.22, "description": "dry-bulb temperature", "unit": "degC"}, "si7021_373a_02": {"reading_time": 1641069680.2233405, "sensor_value": 48.53, "description": "relative humidity", "unit": "%"}}, {"si7021_373a_01": {"reading_time": 1641069710.2815506, "sensor_value": 16.22, "description": "dry-bulb temperature", "unit": "degC"}, "si7021_373a_02": {"reading_time": 1641069710.2815506, "sensor_value": 48.53, "description": "relative humidity", "unit": "%"}}][{"si7021_373a_01": {"reading_time": 1641069740.343209, "sensor_value": 16.21, "description": "dry-bulb temperature", "unit": "degC"}, "si7021_373a_02": {"reading_time": 1641069740.343209, "sensor_value": 48.55, "description": "relative humidity", "unit": "%"}}, {"si7021_373a_01": {"reading_time": 1641069770.3727634, "sensor_value": 16.22, "description": "dry-bulb temperature", "unit": "degC"}, "si7021_373a_02": {"reading_time": 1641069770.3727634, "sensor_value": 48.56, "description": "relative humidity", "unit": "%"}}, {"si7021_373a_01": {"reading_time": 1641069800.4291024, "sensor_value": 16.21, "description": "dry-bulb temperature", "unit": "degC"}, "si7021_373a_02": {"reading_time": 1641069800.4291024, "sensor_value": 48.56, "description": "relative humidity", "unit": "%"}}, {"si7021_373a_01": {"reading_time": 1641069830.4761236, "sensor_value": 16.22, "description": "dry-bulb temperature", "unit": "degC"}, "si7021_373a_02": {"reading_time": 1641069830.4761236, "sensor_value": 48.55, "description": "relative humidity", "unit": "%"}}][{"si7021_373a_01": {"reading_time": 1641069860.526829, "sensor_value": 16.22, "description": "dry-bulb temperature", "unit": "degC"}, "si7021_373a_02": {"reading_time": 1641069860.526829, "sensor_value": 48.55, "description": "relative humidity", "unit": "%"}}, {"si7021_373a_01": {"reading_time": 1641069890.5848463, "sensor_value": 16.2, "description": "dry-bulb temperature", "unit": "degC"}, "si7021_373a_02": {"reading_time": 1641069890.5848463, "sensor_value": 48.56, "description": "relative humidity", "unit": "%"}}, {"si7021_373a_01": {"reading_time": 1641069920.6215396, "sensor_value": 16.21, "description": "dry-bulb temperature", "unit": "degC"}, "si7021_373a_02": {"reading_time": 1641069920.6215396, "sensor_value": 48.55, "description": "relative humidity", "unit": "%"}}, {"si7021_373a_01": {"reading_time": 1641069950.6800125, "sensor_value": 16.24, "description": "dry-bulb temperature", "unit": "degC"}, "si7021_373a_02": {"reading_time": 1641069950.6800125, "sensor_value": 48.55, "description": "relative humidity", "unit": "%"}}][{"si7021_373a_01": {"reading_time": 1641069980.737223, "sensor_value": 16.24, "description": "dry-bulb temperature", "unit": "degC"}, "si7021_373a_02": {"reading_time": 1641069980.737223, "sensor_value": 48.55, "description": "relative humidity", "unit": "%"}}, {"si7021_373a_01": {"reading_time": 1641070010.7945607, "sensor_value": 16.21, "description": "dry-bulb temperature", "unit": "degC"}, "si7021_373a_02": {"reading_time": 1641070010.7945607, "sensor_value": 48.57, "description": "relative humidity", "unit": "%"}}, {"si7021_373a_01": {"reading_time": 1641070040.8445718, "sensor_value": 16.21, "description": "dry-bulb temperature", "unit": "degC"}, "si7021_373a_02": {"reading_time": 1641070040.8445718, "sensor_value": 48.57, "description": "relative humidity", "unit": "%"}}, {"si7021_373a_01": {"reading_time": 1641070070.9036913, "sensor_value": 16.22, "description": "dry-bulb temperature", "unit": "degC"}, "si7021_373a_02": {"reading_time": 1641070070.9036913, "sensor_value": 48.57, "description": "relative humidity", "unit": "%"}}][{"si7021_373a_01": {"reading_time": 1641070100.9576113, "sensor_value": 16.22, "description": "dry-bulb temperature", "unit": "degC"}, "si7021_373a_02": {"reading_time": 1641070100.9576113, "sensor_value": 48.55, "description": "relative humidity", "unit": "%"}}, {"si7021_373a_01": {"reading_time": 1641070130.9954095, "sensor_value": 16.22, "description": "dry-bulb temperature", "unit": "degC"}, "si7021_373a_02": {"reading_time": 1641070130.9954095, "sensor_value": 48.57, "description": "relative humidity", "unit": "%"}}, {"si7021_373a_01": {"reading_time": 1641070161.0445676, "sensor_value": 16.22, "description": "dry-bulb temperature", "unit": "degC"}, "si7021_373a_02": {"reading_time": 1641070161.0445676, "sensor_value": 48.57, "description": "relative humidity", "unit": "%"}}, {"si7021_373a_01": {"reading_time": 1641070191.103008, "sensor_value": 16.24, "description": "dry-bulb temperature", "unit": "degC"}, "si7021_373a_02": {"reading_time": 1641070191.103008, "sensor_value": 48.58, "description": "relative humidity", "unit": "%"}}][{"si7021_373a_01": {"reading_time": 1641070221.1359773, "sensor_value": 16.22, "description": "dry-bulb temperature", "unit": "degC"}, "si7021_373a_02": {"reading_time": 1641070221.1359773, "sensor_value": 48.57, "description": "relative humidity", "unit": "%"}}, {"si7021_373a_01": {"reading_time": 1641070251.1750152, "sensor_value": 16.22, "description": "dry-bulb temperature", "unit": "degC"}, "si7021_373a_02": {"reading_time": 1641070251.1750152, "sensor_value": 48.58, "description": "relative humidity", "unit": "%"}}, {"si7021_373a_01": {"reading_time": 1641070281.2213402, "sensor_value": 16.22, "description": "dry-bulb temperature", "unit": "degC"}, "si7021_373a_02": {"reading_time": 1641070281.2213402, "sensor_value": 48.55, "description": "relative humidity", "unit": "%"}}, {"si7021_373a_01": {"reading_time": 1641070311.2641742, "sensor_value": 16.22, "description": "dry-bulb temperature", "unit": "degC"}, "si7021_373a_02": {"reading_time": 1641070311.2641742, "sensor_value": 48.57, "description": "relative humidity", "unit": "%"}}][{"si7021_373a_01": {"reading_time": 1641070341.3175998, "sensor_value": 16.22, "description": "dry-bulb temperature", "unit": "degC"}, "si7021_373a_02": {"reading_time": 1641070341.3175998, "sensor_value": 48.56, "description": "relative humidity", "unit": "%"}}, {"si7021_373a_01": {"reading_time": 1641070371.354414, "sensor_value": 16.24, "description": "dry-bulb temperature", "unit": "degC"}, "si7021_373a_02": {"reading_time": 1641070371.354414, "sensor_value": 48.55, "description": "relative humidity", "unit": "%"}}, {"si7021_373a_01": {"reading_time": 1641070401.412756, "sensor_value": 16.22, "description": "dry-bulb temperature", "unit": "degC"}, "si7021_373a_02": {"reading_time": 1641070401.412756, "sensor_value": 48.56, "description": "relative humidity", "unit": "%"}}, {"si7021_373a_01": {"reading_time": 1641070431.4704916, "sensor_value": 16.21, "description": "dry-bulb temperature", "unit": "degC"}, "si7021_373a_02": {"reading_time": 1641070431.4704916, "sensor_value": 48.55, "description": "relative humidity", "unit": "%"}}][{"si7021_373a_01": {"reading_time": 1641070461.5067823, "sensor_value": 16.24, "description": "dry-bulb temperature", "unit": "degC"}, "si7021_373a_02": {"reading_time": 1641070461.5067823, "sensor_value": 48.55, "description": "relative humidity", "unit": "%"}}, {"si7021_373a_01": {"reading_time": 1641070491.558833, "sensor_value": 16.21, "description": "dry-bulb temperature", "unit": "degC"}, "si7021_373a_02": {"reading_time": 1641070491.558833, "sensor_value": 48.57, "description": "relative humidity", "unit": "%"}}, {"si7021_373a_01": {"reading_time": 1641070521.6135404, "sensor_value": 16.22, "description": "dry-bulb temperature", "unit": "degC"}, "si7021_373a_02": {"reading_time": 1641070521.6135404, "sensor_value": 48.56, "description": "relative humidity", "unit": "%"}}, {"si7021_373a_01": {"reading_time": 1641070551.6449866, "sensor_value": 16.25, "description": "dry-bulb temperature", "unit": "degC"}, "si7021_373a_02": {"reading_time": 1641070551.6449866, "sensor_value": 48.57, "description": "relative humidity", "unit": "%"}}][{"si7021_373a_01": {"reading_time": 1641070581.700935, "sensor_value": 16.22, "description": "dry-bulb temperature", "unit": "degC"}, "si7021_373a_02": {"reading_time": 1641070581.700935, "sensor_value": 48.55, "description": "relative humidity", "unit": "%"}}, {"si7021_373a_01": {"reading_time": 1641070611.73501, "sensor_value": 16.21, "description": "dry-bulb temperature", "unit": "degC"}, "si7021_373a_02": {"reading_time": 1641070611.73501, "sensor_value": 48.55, "description": "relative humidity", "unit": "%"}}, {"si7021_373a_01": {"reading_time": 1641070641.7932026, "sensor_value": 16.21, "description": "dry-bulb temperature", "unit": "degC"}, "si7021_373a_02": {"reading_time": 1641070641.7932026, "sensor_value": 48.58, "description": "relative humidity", "unit": "%"}}, {"si7021_373a_01": {"reading_time": 1641070671.832034, "sensor_value": 16.22, "description": "dry-bulb temperature", "unit": "degC"}, "si7021_373a_02": {"reading_time": 1641070671.832034, "sensor_value": 48.59, "description": "relative humidity", "unit": "%"}}]