[{"si7021_373a_01": {"reading_time": 1641095945.7253795, "sensor_value": 15.56, "description": "dry-bulb temperature", "unit": "degC"}, "si7021_373a_02": {"reading_time": 1641095945.7253795, "sensor_value": 46.57, "description": "relative humidity", "unit": "%"}}, {"si7021_373a_01": {"reading_time": 1641095975.7852166, "sensor_value": 15.55, "description": "dry-bulb temperature", "unit": "degC"}, "si7021_373a_02": {"reading_time": 1641095975.7852166, "sensor_value": 46.57, "description": "relative humidity", "unit": "%"}}, {"si7021_373a_01": {"reading_time": 1641096005.8181856, "sensor_value": 15.57, "description": "dry-bulb temperature", "unit": "degC"}, "si7021_373a_02": {"reading_time": 1641096005.8181856, "sensor_value": 46.59, "description": "relative humidity", "unit": "%"}}, {"si7021_373a_01": {"reading_time": 1641096035.8482685, "sensor_value": 15.57, "description": "dry-bulb temperature", "unit": "degC"}, "si7021_373a_02": {"reading_time": 1641096035.8482685, "sensor_value": 46.57, "description": "relative humidity", "unit": "%"}}][{"si7021_373a_01": {"reading_time": 1641096065.8836377, "sensor_value": 15.58, "description": "dry-bulb temperature", "unit": "degC"}, "si7021_373a_02": {"reading_time": 1641096065.8836377, "sensor_value": 46.55, "description": "relative humidity", "unit": "%"}}, {"si7021_373a_01": {"reading_time": 1641096095.9418986, "sensor_value": 15.54, "description": "dry-bulb temperature", "unit": "degC"}, "si7021_373a_02": {"reading_time": 1641096095.9418986, "sensor_value": 46.51, "description": "relative humidity", "unit": "%"}}, {"si7021_373a_01": {"reading_time": 1641096125.9719822, "sensor_value": 15.54, "description": "dry-bulb temperature", "unit": "degC"}, "si7021_373a_02": {"reading_time": 1641096125.9719822, "sensor_value": 46.52, "description": "relative humidity", "unit": "%"}}, {"si7021_373a_01": {"reading_time": 1641096156.0062375, "sensor_value": 15.56, "description": "dry-bulb temperature", "unit": "degC"}, "si7021_373a_02": {"reading_time": 1641096156.0062375, "sensor_value": 46.54, "description": "relative humidity", "unit": "%"}}][{"si7021_373a_01": {"reading_time": 1641096186.0683808, "sensor_value": 15.56, "description": "dry-bulb temperature", "unit": "degC"}, "si7021_373a_02": {"reading_time": 1641096186.0683808, "sensor_value": 46.53, "description": "relative humidity", "unit": "%"}}, {"si7021_373a_01": {"reading_time": 1641096216.1102767, "sensor_value": 15.54, "description": "dry-bulb temperature", "unit": "degC"}, "si7021_373a_02": {"reading_time": 1641096216.1102767, "sensor_value": 46.55, "description": "relative humidity", "unit": "%"}}, {"si7021_373a_01": {"reading_time": 1641096246.1543772, "sensor_value": 15.57, "description": "dry-bulb temperature", "unit": "degC"}, "si7021_373a_02": {"reading_time": 1641096246.1543772, "sensor_value": 46.53, "description": "relative humidity", "unit": "%"}}, {"si7021_373a_01": {"reading_time": 1641096276.2131352, "sensor_value": 15.57, "description": "dry-bulb temperature", "unit": "degC"}, "si7021_373a_02": {"reading_time": 1641096276.2131352, "sensor_value": 46.53, "description": "relative humidity", "unit": "%"}}][{"si7021_373a_01": {"reading_time": 1641096306.2808826, "sensor_value": 15.55, "description": "dry-bulb temperature", "unit": "degC"}, "si7021_373a_02": {"reading_time": 1641096306.2808826, "sensor_value": 46.51, "description": "relative humidity", "unit": "%"}}, {"si7021_373a_01": {"reading_time": 1641096336.3402648, "sensor_value": 15.56, "description": "dry-bulb temperature", "unit": "degC"}, "si7021_373a_02": {"reading_time": 1641096336.3402648, "sensor_value": 46.5, "description": "relative humidity", "unit": "%"}}, {"si7021_373a_01": {"reading_time": 1641096366.385369, "sensor_value": 15.55, "description": "dry-bulb temperature", "unit": "degC"}, "si7021_373a_02": {"reading_time": 1641096366.385369, "sensor_value": 46.52, "description": "relative humidity", "unit": "%"}}, {"si7021_373a_01": {"reading_time": 1641096396.4159045, "sensor_value": 15.55, "description": "dry-bulb temperature", "unit": "degC"}, "si7021_373a_02": {"reading_time": 1641096396.4159045, "sensor_value": 46.51, "description": "relative humidity", "unit": "%"}}][{"si7021_373a_01": {"reading_time": 1641096426.4638898, "sensor_value": 15.55, "description": "dry-bulb temperature", "unit": "degC"}, "si7021_373a_02": {"reading_time": 1641096426.4638898, "sensor_value": 46.48, "description": "relative humidity", "unit": "%"}}, {"si7021_373a_01": {"reading_time": 1641096456.523549, "sensor_value": 15.55, "description": "dry-bulb temperature", "unit": "degC"}, "si7021_373a_02": {"reading_time": 1641096456.523549, "sensor_value": 46.48, "description": "relative humidity", "unit": "%"}}, {"si7021_373a_01": {"reading_time": 1641096486.5815816, "sensor_value": 15.54, "description": "dry-bulb temperature", "unit": "degC"}, "si7021_373a_02": {"reading_time": 1641096486.5815816, "sensor_value": 46.47, "description": "relative humidity", "unit": "%"}}, {"si7021_373a_01": {"reading_time": 1641096516.634634, "sensor_value": 15.53, "description": "dry-bulb temperature", "unit": "degC"}, "si7021_373a_02": {"reading_time": 1641096516.634634, "sensor_value": 46.47, "description": "relative humidity", "unit": "%"}}][{"si7021_373a_01": {"reading_time": 1641096546.6965544, "sensor_value": 15.53, "description": "dry-bulb temperature", "unit": "degC"}, "si7021_373a_02": {"reading_time": 1641096546.6965544, "sensor_value": 46.48, "description": "relative humidity", "unit": "%"}}, {"si7021_373a_01": {"reading_time": 1641096576.755162, "sensor_value": 15.53, "description": "dry-bulb temperature", "unit": "degC"}, "si7021_373a_02": {"reading_time": 1641096576.755162, "sensor_value": 46.46, "description": "relative humidity", "unit": "%"}}, {"si7021_373a_01": {"reading_time": 1641096606.8132708, "sensor_value": 15.51, "description": "dry-bulb temperature", "unit": "degC"}, "si7021_373a_02": {"reading_time": 1641096606.8132708, "sensor_value": 46.47, "description": "relative humidity", "unit": "%"}}, {"si7021_373a_01": {"reading_time": 1641096636.8717296, "sensor_value": 15.55, "description": "dry-bulb temperature", "unit": "degC"}, "si7021_373a_02": {"reading_time": 1641096636.8717296, "sensor_value": 46.49, "description": "relative humidity", "unit": "%"}}][{"si7021_373a_01": {"reading_time": 1641096666.932745, "sensor_value": 15.53, "description": "dry-bulb temperature", "unit": "degC"}, "si7021_373a_02": {"reading_time": 1641096666.932745, "sensor_value": 46.48, "description": "relative humidity", "unit": "%"}}, {"si7021_373a_01": {"reading_time": 1641096696.9645875, "sensor_value": 15.53, "description": "dry-bulb temperature", "unit": "degC"}, "si7021_373a_02": {"reading_time": 1641096696.9645875, "sensor_value": 46.49, "description": "relative humidity", "unit": "%"}}, {"si7021_373a_01": {"reading_time": 1641096727.0226858, "sensor_value": 15.55, "description": "dry-bulb temperature", "unit": "degC"}, "si7021_373a_02": {"reading_time": 1641096727.0226858, "sensor_value": 46.49, "description": "relative humidity", "unit": "%"}}, {"si7021_373a_01": {"reading_time": 1641096757.0808923, "sensor_value": 15.54, "description": "dry-bulb temperature", "unit": "degC"}, "si7021_373a_02": {"reading_time": 1641096757.0808923, "sensor_value": 46.48, "description": "relative humidity", "unit": "%"}}][{"si7021_373a_01": {"reading_time": 1641096787.141731, "sensor_value": 15.54, "description": "dry-bulb temperature", "unit": "degC"}, "si7021_373a_02": {"reading_time": 1641096787.141731, "sensor_value": 46.48, "description": "relative humidity", "unit": "%"}}, {"si7021_373a_01": {"reading_time": 1641096817.2001429, "sensor_value": 15.52, "description": "dry-bulb temperature", "unit": "degC"}, "si7021_373a_02": {"reading_time": 1641096817.2001429, "sensor_value": 46.48, "description": "relative humidity", "unit": "%"}}, {"si7021_373a_01": {"reading_time": 1641096847.2545943, "sensor_value": 15.52, "description": "dry-bulb temperature", "unit": "degC"}, "si7021_373a_02": {"reading_time": 1641096847.2545943, "sensor_value": 46.48, "description": "relative humidity", "unit": "%"}}, {"si7021_373a_01": {"reading_time": 1641096877.3047142, "sensor_value": 15.53, "description": "dry-bulb temperature", "unit": "degC"}, "si7021_373a_02": {"reading_time": 1641096877.3047142, "sensor_value": 46.47, "description": "relative humidity", "unit": "%"}}][{"si7021_373a_01": {"reading_time": 1641096907.365479, "sensor_value": 15.54, "description": "dry-bulb temperature", "unit": "degC"}, "si7021_373a_02": {"reading_time": 1641096907.365479, "sensor_value": 46.48, "description": "relative humidity", "unit": "%"}}, {"si7021_373a_01": {"reading_time": 1641096937.4145784, "sensor_value": 15.51, "description": "dry-bulb temperature", "unit": "degC"}, "si7021_373a_02": {"reading_time": 1641096937.4145784, "sensor_value": 46.46, "description": "relative humidity", "unit": "%"}}, {"si7021_373a_01": {"reading_time": 1641096967.4645727, "sensor_value": 15.54, "description": "dry-bulb temperature", "unit": "degC"}, "si7021_373a_02": {"reading_time": 1641096967.4645727, "sensor_value": 46.46, "description": "relative humidity", "unit": "%"}}, {"si7021_373a_01": {"reading_time": 1641096997.5046616, "sensor_value": 15.52, "description": "dry-bulb temperature", "unit": "degC"}, "si7021_373a_02": {"reading_time": 1641096997.5046616, "sensor_value": 46.48, "description": "relative humidity", "unit": "%"}}][{"si7021_373a_01": {"reading_time": 1641097027.566314, "sensor_value": 15.54, "description": "dry-bulb temperature", "unit": "degC"}, "si7021_373a_02": {"reading_time": 1641097027.566314, "sensor_value": 46.47, "description": "relative humidity", "unit": "%"}}, {"si7021_373a_01": {"reading_time": 1641097057.6253173, "sensor_value": 15.53, "description": "dry-bulb temperature", "unit": "degC"}, "si7021_373a_02": {"reading_time": 1641097057.6253173, "sensor_value": 46.46, "description": "relative humidity", "unit": "%"}}, {"si7021_373a_01": {"reading_time": 1641097087.6840982, "sensor_value": 15.53, "description": "dry-bulb temperature", "unit": "degC"}, "si7021_373a_02": {"reading_time": 1641097087.6840982, "sensor_value": 46.48, "description": "relative humidity", "unit": "%"}}, {"si7021_373a_01": {"reading_time": 1641097117.7145724, "sensor_value": 15.51, "description": "dry-bulb temperature", "unit": "degC"}, "si7021_373a_02": {"reading_time": 1641097117.7145724, "sensor_value": 46.48, "description": "relative humidity", "unit": "%"}}][{"si7021_373a_01": {"reading_time": 1641097147.763913, "sensor_value": 15.54, "description": "dry-bulb temperature", "unit": "degC"}, "si7021_373a_02": {"reading_time": 1641097147.763913, "sensor_value": 46.45, "description": "relative humidity", "unit": "%"}}, {"si7021_373a_01": {"reading_time": 1641097177.8228052, "sensor_value": 15.53, "description": "dry-bulb temperature", "unit": "degC"}, "si7021_373a_02": {"reading_time": 1641097177.8228052, "sensor_value": 46.46, "description": "relative humidity", "unit": "%"}}, {"si7021_373a_01": {"reading_time": 1641097207.881872, "sensor_value": 15.51, "description": "dry-bulb temperature", "unit": "degC"}, "si7021_373a_02": {"reading_time": 1641097207.881872, "sensor_value": 46.47, "description": "relative humidity", "unit": "%"}}, {"si7021_373a_01": {"reading_time": 1641097237.9245775, "sensor_value": 15.53, "description": "dry-bulb temperature", "unit": "degC"}, "si7021_373a_02": {"reading_time": 1641097237.9245775, "sensor_value": 46.46, "description": "relative humidity", "unit": "%"}}][{"si7021_373a_01": {"reading_time": 1641097267.9671938, "sensor_value": 15.53, "description": "dry-bulb temperature", "unit": "degC"}, "si7021_373a_02": {"reading_time": 1641097267.9671938, "sensor_value": 46.46, "description": "relative humidity", "unit": "%"}}, {"si7021_373a_01": {"reading_time": 1641097298.026001, "sensor_value": 15.53, "description": "dry-bulb temperature", "unit": "degC"}, "si7021_373a_02": {"reading_time": 1641097298.026001, "sensor_value": 46.47, "description": "relative humidity", "unit": "%"}}, {"si7021_373a_01": {"reading_time": 1641097328.0850852, "sensor_value": 15.54, "description": "dry-bulb temperature", "unit": "degC"}, "si7021_373a_02": {"reading_time": 1641097328.0850852, "sensor_value": 46.46, "description": "relative humidity", "unit": "%"}}, {"si7021_373a_01": {"reading_time": 1641097358.1443186, "sensor_value": 15.52, "description": "dry-bulb temperature", "unit": "degC"}, "si7021_373a_02": {"reading_time": 1641097358.1443186, "sensor_value": 46.46, "description": "relative humidity", "unit": "%"}}][{"si7021_373a_01": {"reading_time": 1641097388.2078576, "sensor_value": 15.51, "description": "dry-bulb temperature", "unit": "degC"}, "si7021_373a_02": {"reading_time": 1641097388.2078576, "sensor_value": 46.4, "description": "relative humidity", "unit": "%"}}, {"si7021_373a_01": {"reading_time": 1641097418.267878, "sensor_value": 15.52, "description": "dry-bulb temperature", "unit": "degC"}, "si7021_373a_02": {"reading_time": 1641097418.267878, "sensor_value": 46.43, "description": "relative humidity", "unit": "%"}}, {"si7021_373a_01": {"reading_time": 1641097448.3269312, "sensor_value": 15.52, "description": "dry-bulb temperature", "unit": "degC"}, "si7021_373a_02": {"reading_time": 1641097448.3269312, "sensor_value": 46.41, "description": "relative humidity", "unit": "%"}}, {"si7021_373a_01": {"reading_time": 1641097478.3852873, "sensor_value": 15.52, "description": "dry-bulb temperature", "unit": "degC"}, "si7021_373a_02": {"reading_time": 1641097478.3852873, "sensor_value": 46.43, "description": "relative humidity", "unit": "%"}}][{"si7021_373a_01": {"reading_time": 1641097508.4467213, "sensor_value": 15.52, "description": "dry-bulb temperature", "unit": "degC"}, "si7021_373a_02": {"reading_time": 1641097508.4467213, "sensor_value": 46.41, "description": "relative humidity", "unit": "%"}}, {"si7021_373a_01": {"reading_time": 1641097538.5051425, "sensor_value": 15.52, "description": "dry-bulb temperature", "unit": "degC"}, "si7021_373a_02": {"reading_time": 1641097538.5051425, "sensor_value": 46.4, "description": "relative humidity", "unit": "%"}}, {"si7021_373a_01": {"reading_time": 1641097568.559544, "sensor_value": 15.51, "description": "dry-bulb temperature", "unit": "degC"}, "si7021_373a_02": {"reading_time": 1641097568.559544, "sensor_value": 46.39, "description": "relative humidity", "unit": "%"}}, {"si7021_373a_01": {"reading_time": 1641097598.617788, "sensor_value": 15.52, "description": "dry-bulb temperature", "unit": "degC"}, "si7021_373a_02": {"reading_time": 1641097598.617788, "sensor_value": 46.39, "description": "relative humidity", "unit": "%"}}][{"si7021_373a_01": {"reading_time": 1641097628.6787858, "sensor_value": 15.49, "description": "dry-bulb temperature", "unit": "degC"}, "si7021_373a_02": {"reading_time": 1641097628.6787858, "sensor_value": 46.4, "description": "relative humidity", "unit": "%"}}, {"si7021_373a_01": {"reading_time": 1641097658.7357016, "sensor_value": 15.52, "description": "dry-bulb temperature", "unit": "degC"}, "si7021_373a_02": {"reading_time": 1641097658.7357016, "sensor_value": 46.4, "description": "relative humidity", "unit": "%"}}, {"si7021_373a_01": {"reading_time": 1641097688.7714207, "sensor_value": 15.51, "description": "dry-bulb temperature", "unit": "degC"}, "si7021_373a_02": {"reading_time": 1641097688.7714207, "sensor_value": 46.4, "description": "relative humidity", "unit": "%"}}, {"si7021_373a_01": {"reading_time": 1641097718.8068342, "sensor_value": 15.52, "description": "dry-bulb temperature", "unit": "degC"}, "si7021_373a_02": {"reading_time": 1641097718.8068342, "sensor_value": 46.42, "description": "relative humidity", "unit": "%"}}][{"si7021_373a_01": {"reading_time": 1641097748.8680668, "sensor_value": 15.51, "description": "dry-bulb temperature", "unit": "degC"}, "si7021_373a_02": {"reading_time": 1641097748.8680668, "sensor_value": 46.4, "description": "relative humidity", "unit": "%"}}, {"si7021_373a_01": {"reading_time": 1641097778.9284406, "sensor_value": 15.54, "description": "dry-bulb temperature", "unit": "degC"}, "si7021_373a_02": {"reading_time": 1641097778.9284406, "sensor_value": 46.4, "description": "relative humidity", "unit": "%"}}, {"si7021_373a_01": {"reading_time": 1641097808.9880369, "sensor_value": 15.52, "description": "dry-bulb temperature", "unit": "degC"}, "si7021_373a_02": {"reading_time": 1641097808.9880369, "sensor_value": 46.4, "description": "relative humidity", "unit": "%"}}, {"si7021_373a_01": {"reading_time": 1641097839.047364, "sensor_value": 15.52, "description": "dry-bulb temperature", "unit": "degC"}, "si7021_373a_02": {"reading_time": 1641097839.047364, "sensor_value": 46.39, "description": "relative humidity", "unit": "%"}}][{"si7021_373a_01": {"reading_time": 1641097869.1089993, "sensor_value": 15.53, "description": "dry-bulb temperature", "unit": "degC"}, "si7021_373a_02": {"reading_time": 1641097869.1089993, "sensor_value": 46.39, "description": "relative humidity", "unit": "%"}}, {"si7021_373a_01": {"reading_time": 1641097899.1543295, "sensor_value": 15.49, "description": "dry-bulb temperature", "unit": "degC"}, "si7021_373a_02": {"reading_time": 1641097899.1543295, "sensor_value": 46.39, "description": "relative humidity", "unit": "%"}}, {"si7021_373a_01": {"reading_time": 1641097929.215724, "sensor_value": 15.52, "description": "dry-bulb temperature", "unit": "degC"}, "si7021_373a_02": {"reading_time": 1641097929.215724, "sensor_value": 46.39, "description": "relative humidity", "unit": "%"}}, {"si7021_373a_01": {"reading_time": 1641097959.2734487, "sensor_value": 15.51, "description": "dry-bulb temperature", "unit": "degC"}, "si7021_373a_02": {"reading_time": 1641097959.2734487, "sensor_value": 46.39, "description": "relative humidity", "unit": "%"}}][{"si7021_373a_01": {"reading_time": 1641097989.3185563, "sensor_value": 15.53, "description": "dry-bulb temperature", "unit": "degC"}, "si7021_373a_02": {"reading_time": 1641097989.3185563, "sensor_value": 46.37, "description": "relative humidity", "unit": "%"}}, {"si7021_373a_01": {"reading_time": 1641098019.3584056, "sensor_value": 15.54, "description": "dry-bulb temperature", "unit": "degC"}, "si7021_373a_02": {"reading_time": 1641098019.3584056, "sensor_value": 46.36, "description": "relative humidity", "unit": "%"}}, {"si7021_373a_01": {"reading_time": 1641098049.4180293, "sensor_value": 15.51, "description": "dry-bulb temperature", "unit": "degC"}, "si7021_373a_02": {"reading_time": 1641098049.4180293, "sensor_value": 46.36, "description": "relative humidity", "unit": "%"}}, {"si7021_373a_01": {"reading_time": 1641098079.477101, "sensor_value": 15.54, "description": "dry-bulb temperature", "unit": "degC"}, "si7021_373a_02": {"reading_time": 1641098079.477101, "sensor_value": 46.36, "description": "relative humidity", "unit": "%"}}][{"si7021_373a_01": {"reading_time": 1641098109.5098143, "sensor_value": 15.51, "description": "dry-bulb temperature", "unit": "degC"}, "si7021_373a_02": {"reading_time": 1641098109.5098143, "sensor_value": 46.36, "description": "relative humidity", "unit": "%"}}, {"si7021_373a_01": {"reading_time": 1641098139.5431588, "sensor_value": 15.52, "description": "dry-bulb temperature", "unit": "degC"}, "si7021_373a_02": {"reading_time": 1641098139.5431588, "sensor_value": 46.33, "description": "relative humidity", "unit": "%"}}, {"si7021_373a_01": {"reading_time": 1641098169.6021173, "sensor_value": 15.53, "description": "dry-bulb temperature", "unit": "degC"}, "si7021_373a_02": {"reading_time": 1641098169.6021173, "sensor_value": 46.34, "description": "relative humidity", "unit": "%"}}, {"si7021_373a_01": {"reading_time": 1641098199.6392488, "sensor_value": 15.51, "description": "dry-bulb temperature", "unit": "degC"}, "si7021_373a_02": {"reading_time": 1641098199.6392488, "sensor_value": 46.33, "description": "relative humidity", "unit": "%"}}][{"si7021_373a_01": {"reading_time": 1641098229.6773343, "sensor_value": 15.52, "description": "dry-bulb temperature", "unit": "degC"}, "si7021_373a_02": {"reading_time": 1641098229.6773343, "sensor_value": 46.36, "description": "relative humidity", "unit": "%"}}, {"si7021_373a_01": {"reading_time": 1641098259.7105477, "sensor_value": 15.53, "description": "dry-bulb temperature", "unit": "degC"}, "si7021_373a_02": {"reading_time": 1641098259.7105477, "sensor_value": 46.34, "description": "relative humidity", "unit": "%"}}, {"si7021_373a_01": {"reading_time": 1641098289.770291, "sensor_value": 15.51, "description": "dry-bulb temperature", "unit": "degC"}, "si7021_373a_02": {"reading_time": 1641098289.770291, "sensor_value": 46.33, "description": "relative humidity", "unit": "%"}}, {"si7021_373a_01": {"reading_time": 1641098319.816221, "sensor_value": 15.52, "description": "dry-bulb temperature", "unit": "degC"}, "si7021_373a_02": {"reading_time": 1641098319.816221, "sensor_value": 46.33, "description": "relative humidity", "unit": "%"}}][{"si7021_373a_01": {"reading_time": 1641098349.8772564, "sensor_value": 15.49, "description": "dry-bulb temperature", "unit": "degC"}, "si7021_373a_02": {"reading_time": 1641098349.8772564, "sensor_value": 46.33, "description": "relative humidity", "unit": "%"}}, {"si7021_373a_01": {"reading_time": 1641098379.9218612, "sensor_value": 15.51, "description": "dry-bulb temperature", "unit": "degC"}, "si7021_373a_02": {"reading_time": 1641098379.9218612, "sensor_value": 46.32, "description": "relative humidity", "unit": "%"}}, {"si7021_373a_01": {"reading_time": 1641098409.966452, "sensor_value": 15.51, "description": "dry-bulb temperature", "unit": "degC"}, "si7021_373a_02": {"reading_time": 1641098409.966452, "sensor_value": 46.3, "description": "relative humidity", "unit": "%"}}, {"si7021_373a_01": {"reading_time": 1641098440.0257502, "sensor_value": 15.49, "description": "dry-bulb temperature", "unit": "degC"}, "si7021_373a_02": {"reading_time": 1641098440.0257502, "sensor_value": 46.29, "description": "relative humidity", "unit": "%"}}][{"si7021_373a_01": {"reading_time": 1641098470.087746, "sensor_value": 15.51, "description": "dry-bulb temperature", "unit": "degC"}, "si7021_373a_02": {"reading_time": 1641098470.087746, "sensor_value": 46.29, "description": "relative humidity", "unit": "%"}}, {"si7021_373a_01": {"reading_time": 1641098500.1464703, "sensor_value": 15.49, "description": "dry-bulb temperature", "unit": "degC"}, "si7021_373a_02": {"reading_time": 1641098500.1464703, "sensor_value": 46.29, "description": "relative humidity", "unit": "%"}}, {"si7021_373a_01": {"reading_time": 1641098530.2057672, "sensor_value": 15.49, "description": "dry-bulb temperature", "unit": "degC"}, "si7021_373a_02": {"reading_time": 1641098530.2057672, "sensor_value": 46.29, "description": "relative humidity", "unit": "%"}}, {"si7021_373a_01": {"reading_time": 1641098560.2545912, "sensor_value": 15.49, "description": "dry-bulb temperature", "unit": "degC"}, "si7021_373a_02": {"reading_time": 1641098560.2545912, "sensor_value": 46.28, "description": "relative humidity", "unit": "%"}}][{"si7021_373a_01": {"reading_time": 1641098590.3168688, "sensor_value": 15.49, "description": "dry-bulb temperature", "unit": "degC"}, "si7021_373a_02": {"reading_time": 1641098590.3168688, "sensor_value": 46.28, "description": "relative humidity", "unit": "%"}}, {"si7021_373a_01": {"reading_time": 1641098620.3760495, "sensor_value": 15.48, "description": "dry-bulb temperature", "unit": "degC"}, "si7021_373a_02": {"reading_time": 1641098620.3760495, "sensor_value": 46.3, "description": "relative humidity", "unit": "%"}}, {"si7021_373a_01": {"reading_time": 1641098650.4345458, "sensor_value": 15.51, "description": "dry-bulb temperature", "unit": "degC"}, "si7021_373a_02": {"reading_time": 1641098650.4345458, "sensor_value": 46.28, "description": "relative humidity", "unit": "%"}}, {"si7021_373a_01": {"reading_time": 1641098680.493111, "sensor_value": 15.51, "description": "dry-bulb temperature", "unit": "degC"}, "si7021_373a_02": {"reading_time": 1641098680.493111, "sensor_value": 46.28, "description": "relative humidity", "unit": "%"}}][{"si7021_373a_01": {"reading_time": 1641098710.5537033, "sensor_value": 15.49, "description": "dry-bulb temperature", "unit": "degC"}, "si7021_373a_02": {"reading_time": 1641098710.5537033, "sensor_value": 46.26, "description": "relative humidity", "unit": "%"}}, {"si7021_373a_01": {"reading_time": 1641098740.612136, "sensor_value": 15.51, "description": "dry-bulb temperature", "unit": "degC"}, "si7021_373a_02": {"reading_time": 1641098740.612136, "sensor_value": 46.27, "description": "relative humidity", "unit": "%"}}, {"si7021_373a_01": {"reading_time": 1641098770.6705418, "sensor_value": 15.48, "description": "dry-bulb temperature", "unit": "degC"}, "si7021_373a_02": {"reading_time": 1641098770.6705418, "sensor_value": 46.27, "description": "relative humidity", "unit": "%"}}, {"si7021_373a_01": {"reading_time": 1641098800.7297456, "sensor_value": 15.47, "description": "dry-bulb temperature", "unit": "degC"}, "si7021_373a_02": {"reading_time": 1641098800.7297456, "sensor_value": 46.27, "description": "relative humidity", "unit": "%"}}][{"si7021_373a_01": {"reading_time": 1641098830.7917955, "sensor_value": 15.51, "description": "dry-bulb temperature", "unit": "degC"}, "si7021_373a_02": {"reading_time": 1641098830.7917955, "sensor_value": 46.27, "description": "relative humidity", "unit": "%"}}, {"si7021_373a_01": {"reading_time": 1641098860.8508565, "sensor_value": 15.49, "description": "dry-bulb temperature", "unit": "degC"}, "si7021_373a_02": {"reading_time": 1641098860.8508565, "sensor_value": 46.29, "description": "relative humidity", "unit": "%"}}, {"si7021_373a_01": {"reading_time": 1641098890.9098842, "sensor_value": 15.48, "description": "dry-bulb temperature", "unit": "degC"}, "si7021_373a_02": {"reading_time": 1641098890.9098842, "sensor_value": 46.26, "description": "relative humidity", "unit": "%"}}, {"si7021_373a_01": {"reading_time": 1641098920.968955, "sensor_value": 15.51, "description": "dry-bulb temperature", "unit": "degC"}, "si7021_373a_02": {"reading_time": 1641098920.968955, "sensor_value": 46.24, "description": "relative humidity", "unit": "%"}}][{"si7021_373a_01": {"reading_time": 1641098951.0308337, "sensor_value": 15.51, "description": "dry-bulb temperature", "unit": "degC"}, "si7021_373a_02": {"reading_time": 1641098951.0308337, "sensor_value": 46.26, "description": "relative humidity", "unit": "%"}}, {"si7021_373a_01": {"reading_time": 1641098981.0785537, "sensor_value": 15.52, "description": "dry-bulb temperature", "unit": "degC"}, "si7021_373a_02": {"reading_time": 1641098981.0785537, "sensor_value": 46.29, "description": "relative humidity", "unit": "%"}}, {"si7021_373a_01": {"reading_time": 1641099011.1378968, "sensor_value": 15.49, "description": "dry-bulb temperature", "unit": "degC"}, "si7021_373a_02": {"reading_time": 1641099011.1378968, "sensor_value": 46.24, "description": "relative humidity", "unit": "%"}}, {"si7021_373a_01": {"reading_time": 1641099041.1981401, "sensor_value": 15.52, "description": "dry-bulb temperature", "unit": "degC"}, "si7021_373a_02": {"reading_time": 1641099041.1981401, "sensor_value": 46.27, "description": "relative humidity", "unit": "%"}}][{"si7021_373a_01": {"reading_time": 1641099071.2599974, "sensor_value": 15.49, "description": "dry-bulb temperature", "unit": "degC"}, "si7021_373a_02": {"reading_time": 1641099071.2599974, "sensor_value": 46.28, "description": "relative humidity", "unit": "%"}}, {"si7021_373a_01": {"reading_time": 1641099101.318651, "sensor_value": 15.51, "description": "dry-bulb temperature", "unit": "degC"}, "si7021_373a_02": {"reading_time": 1641099101.318651, "sensor_value": 46.28, "description": "relative humidity", "unit": "%"}}, {"si7021_373a_01": {"reading_time": 1641099131.3775377, "sensor_value": 15.53, "description": "dry-bulb temperature", "unit": "degC"}, "si7021_373a_02": {"reading_time": 1641099131.3775377, "sensor_value": 46.27, "description": "relative humidity", "unit": "%"}}, {"si7021_373a_01": {"reading_time": 1641099161.4369633, "sensor_value": 15.54, "description": "dry-bulb temperature", "unit": "degC"}, "si7021_373a_02": {"reading_time": 1641099161.4369633, "sensor_value": 46.26, "description": "relative humidity", "unit": "%"}}][{"si7021_373a_01": {"reading_time": 1641099191.505622, "sensor_value": 15.51, "description": "dry-bulb temperature", "unit": "degC"}, "si7021_373a_02": {"reading_time": 1641099191.505622, "sensor_value": 46.23, "description": "relative humidity", "unit": "%"}}, {"si7021_373a_01": {"reading_time": 1641099221.5651853, "sensor_value": 15.52, "description": "dry-bulb temperature", "unit": "degC"}, "si7021_373a_02": {"reading_time": 1641099221.5651853, "sensor_value": 46.24, "description": "relative humidity", "unit": "%"}}, {"si7021_373a_01": {"reading_time": 1641099251.6146994, "sensor_value": 15.52, "description": "dry-bulb temperature", "unit": "degC"}, "si7021_373a_02": {"reading_time": 1641099251.6146994, "sensor_value": 46.25, "description": "relative humidity", "unit": "%"}}, {"si7021_373a_01": {"reading_time": 1641099281.6747847, "sensor_value": 15.51, "description": "dry-bulb temperature", "unit": "degC"}, "si7021_373a_02": {"reading_time": 1641099281.6747847, "sensor_value": 46.24, "description": "relative humidity", "unit": "%"}}][{"si7021_373a_01": {"reading_time": 1641099311.7358458, "sensor_value": 15.53, "description": "dry-bulb temperature", "unit": "degC"}, "si7021_373a_02": {"reading_time": 1641099311.7358458, "sensor_value": 46.25, "description": "relative humidity", "unit": "%"}}, {"si7021_373a_01": {"reading_time": 1641099341.7941217, "sensor_value": 15.48, "description": "dry-bulb temperature", "unit": "degC"}, "si7021_373a_02": {"reading_time": 1641099341.7941217, "sensor_value": 46.25, "description": "relative humidity", "unit": "%"}}, {"si7021_373a_01": {"reading_time": 1641099371.8524427, "sensor_value": 15.51, "description": "dry-bulb temperature", "unit": "degC"}, "si7021_373a_02": {"reading_time": 1641099371.8524427, "sensor_value": 46.27, "description": "relative humidity", "unit": "%"}}, {"si7021_373a_01": {"reading_time": 1641099401.9110792, "sensor_value": 15.51, "description": "dry-bulb temperature", "unit": "degC"}, "si7021_373a_02": {"reading_time": 1641099401.9110792, "sensor_value": 46.26, "description": "relative humidity", "unit": "%"}}][{"si7021_373a_01": {"reading_time": 1641099431.972215, "sensor_value": 15.52, "description": "dry-bulb temperature", "unit": "degC"}, "si7021_373a_02": {"reading_time": 1641099431.972215, "sensor_value": 46.27, "description": "relative humidity", "unit": "%"}}, {"si7021_373a_01": {"reading_time": 1641099462.029468, "sensor_value": 15.49, "description": "dry-bulb temperature", "unit": "degC"}, "si7021_373a_02": {"reading_time": 1641099462.029468, "sensor_value": 46.27, "description": "relative humidity", "unit": "%"}}, {"si7021_373a_01": {"reading_time": 1641099492.087687, "sensor_value": 15.49, "description": "dry-bulb temperature", "unit": "degC"}, "si7021_373a_02": {"reading_time": 1641099492.087687, "sensor_value": 46.28, "description": "relative humidity", "unit": "%"}}, {"si7021_373a_01": {"reading_time": 1641099522.146368, "sensor_value": 15.49, "description": "dry-bulb temperature", "unit": "degC"}, "si7021_373a_02": {"reading_time": 1641099522.146368, "sensor_value": 46.27, "description": "relative humidity", "unit": "%"}}]