[{"si7021_373a_01": {"reading_time": 1641034758.9155846, "sensor_value": 15.74, "description": "dry-bulb temperature", "unit": "degC"}, "si7021_373a_02": {"reading_time": 1641034758.9155846, "sensor_value": 51.84, "description": "relative humidity", "unit": "%"}}, {"si7021_373a_01": {"reading_time": 1641034788.9646592, "sensor_value": 15.73, "description": "dry-bulb temperature", "unit": "degC"}, "si7021_373a_02": {"reading_time": 1641034788.9646592, "sensor_value": 51.86, "description": "relative humidity", "unit": "%"}}, {"si7021_373a_01": {"reading_time": 1641034819.0248265, "sensor_value": 15.72, "description": "dry-bulb temperature", "unit": "degC"}, "si7021_373a_02": {"reading_time": 1641034819.0248265, "sensor_value": 51.84, "description": "relative humidity", "unit": "%"}}, {"si7021_373a_01": {"reading_time": 1641034849.0843267, "sensor_value": 15.72, "description": "dry-bulb temperature", "unit": "degC"}, "si7021_373a_02": {"reading_time": 1641034849.0843267, "sensor_value": 51.85, "description": "relative humidity", "unit": "%"}}][{"si7021_373a_01": {"reading_time": 1641034879.1412501, "sensor_value": 15.74, "description": "dry-bulb temperature", "unit": "degC"}, "si7021_373a_02": {"reading_time": 1641034879.1412501, "sensor_value": 51.85, "description": "relative humidity", "unit": "%"}}, {"si7021_373a_01": {"reading_time": 1641034909.2003243, "sensor_value": 15.73, "description": "dry-bulb temperature", "unit": "degC"}, "si7021_373a_02": {"reading_time": 1641034909.2003243, "sensor_value": 51.87, "description": "relative humidity", "unit": "%"}}, {"si7021_373a_01": {"reading_time": 1641034939.236914, "sensor_value": 15.71, "description": "dry-bulb temperature", "unit": "degC"}, "si7021_373a_02": {"reading_time": 1641034939.236914, "sensor_value": 51.84, "description": "relative humidity", "unit": "%"}}, {"si7021_373a_01": {"reading_time": 1641034969.2961586, "sensor_value": 15.72, "description": "dry-bulb temperature", "unit": "degC"}, "si7021_373a_02": {"reading_time": 1641034969.2961586, "sensor_value": 51.84, "description": "relative humidity", "unit": "%"}}][{"si7021_373a_01": {"reading_time": 1641034999.3575869, "sensor_value": 15.71, "description": "dry-bulb temperature", "unit": "degC"}, "si7021_373a_02": {"reading_time": 1641034999.3575869, "sensor_value": 51.86, "description": "relative humidity", "unit": "%"}}, {"si7021_373a_01": {"reading_time": 1641035029.4163911, "sensor_value": 15.72, "description": "dry-bulb temperature", "unit": "degC"}, "si7021_373a_02": {"reading_time": 1641035029.4163911, "sensor_value": 51.86, "description": "relative humidity", "unit": "%"}}, {"si7021_373a_01": {"reading_time": 1641035059.4749515, "sensor_value": 15.74, "description": "dry-bulb temperature", "unit": "degC"}, "si7021_373a_02": {"reading_time": 1641035059.4749515, "sensor_value": 51.87, "description": "relative humidity", "unit": "%"}}, {"si7021_373a_01": {"reading_time": 1641035089.5342276, "sensor_value": 15.73, "description": "dry-bulb temperature", "unit": "degC"}, "si7021_373a_02": {"reading_time": 1641035089.5342276, "sensor_value": 51.85, "description": "relative humidity", "unit": "%"}}][{"si7021_373a_01": {"reading_time": 1641035119.5869057, "sensor_value": 15.74, "description": "dry-bulb temperature", "unit": "degC"}, "si7021_373a_02": {"reading_time": 1641035119.5869057, "sensor_value": 51.87, "description": "relative humidity", "unit": "%"}}, {"si7021_373a_01": {"reading_time": 1641035149.646903, "sensor_value": 15.71, "description": "dry-bulb temperature", "unit": "degC"}, "si7021_373a_02": {"reading_time": 1641035149.646903, "sensor_value": 51.87, "description": "relative humidity", "unit": "%"}}, {"si7021_373a_01": {"reading_time": 1641035179.6791067, "sensor_value": 15.73, "description": "dry-bulb temperature", "unit": "degC"}, "si7021_373a_02": {"reading_time": 1641035179.6791067, "sensor_value": 51.86, "description": "relative humidity", "unit": "%"}}, {"si7021_373a_01": {"reading_time": 1641035209.7325578, "sensor_value": 15.72, "description": "dry-bulb temperature", "unit": "degC"}, "si7021_373a_02": {"reading_time": 1641035209.7325578, "sensor_value": 51.85, "description": "relative humidity", "unit": "%"}}][{"si7021_373a_01": {"reading_time": 1641035239.7945282, "sensor_value": 15.73, "description": "dry-bulb temperature", "unit": "degC"}, "si7021_373a_02": {"reading_time": 1641035239.7945282, "sensor_value": 51.86, "description": "relative humidity", "unit": "%"}}, {"si7021_373a_01": {"reading_time": 1641035269.8290856, "sensor_value": 15.73, "description": "dry-bulb temperature", "unit": "degC"}, "si7021_373a_02": {"reading_time": 1641035269.8290856, "sensor_value": 51.84, "description": "relative humidity", "unit": "%"}}, {"si7021_373a_01": {"reading_time": 1641035299.8587155, "sensor_value": 15.73, "description": "dry-bulb temperature", "unit": "degC"}, "si7021_373a_02": {"reading_time": 1641035299.8587155, "sensor_value": 51.83, "description": "relative humidity", "unit": "%"}}, {"si7021_373a_01": {"reading_time": 1641035329.918754, "sensor_value": 15.73, "description": "dry-bulb temperature", "unit": "degC"}, "si7021_373a_02": {"reading_time": 1641035329.918754, "sensor_value": 51.83, "description": "relative humidity", "unit": "%"}}][{"si7021_373a_01": {"reading_time": 1641035359.977937, "sensor_value": 15.73, "description": "dry-bulb temperature", "unit": "degC"}, "si7021_373a_02": {"reading_time": 1641035359.977937, "sensor_value": 51.84, "description": "relative humidity", "unit": "%"}}, {"si7021_373a_01": {"reading_time": 1641035390.0099516, "sensor_value": 15.71, "description": "dry-bulb temperature", "unit": "degC"}, "si7021_373a_02": {"reading_time": 1641035390.0099516, "sensor_value": 51.84, "description": "relative humidity", "unit": "%"}}, {"si7021_373a_01": {"reading_time": 1641035420.0419378, "sensor_value": 15.72, "description": "dry-bulb temperature", "unit": "degC"}, "si7021_373a_02": {"reading_time": 1641035420.0419378, "sensor_value": 51.87, "description": "relative humidity", "unit": "%"}}, {"si7021_373a_01": {"reading_time": 1641035450.0741098, "sensor_value": 15.69, "description": "dry-bulb temperature", "unit": "degC"}, "si7021_373a_02": {"reading_time": 1641035450.0741098, "sensor_value": 51.83, "description": "relative humidity", "unit": "%"}}][{"si7021_373a_01": {"reading_time": 1641035480.1083581, "sensor_value": 15.72, "description": "dry-bulb temperature", "unit": "degC"}, "si7021_373a_02": {"reading_time": 1641035480.1083581, "sensor_value": 51.85, "description": "relative humidity", "unit": "%"}}, {"si7021_373a_01": {"reading_time": 1641035510.1597228, "sensor_value": 15.73, "description": "dry-bulb temperature", "unit": "degC"}, "si7021_373a_02": {"reading_time": 1641035510.1597228, "sensor_value": 51.84, "description": "relative humidity", "unit": "%"}}, {"si7021_373a_01": {"reading_time": 1641035540.2145755, "sensor_value": 15.71, "description": "dry-bulb temperature", "unit": "degC"}, "si7021_373a_02": {"reading_time": 1641035540.2145755, "sensor_value": 51.85, "description": "relative humidity", "unit": "%"}}, {"si7021_373a_01": {"reading_time": 1641035570.2778296, "sensor_value": 15.73, "description": "dry-bulb temperature", "unit": "degC"}, "si7021_373a_02": {"reading_time": 1641035570.2778296, "sensor_value": 51.85, "description": "relative humidity", "unit": "%"}}][{"si7021_373a_01": {"reading_time": 1641035600.339552, "sensor_value": 15.72, "description": "dry-bulb temperature", "unit": "degC"}, "si7021_373a_02": {"reading_time": 1641035600.339552, "sensor_value": 51.81, "description": "relative humidity", "unit": "%"}}, {"si7021_373a_01": {"reading_time": 1641035630.39855, "sensor_value": 15.72, "description": "dry-bulb temperature", "unit": "degC"}, "si7021_373a_02": {"reading_time": 1641035630.39855, "sensor_value": 51.84, "description": "relative humidity", "unit": "%"}}, {"si7021_373a_01": {"reading_time": 1641035660.4577622, "sensor_value": 15.7, "description": "dry-bulb temperature", "unit": "degC"}, "si7021_373a_02": {"reading_time": 1641035660.4577622, "sensor_value": 51.83, "description": "relative humidity", "unit": "%"}}, {"si7021_373a_01": {"reading_time": 1641035690.5168152, "sensor_value": 15.72, "description": "dry-bulb temperature", "unit": "degC"}, "si7021_373a_02": {"reading_time": 1641035690.5168152, "sensor_value": 51.81, "description": "relative humidity", "unit": "%"}}][{"si7021_373a_01": {"reading_time": 1641035720.5782506, "sensor_value": 15.69, "description": "dry-bulb temperature", "unit": "degC"}, "si7021_373a_02": {"reading_time": 1641035720.5782506, "sensor_value": 51.83, "description": "relative humidity", "unit": "%"}}, {"si7021_373a_01": {"reading_time": 1641035750.6370738, "sensor_value": 15.71, "description": "dry-bulb temperature", "unit": "degC"}, "si7021_373a_02": {"reading_time": 1641035750.6370738, "sensor_value": 51.83, "description": "relative humidity", "unit": "%"}}, {"si7021_373a_01": {"reading_time": 1641035780.696603, "sensor_value": 15.71, "description": "dry-bulb temperature", "unit": "degC"}, "si7021_373a_02": {"reading_time": 1641035780.696603, "sensor_value": 51.84, "description": "relative humidity", "unit": "%"}}, {"si7021_373a_01": {"reading_time": 1641035810.7557983, "sensor_value": 15.71, "description": "dry-bulb temperature", "unit": "degC"}, "si7021_373a_02": {"reading_time": 1641035810.7557983, "sensor_value": 51.87, "description": "relative humidity", "unit": "%"}}][{"si7021_373a_01": {"reading_time": 1641035840.8165038, "sensor_value": 15.72, "description": "dry-bulb temperature", "unit": "degC"}, "si7021_373a_02": {"reading_time": 1641035840.8165038, "sensor_value": 51.84, "description": "relative humidity", "unit": "%"}}, {"si7021_373a_01": {"reading_time": 1641035870.8515615, "sensor_value": 15.71, "description": "dry-bulb temperature", "unit": "degC"}, "si7021_373a_02": {"reading_time": 1641035870.8515615, "sensor_value": 51.87, "description": "relative humidity", "unit": "%"}}, {"si7021_373a_01": {"reading_time": 1641035900.910753, "sensor_value": 15.72, "description": "dry-bulb temperature", "unit": "degC"}, "si7021_373a_02": {"reading_time": 1641035900.910753, "sensor_value": 51.87, "description": "relative humidity", "unit": "%"}}, {"si7021_373a_01": {"reading_time": 1641035930.9645722, "sensor_value": 15.71, "description": "dry-bulb temperature", "unit": "degC"}, "si7021_373a_02": {"reading_time": 1641035930.9645722, "sensor_value": 51.84, "description": "relative humidity", "unit": "%"}}][{"si7021_373a_01": {"reading_time": 1641035961.0263216, "sensor_value": 15.71, "description": "dry-bulb temperature", "unit": "degC"}, "si7021_373a_02": {"reading_time": 1641035961.0263216, "sensor_value": 51.84, "description": "relative humidity", "unit": "%"}}, {"si7021_373a_01": {"reading_time": 1641035991.0740716, "sensor_value": 15.7, "description": "dry-bulb temperature", "unit": "degC"}, "si7021_373a_02": {"reading_time": 1641035991.0740716, "sensor_value": 51.83, "description": "relative humidity", "unit": "%"}}, {"si7021_373a_01": {"reading_time": 1641036021.1326842, "sensor_value": 15.7, "description": "dry-bulb temperature", "unit": "degC"}, "si7021_373a_02": {"reading_time": 1641036021.1326842, "sensor_value": 51.84, "description": "relative humidity", "unit": "%"}}, {"si7021_373a_01": {"reading_time": 1641036051.1920943, "sensor_value": 15.7, "description": "dry-bulb temperature", "unit": "degC"}, "si7021_373a_02": {"reading_time": 1641036051.1920943, "sensor_value": 51.83, "description": "relative humidity", "unit": "%"}}][{"si7021_373a_01": {"reading_time": 1641036081.2537417, "sensor_value": 15.71, "description": "dry-bulb temperature", "unit": "degC"}, "si7021_373a_02": {"reading_time": 1641036081.2537417, "sensor_value": 51.86, "description": "relative humidity", "unit": "%"}}, {"si7021_373a_01": {"reading_time": 1641036111.312367, "sensor_value": 15.69, "description": "dry-bulb temperature", "unit": "degC"}, "si7021_373a_02": {"reading_time": 1641036111.312367, "sensor_value": 51.86, "description": "relative humidity", "unit": "%"}}, {"si7021_373a_01": {"reading_time": 1641036141.3546538, "sensor_value": 15.69, "description": "dry-bulb temperature", "unit": "degC"}, "si7021_373a_02": {"reading_time": 1641036141.3546538, "sensor_value": 51.86, "description": "relative humidity", "unit": "%"}}, {"si7021_373a_01": {"reading_time": 1641036171.4046373, "sensor_value": 15.7, "description": "dry-bulb temperature", "unit": "degC"}, "si7021_373a_02": {"reading_time": 1641036171.4046373, "sensor_value": 51.83, "description": "relative humidity", "unit": "%"}}][{"si7021_373a_01": {"reading_time": 1641036201.4718788, "sensor_value": 15.69, "description": "dry-bulb temperature", "unit": "degC"}, "si7021_373a_02": {"reading_time": 1641036201.4718788, "sensor_value": 51.83, "description": "relative humidity", "unit": "%"}}, {"si7021_373a_01": {"reading_time": 1641036231.529943, "sensor_value": 15.69, "description": "dry-bulb temperature", "unit": "degC"}, "si7021_373a_02": {"reading_time": 1641036231.529943, "sensor_value": 51.86, "description": "relative humidity", "unit": "%"}}, {"si7021_373a_01": {"reading_time": 1641036261.5950756, "sensor_value": 15.71, "description": "dry-bulb temperature", "unit": "degC"}, "si7021_373a_02": {"reading_time": 1641036261.5950756, "sensor_value": 51.84, "description": "relative humidity", "unit": "%"}}, {"si7021_373a_01": {"reading_time": 1641036291.6541712, "sensor_value": 15.7, "description": "dry-bulb temperature", "unit": "degC"}, "si7021_373a_02": {"reading_time": 1641036291.6541712, "sensor_value": 51.86, "description": "relative humidity", "unit": "%"}}][{"si7021_373a_01": {"reading_time": 1641036321.6974492, "sensor_value": 15.7, "description": "dry-bulb temperature", "unit": "degC"}, "si7021_373a_02": {"reading_time": 1641036321.6974492, "sensor_value": 51.87, "description": "relative humidity", "unit": "%"}}, {"si7021_373a_01": {"reading_time": 1641036351.7568843, "sensor_value": 15.68, "description": "dry-bulb temperature", "unit": "degC"}, "si7021_373a_02": {"reading_time": 1641036351.7568843, "sensor_value": 51.85, "description": "relative humidity", "unit": "%"}}, {"si7021_373a_01": {"reading_time": 1641036381.8199759, "sensor_value": 15.7, "description": "dry-bulb temperature", "unit": "degC"}, "si7021_373a_02": {"reading_time": 1641036381.8199759, "sensor_value": 51.83, "description": "relative humidity", "unit": "%"}}, {"si7021_373a_01": {"reading_time": 1641036411.878925, "sensor_value": 15.7, "description": "dry-bulb temperature", "unit": "degC"}, "si7021_373a_02": {"reading_time": 1641036411.878925, "sensor_value": 51.84, "description": "relative humidity", "unit": "%"}}][{"si7021_373a_01": {"reading_time": 1641036441.9449627, "sensor_value": 15.69, "description": "dry-bulb temperature", "unit": "degC"}, "si7021_373a_02": {"reading_time": 1641036441.9449627, "sensor_value": 51.86, "description": "relative humidity", "unit": "%"}}, {"si7021_373a_01": {"reading_time": 1641036471.9840748, "sensor_value": 15.69, "description": "dry-bulb temperature", "unit": "degC"}, "si7021_373a_02": {"reading_time": 1641036471.9840748, "sensor_value": 51.87, "description": "relative humidity", "unit": "%"}}, {"si7021_373a_01": {"reading_time": 1641036502.0422196, "sensor_value": 15.7, "description": "dry-bulb temperature", "unit": "degC"}, "si7021_373a_02": {"reading_time": 1641036502.0422196, "sensor_value": 51.84, "description": "relative humidity", "unit": "%"}}, {"si7021_373a_01": {"reading_time": 1641036532.100592, "sensor_value": 15.68, "description": "dry-bulb temperature", "unit": "degC"}, "si7021_373a_02": {"reading_time": 1641036532.100592, "sensor_value": 51.86, "description": "relative humidity", "unit": "%"}}][{"si7021_373a_01": {"reading_time": 1641036562.140467, "sensor_value": 15.71, "description": "dry-bulb temperature", "unit": "degC"}, "si7021_373a_02": {"reading_time": 1641036562.140467, "sensor_value": 51.86, "description": "relative humidity", "unit": "%"}}, {"si7021_373a_01": {"reading_time": 1641036592.1708772, "sensor_value": 15.72, "description": "dry-bulb temperature", "unit": "degC"}, "si7021_373a_02": {"reading_time": 1641036592.1708772, "sensor_value": 51.86, "description": "relative humidity", "unit": "%"}}, {"si7021_373a_01": {"reading_time": 1641036622.21457, "sensor_value": 15.71, "description": "dry-bulb temperature", "unit": "degC"}, "si7021_373a_02": {"reading_time": 1641036622.21457, "sensor_value": 51.83, "description": "relative humidity", "unit": "%"}}, {"si7021_373a_01": {"reading_time": 1641036652.2737901, "sensor_value": 15.72, "description": "dry-bulb temperature", "unit": "degC"}, "si7021_373a_02": {"reading_time": 1641036652.2737901, "sensor_value": 51.83, "description": "relative humidity", "unit": "%"}}][{"si7021_373a_01": {"reading_time": 1641036682.3359275, "sensor_value": 15.71, "description": "dry-bulb temperature", "unit": "degC"}, "si7021_373a_02": {"reading_time": 1641036682.3359275, "sensor_value": 51.82, "description": "relative humidity", "unit": "%"}}, {"si7021_373a_01": {"reading_time": 1641036712.3950384, "sensor_value": 15.7, "description": "dry-bulb temperature", "unit": "degC"}, "si7021_373a_02": {"reading_time": 1641036712.3950384, "sensor_value": 51.85, "description": "relative humidity", "unit": "%"}}, {"si7021_373a_01": {"reading_time": 1641036742.4540021, "sensor_value": 15.7, "description": "dry-bulb temperature", "unit": "degC"}, "si7021_373a_02": {"reading_time": 1641036742.4540021, "sensor_value": 51.81, "description": "relative humidity", "unit": "%"}}, {"si7021_373a_01": {"reading_time": 1641036772.4845977, "sensor_value": 15.72, "description": "dry-bulb temperature", "unit": "degC"}, "si7021_373a_02": {"reading_time": 1641036772.4845977, "sensor_value": 51.83, "description": "relative humidity", "unit": "%"}}][{"si7021_373a_01": {"reading_time": 1641036802.5468943, "sensor_value": 15.71, "description": "dry-bulb temperature", "unit": "degC"}, "si7021_373a_02": {"reading_time": 1641036802.5468943, "sensor_value": 51.82, "description": "relative humidity", "unit": "%"}}, {"si7021_373a_01": {"reading_time": 1641036832.6058426, "sensor_value": 15.73, "description": "dry-bulb temperature", "unit": "degC"}, "si7021_373a_02": {"reading_time": 1641036832.6058426, "sensor_value": 51.81, "description": "relative humidity", "unit": "%"}}, {"si7021_373a_01": {"reading_time": 1641036862.6445758, "sensor_value": 15.72, "description": "dry-bulb temperature", "unit": "degC"}, "si7021_373a_02": {"reading_time": 1641036862.6445758, "sensor_value": 51.82, "description": "relative humidity", "unit": "%"}}, {"si7021_373a_01": {"reading_time": 1641036892.703631, "sensor_value": 15.73, "description": "dry-bulb temperature", "unit": "degC"}, "si7021_373a_02": {"reading_time": 1641036892.703631, "sensor_value": 51.83, "description": "relative humidity", "unit": "%"}}][{"si7021_373a_01": {"reading_time": 1641036922.764658, "sensor_value": 15.7, "description": "dry-bulb temperature", "unit": "degC"}, "si7021_373a_02": {"reading_time": 1641036922.764658, "sensor_value": 51.81, "description": "relative humidity", "unit": "%"}}, {"si7021_373a_01": {"reading_time": 1641036952.823174, "sensor_value": 15.69, "description": "dry-bulb temperature", "unit": "degC"}, "si7021_373a_02": {"reading_time": 1641036952.823174, "sensor_value": 51.8, "description": "relative humidity", "unit": "%"}}, {"si7021_373a_01": {"reading_time": 1641036982.8812733, "sensor_value": 15.73, "description": "dry-bulb temperature", "unit": "degC"}, "si7021_373a_02": {"reading_time": 1641036982.8812733, "sensor_value": 51.8, "description": "relative humidity", "unit": "%"}}, {"si7021_373a_01": {"reading_time": 1641037012.9330575, "sensor_value": 15.71, "description": "dry-bulb temperature", "unit": "degC"}, "si7021_373a_02": {"reading_time": 1641037012.9330575, "sensor_value": 51.8, "description": "relative humidity", "unit": "%"}}][{"si7021_373a_01": {"reading_time": 1641037042.989833, "sensor_value": 15.71, "description": "dry-bulb temperature", "unit": "degC"}, "si7021_373a_02": {"reading_time": 1641037042.989833, "sensor_value": 51.79, "description": "relative humidity", "unit": "%"}}, {"si7021_373a_01": {"reading_time": 1641037073.0445747, "sensor_value": 15.7, "description": "dry-bulb temperature", "unit": "degC"}, "si7021_373a_02": {"reading_time": 1641037073.0445747, "sensor_value": 51.77, "description": "relative humidity", "unit": "%"}}, {"si7021_373a_01": {"reading_time": 1641037103.102978, "sensor_value": 15.71, "description": "dry-bulb temperature", "unit": "degC"}, "si7021_373a_02": {"reading_time": 1641037103.102978, "sensor_value": 51.8, "description": "relative humidity", "unit": "%"}}, {"si7021_373a_01": {"reading_time": 1641037133.1545522, "sensor_value": 15.69, "description": "dry-bulb temperature", "unit": "degC"}, "si7021_373a_02": {"reading_time": 1641037133.1545522, "sensor_value": 51.8, "description": "relative humidity", "unit": "%"}}][{"si7021_373a_01": {"reading_time": 1641037163.2158773, "sensor_value": 15.69, "description": "dry-bulb temperature", "unit": "degC"}, "si7021_373a_02": {"reading_time": 1641037163.2158773, "sensor_value": 51.8, "description": "relative humidity", "unit": "%"}}, {"si7021_373a_01": {"reading_time": 1641037193.2515478, "sensor_value": 15.69, "description": "dry-bulb temperature", "unit": "degC"}, "si7021_373a_02": {"reading_time": 1641037193.2515478, "sensor_value": 51.8, "description": "relative humidity", "unit": "%"}}, {"si7021_373a_01": {"reading_time": 1641037223.2883682, "sensor_value": 15.71, "description": "dry-bulb temperature", "unit": "degC"}, "si7021_373a_02": {"reading_time": 1641037223.2883682, "sensor_value": 51.77, "description": "relative humidity", "unit": "%"}}, {"si7021_373a_01": {"reading_time": 1641037253.3475342, "sensor_value": 15.68, "description": "dry-bulb temperature", "unit": "degC"}, "si7021_373a_02": {"reading_time": 1641037253.3475342, "sensor_value": 51.79, "description": "relative humidity", "unit": "%"}}][{"si7021_373a_01": {"reading_time": 1641037283.40941, "sensor_value": 15.69, "description": "dry-bulb temperature", "unit": "degC"}, "si7021_373a_02": {"reading_time": 1641037283.40941, "sensor_value": 51.78, "description": "relative humidity", "unit": "%"}}, {"si7021_373a_01": {"reading_time": 1641037313.4646306, "sensor_value": 15.69, "description": "dry-bulb temperature", "unit": "degC"}, "si7021_373a_02": {"reading_time": 1641037313.4646306, "sensor_value": 51.8, "description": "relative humidity", "unit": "%"}}, {"si7021_373a_01": {"reading_time": 1641037343.5258377, "sensor_value": 15.68, "description": "dry-bulb temperature", "unit": "degC"}, "si7021_373a_02": {"reading_time": 1641037343.5258377, "sensor_value": 51.78, "description": "relative humidity", "unit": "%"}}, {"si7021_373a_01": {"reading_time": 1641037373.5863721, "sensor_value": 15.68, "description": "dry-bulb temperature", "unit": "degC"}, "si7021_373a_02": {"reading_time": 1641037373.5863721, "sensor_value": 51.77, "description": "relative humidity", "unit": "%"}}][{"si7021_373a_01": {"reading_time": 1641037403.6478603, "sensor_value": 15.69, "description": "dry-bulb temperature", "unit": "degC"}, "si7021_373a_02": {"reading_time": 1641037403.6478603, "sensor_value": 51.8, "description": "relative humidity", "unit": "%"}}, {"si7021_373a_01": {"reading_time": 1641037433.7068508, "sensor_value": 15.69, "description": "dry-bulb temperature", "unit": "degC"}, "si7021_373a_02": {"reading_time": 1641037433.7068508, "sensor_value": 51.77, "description": "relative humidity", "unit": "%"}}, {"si7021_373a_01": {"reading_time": 1641037463.7653275, "sensor_value": 15.69, "description": "dry-bulb temperature", "unit": "degC"}, "si7021_373a_02": {"reading_time": 1641037463.7653275, "sensor_value": 51.77, "description": "relative humidity", "unit": "%"}}, {"si7021_373a_01": {"reading_time": 1641037493.800017, "sensor_value": 15.69, "description": "dry-bulb temperature", "unit": "degC"}, "si7021_373a_02": {"reading_time": 1641037493.800017, "sensor_value": 51.78, "description": "relative humidity", "unit": "%"}}][{"si7021_373a_01": {"reading_time": 1641037523.8494933, "sensor_value": 15.69, "description": "dry-bulb temperature", "unit": "degC"}, "si7021_373a_02": {"reading_time": 1641037523.8494933, "sensor_value": 51.78, "description": "relative humidity", "unit": "%"}}, {"si7021_373a_01": {"reading_time": 1641037553.9082854, "sensor_value": 15.7, "description": "dry-bulb temperature", "unit": "degC"}, "si7021_373a_02": {"reading_time": 1641037553.9082854, "sensor_value": 51.78, "description": "relative humidity", "unit": "%"}}, {"si7021_373a_01": {"reading_time": 1641037583.9676468, "sensor_value": 15.69, "description": "dry-bulb temperature", "unit": "degC"}, "si7021_373a_02": {"reading_time": 1641037583.9676468, "sensor_value": 51.77, "description": "relative humidity", "unit": "%"}}, {"si7021_373a_01": {"reading_time": 1641037614.0211031, "sensor_value": 15.7, "description": "dry-bulb temperature", "unit": "degC"}, "si7021_373a_02": {"reading_time": 1641037614.0211031, "sensor_value": 51.77, "description": "relative humidity", "unit": "%"}}][{"si7021_373a_01": {"reading_time": 1641037644.0828571, "sensor_value": 15.69, "description": "dry-bulb temperature", "unit": "degC"}, "si7021_373a_02": {"reading_time": 1641037644.0828571, "sensor_value": 51.77, "description": "relative humidity", "unit": "%"}}, {"si7021_373a_01": {"reading_time": 1641037674.1423373, "sensor_value": 15.69, "description": "dry-bulb temperature", "unit": "degC"}, "si7021_373a_02": {"reading_time": 1641037674.1423373, "sensor_value": 51.76, "description": "relative humidity", "unit": "%"}}, {"si7021_373a_01": {"reading_time": 1641037704.2013502, "sensor_value": 15.67, "description": "dry-bulb temperature", "unit": "degC"}, "si7021_373a_02": {"reading_time": 1641037704.2013502, "sensor_value": 51.77, "description": "relative humidity", "unit": "%"}}, {"si7021_373a_01": {"reading_time": 1641037734.2602978, "sensor_value": 15.68, "description": "dry-bulb temperature", "unit": "degC"}, "si7021_373a_02": {"reading_time": 1641037734.2602978, "sensor_value": 51.77, "description": "relative humidity", "unit": "%"}}][{"si7021_373a_01": {"reading_time": 1641037764.3168662, "sensor_value": 15.7, "description": "dry-bulb temperature", "unit": "degC"}, "si7021_373a_02": {"reading_time": 1641037764.3168662, "sensor_value": 51.77, "description": "relative humidity", "unit": "%"}}, {"si7021_373a_01": {"reading_time": 1641037794.37571, "sensor_value": 15.7, "description": "dry-bulb temperature", "unit": "degC"}, "si7021_373a_02": {"reading_time": 1641037794.37571, "sensor_value": 51.77, "description": "relative humidity", "unit": "%"}}, {"si7021_373a_01": {"reading_time": 1641037824.435018, "sensor_value": 15.68, "description": "dry-bulb temperature", "unit": "degC"}, "si7021_373a_02": {"reading_time": 1641037824.435018, "sensor_value": 51.77, "description": "relative humidity", "unit": "%"}}, {"si7021_373a_01": {"reading_time": 1641037854.4943938, "sensor_value": 15.68, "description": "dry-bulb temperature", "unit": "degC"}, "si7021_373a_02": {"reading_time": 1641037854.4943938, "sensor_value": 51.77, "description": "relative humidity", "unit": "%"}}][{"si7021_373a_01": {"reading_time": 1641037884.5560498, "sensor_value": 15.69, "description": "dry-bulb temperature", "unit": "degC"}, "si7021_373a_02": {"reading_time": 1641037884.5560498, "sensor_value": 51.76, "description": "relative humidity", "unit": "%"}}, {"si7021_373a_01": {"reading_time": 1641037914.6151073, "sensor_value": 15.68, "description": "dry-bulb temperature", "unit": "degC"}, "si7021_373a_02": {"reading_time": 1641037914.6151073, "sensor_value": 51.75, "description": "relative humidity", "unit": "%"}}, {"si7021_373a_01": {"reading_time": 1641037944.6455536, "sensor_value": 15.69, "description": "dry-bulb temperature", "unit": "degC"}, "si7021_373a_02": {"reading_time": 1641037944.6455536, "sensor_value": 51.76, "description": "relative humidity", "unit": "%"}}, {"si7021_373a_01": {"reading_time": 1641037974.6759682, "sensor_value": 15.71, "description": "dry-bulb temperature", "unit": "degC"}, "si7021_373a_02": {"reading_time": 1641037974.6759682, "sensor_value": 51.73, "description": "relative humidity", "unit": "%"}}][{"si7021_373a_01": {"reading_time": 1641038004.727226, "sensor_value": 15.69, "description": "dry-bulb temperature", "unit": "degC"}, "si7021_373a_02": {"reading_time": 1641038004.727226, "sensor_value": 51.72, "description": "relative humidity", "unit": "%"}}, {"si7021_373a_01": {"reading_time": 1641038034.7853346, "sensor_value": 15.68, "description": "dry-bulb temperature", "unit": "degC"}, "si7021_373a_02": {"reading_time": 1641038034.7853346, "sensor_value": 51.73, "description": "relative humidity", "unit": "%"}}, {"si7021_373a_01": {"reading_time": 1641038064.8435009, "sensor_value": 15.68, "description": "dry-bulb temperature", "unit": "degC"}, "si7021_373a_02": {"reading_time": 1641038064.8435009, "sensor_value": 51.71, "description": "relative humidity", "unit": "%"}}, {"si7021_373a_01": {"reading_time": 1641038094.901769, "sensor_value": 15.7, "description": "dry-bulb temperature", "unit": "degC"}, "si7021_373a_02": {"reading_time": 1641038094.901769, "sensor_value": 51.73, "description": "relative humidity", "unit": "%"}}][{"si7021_373a_01": {"reading_time": 1641038124.956925, "sensor_value": 15.68, "description": "dry-bulb temperature", "unit": "degC"}, "si7021_373a_02": {"reading_time": 1641038124.956925, "sensor_value": 51.72, "description": "relative humidity", "unit": "%"}}, {"si7021_373a_01": {"reading_time": 1641038155.0153248, "sensor_value": 15.72, "description": "dry-bulb temperature", "unit": "degC"}, "si7021_373a_02": {"reading_time": 1641038155.0153248, "sensor_value": 51.71, "description": "relative humidity", "unit": "%"}}, {"si7021_373a_01": {"reading_time": 1641038185.0745602, "sensor_value": 15.68, "description": "dry-bulb temperature", "unit": "degC"}, "si7021_373a_02": {"reading_time": 1641038185.0745602, "sensor_value": 51.72, "description": "relative humidity", "unit": "%"}}, {"si7021_373a_01": {"reading_time": 1641038215.133563, "sensor_value": 15.69, "description": "dry-bulb temperature", "unit": "degC"}, "si7021_373a_02": {"reading_time": 1641038215.133563, "sensor_value": 51.7, "description": "relative humidity", "unit": "%"}}][{"si7021_373a_01": {"reading_time": 1641038245.1952174, "sensor_value": 15.7, "description": "dry-bulb temperature", "unit": "degC"}, "si7021_373a_02": {"reading_time": 1641038245.1952174, "sensor_value": 51.7, "description": "relative humidity", "unit": "%"}}, {"si7021_373a_01": {"reading_time": 1641038275.2543547, "sensor_value": 15.69, "description": "dry-bulb temperature", "unit": "degC"}, "si7021_373a_02": {"reading_time": 1641038275.2543547, "sensor_value": 51.71, "description": "relative humidity", "unit": "%"}}, {"si7021_373a_01": {"reading_time": 1641038305.3133485, "sensor_value": 15.69, "description": "dry-bulb temperature", "unit": "degC"}, "si7021_373a_02": {"reading_time": 1641038305.3133485, "sensor_value": 51.7, "description": "relative humidity", "unit": "%"}}, {"si7021_373a_01": {"reading_time": 1641038335.3720455, "sensor_value": 15.68, "description": "dry-bulb temperature", "unit": "degC"}, "si7021_373a_02": {"reading_time": 1641038335.3720455, "sensor_value": 51.69, "description": "relative humidity", "unit": "%"}}]