[{"si7021_373a_01": {"reading_time": 1641103158.6596973, "sensor_value": 15.51, "description": "dry-bulb temperature", "unit": "degC"}, "si7021_373a_02": {"reading_time": 1641103158.6596973, "sensor_value": 46.42, "description": "relative humidity", "unit": "%"}}, {"si7021_373a_01": {"reading_time": 1641103188.7151551, "sensor_value": 15.48, "description": "dry-bulb temperature", "unit": "degC"}, "si7021_373a_02": {"reading_time": 1641103188.7151551, "sensor_value": 46.4, "description": "relative humidity", "unit": "%"}}, {"si7021_373a_01": {"reading_time": 1641103218.764579, "sensor_value": 15.49, "description": "dry-bulb temperature", "unit": "degC"}, "si7021_373a_02": {"reading_time": 1641103218.764579, "sensor_value": 46.42, "description": "relative humidity", "unit": "%"}}, {"si7021_373a_01": {"reading_time": 1641103248.796882, "sensor_value": 15.51, "description": "dry-bulb temperature", "unit": "degC"}, "si7021_373a_02": {"reading_time": 1641103248.796882, "sensor_value": 46.42, "description": "relative humidity", "unit": "%"}}][{"si7021_373a_01": {"reading_time": 1641103278.8474264, "sensor_value": 15.51, "description": "dry-bulb temperature", "unit": "degC"}, "si7021_373a_02": {"reading_time": 1641103278.8474264, "sensor_value": 46.41, "description": "relative humidity", "unit": "%"}}, {"si7021_373a_01": {"reading_time": 1641103308.8898375, "sensor_value": 15.51, "description": "dry-bulb temperature", "unit": "degC"}, "si7021_373a_02": {"reading_time": 1641103308.8898375, "sensor_value": 46.42, "description": "relative humidity", "unit": "%"}}, {"si7021_373a_01": {"reading_time": 1641103338.9343708, "sensor_value": 15.52, "description": "dry-bulb temperature", "unit": "degC"}, "si7021_373a_02": {"reading_time": 1641103338.9343708, "sensor_value": 46.4, "description": "relative humidity", "unit": "%"}}, {"si7021_373a_01": {"reading_time": 1641103368.9845736, "sensor_value": 15.49, "description": "dry-bulb temperature", "unit": "degC"}, "si7021_373a_02": {"reading_time": 1641103368.9845736, "sensor_value": 46.42, "description": "relative humidity", "unit": "%"}}][{"si7021_373a_01": {"reading_time": 1641103399.030602, "sensor_value": 15.48, "description": "dry-bulb temperature", "unit": "degC"}, "si7021_373a_02": {"reading_time": 1641103399.030602, "sensor_value": 46.41, "description": "relative humidity", "unit": "%"}}, {"si7021_373a_01": {"reading_time": 1641103429.0722396, "sensor_value": 15.53, "description": "dry-bulb temperature", "unit": "degC"}, "si7021_373a_02": {"reading_time": 1641103429.0722396, "sensor_value": 46.4, "description": "relative humidity", "unit": "%"}}, {"si7021_373a_01": {"reading_time": 1641103459.1245794, "sensor_value": 15.49, "description": "dry-bulb temperature", "unit": "degC"}, "si7021_373a_02": {"reading_time": 1641103459.1245794, "sensor_value": 46.43, "description": "relative humidity", "unit": "%"}}, {"si7021_373a_01": {"reading_time": 1641103489.184563, "sensor_value": 15.52, "description": "dry-bulb temperature", "unit": "degC"}, "si7021_373a_02": {"reading_time": 1641103489.184563, "sensor_value": 46.4, "description": "relative humidity", "unit": "%"}}][{"si7021_373a_01": {"reading_time": 1641103519.2384367, "sensor_value": 15.51, "description": "dry-bulb temperature", "unit": "degC"}, "si7021_373a_02": {"reading_time": 1641103519.2384367, "sensor_value": 46.4, "description": "relative humidity", "unit": "%"}}, {"si7021_373a_01": {"reading_time": 1641103549.2945616, "sensor_value": 15.51, "description": "dry-bulb temperature", "unit": "degC"}, "si7021_373a_02": {"reading_time": 1641103549.2945616, "sensor_value": 46.4, "description": "relative humidity", "unit": "%"}}, {"si7021_373a_01": {"reading_time": 1641103579.3445663, "sensor_value": 15.46, "description": "dry-bulb temperature", "unit": "degC"}, "si7021_373a_02": {"reading_time": 1641103579.3445663, "sensor_value": 46.39, "description": "relative humidity", "unit": "%"}}, {"si7021_373a_01": {"reading_time": 1641103609.4036005, "sensor_value": 15.47, "description": "dry-bulb temperature", "unit": "degC"}, "si7021_373a_02": {"reading_time": 1641103609.4036005, "sensor_value": 46.41, "description": "relative humidity", "unit": "%"}}][{"si7021_373a_01": {"reading_time": 1641103639.4448085, "sensor_value": 15.51, "description": "dry-bulb temperature", "unit": "degC"}, "si7021_373a_02": {"reading_time": 1641103639.4448085, "sensor_value": 46.43, "description": "relative humidity", "unit": "%"}}, {"si7021_373a_01": {"reading_time": 1641103669.4945993, "sensor_value": 15.49, "description": "dry-bulb temperature", "unit": "degC"}, "si7021_373a_02": {"reading_time": 1641103669.4945993, "sensor_value": 46.42, "description": "relative humidity", "unit": "%"}}, {"si7021_373a_01": {"reading_time": 1641103699.5530417, "sensor_value": 15.48, "description": "dry-bulb temperature", "unit": "degC"}, "si7021_373a_02": {"reading_time": 1641103699.5530417, "sensor_value": 46.42, "description": "relative humidity", "unit": "%"}}, {"si7021_373a_01": {"reading_time": 1641103729.5885353, "sensor_value": 15.48, "description": "dry-bulb temperature", "unit": "degC"}, "si7021_373a_02": {"reading_time": 1641103729.5885353, "sensor_value": 46.42, "description": "relative humidity", "unit": "%"}}][{"si7021_373a_01": {"reading_time": 1641103759.6495457, "sensor_value": 15.46, "description": "dry-bulb temperature", "unit": "degC"}, "si7021_373a_02": {"reading_time": 1641103759.6495457, "sensor_value": 46.42, "description": "relative humidity", "unit": "%"}}, {"si7021_373a_01": {"reading_time": 1641103789.7081938, "sensor_value": 15.48, "description": "dry-bulb temperature", "unit": "degC"}, "si7021_373a_02": {"reading_time": 1641103789.7081938, "sensor_value": 46.45, "description": "relative humidity", "unit": "%"}}, {"si7021_373a_01": {"reading_time": 1641103819.7645874, "sensor_value": 15.49, "description": "dry-bulb temperature", "unit": "degC"}, "si7021_373a_02": {"reading_time": 1641103819.7645874, "sensor_value": 46.43, "description": "relative humidity", "unit": "%"}}, {"si7021_373a_01": {"reading_time": 1641103849.819776, "sensor_value": 15.49, "description": "dry-bulb temperature", "unit": "degC"}, "si7021_373a_02": {"reading_time": 1641103849.819776, "sensor_value": 46.44, "description": "relative humidity", "unit": "%"}}][{"si7021_373a_01": {"reading_time": 1641103879.869378, "sensor_value": 15.48, "description": "dry-bulb temperature", "unit": "degC"}, "si7021_373a_02": {"reading_time": 1641103879.869378, "sensor_value": 46.43, "description": "relative humidity", "unit": "%"}}, {"si7021_373a_01": {"reading_time": 1641103909.9187424, "sensor_value": 15.47, "description": "dry-bulb temperature", "unit": "degC"}, "si7021_373a_02": {"reading_time": 1641103909.9187424, "sensor_value": 46.42, "description": "relative humidity", "unit": "%"}}, {"si7021_373a_01": {"reading_time": 1641103939.977845, "sensor_value": 15.48, "description": "dry-bulb temperature", "unit": "degC"}, "si7021_373a_02": {"reading_time": 1641103939.977845, "sensor_value": 46.42, "description": "relative humidity", "unit": "%"}}, {"si7021_373a_01": {"reading_time": 1641103970.0371022, "sensor_value": 15.51, "description": "dry-bulb temperature", "unit": "degC"}, "si7021_373a_02": {"reading_time": 1641103970.0371022, "sensor_value": 46.41, "description": "relative humidity", "unit": "%"}}][{"si7021_373a_01": {"reading_time": 1641104000.098816, "sensor_value": 15.47, "description": "dry-bulb temperature", "unit": "degC"}, "si7021_373a_02": {"reading_time": 1641104000.098816, "sensor_value": 46.4, "description": "relative humidity", "unit": "%"}}, {"si7021_373a_01": {"reading_time": 1641104030.158187, "sensor_value": 15.47, "description": "dry-bulb temperature", "unit": "degC"}, "si7021_373a_02": {"reading_time": 1641104030.158187, "sensor_value": 46.39, "description": "relative humidity", "unit": "%"}}, {"si7021_373a_01": {"reading_time": 1641104060.2206752, "sensor_value": 15.47, "description": "dry-bulb temperature", "unit": "degC"}, "si7021_373a_02": {"reading_time": 1641104060.2206752, "sensor_value": 46.39, "description": "relative humidity", "unit": "%"}}, {"si7021_373a_01": {"reading_time": 1641104090.274579, "sensor_value": 15.48, "description": "dry-bulb temperature", "unit": "degC"}, "si7021_373a_02": {"reading_time": 1641104090.274579, "sensor_value": 46.4, "description": "relative humidity", "unit": "%"}}][{"si7021_373a_01": {"reading_time": 1641104120.3295932, "sensor_value": 15.47, "description": "dry-bulb temperature", "unit": "degC"}, "si7021_373a_02": {"reading_time": 1641104120.3295932, "sensor_value": 46.39, "description": "relative humidity", "unit": "%"}}, {"si7021_373a_01": {"reading_time": 1641104150.3895423, "sensor_value": 15.46, "description": "dry-bulb temperature", "unit": "degC"}, "si7021_373a_02": {"reading_time": 1641104150.3895423, "sensor_value": 46.42, "description": "relative humidity", "unit": "%"}}, {"si7021_373a_01": {"reading_time": 1641104180.4426796, "sensor_value": 15.46, "description": "dry-bulb temperature", "unit": "degC"}, "si7021_373a_02": {"reading_time": 1641104180.4426796, "sensor_value": 46.41, "description": "relative humidity", "unit": "%"}}, {"si7021_373a_01": {"reading_time": 1641104210.5016353, "sensor_value": 15.48, "description": "dry-bulb temperature", "unit": "degC"}, "si7021_373a_02": {"reading_time": 1641104210.5016353, "sensor_value": 46.4, "description": "relative humidity", "unit": "%"}}][{"si7021_373a_01": {"reading_time": 1641104240.562399, "sensor_value": 15.48, "description": "dry-bulb temperature", "unit": "degC"}, "si7021_373a_02": {"reading_time": 1641104240.562399, "sensor_value": 46.41, "description": "relative humidity", "unit": "%"}}, {"si7021_373a_01": {"reading_time": 1641104270.6198764, "sensor_value": 15.48, "description": "dry-bulb temperature", "unit": "degC"}, "si7021_373a_02": {"reading_time": 1641104270.6198764, "sensor_value": 46.41, "description": "relative humidity", "unit": "%"}}, {"si7021_373a_01": {"reading_time": 1641104300.6642978, "sensor_value": 15.47, "description": "dry-bulb temperature", "unit": "degC"}, "si7021_373a_02": {"reading_time": 1641104300.6642978, "sensor_value": 46.39, "description": "relative humidity", "unit": "%"}}, {"si7021_373a_01": {"reading_time": 1641104330.7160537, "sensor_value": 15.48, "description": "dry-bulb temperature", "unit": "degC"}, "si7021_373a_02": {"reading_time": 1641104330.7160537, "sensor_value": 46.4, "description": "relative humidity", "unit": "%"}}][{"si7021_373a_01": {"reading_time": 1641104360.7776349, "sensor_value": 15.45, "description": "dry-bulb temperature", "unit": "degC"}, "si7021_373a_02": {"reading_time": 1641104360.7776349, "sensor_value": 46.39, "description": "relative humidity", "unit": "%"}}, {"si7021_373a_01": {"reading_time": 1641104390.8372114, "sensor_value": 15.45, "description": "dry-bulb temperature", "unit": "degC"}, "si7021_373a_02": {"reading_time": 1641104390.8372114, "sensor_value": 46.39, "description": "relative humidity", "unit": "%"}}, {"si7021_373a_01": {"reading_time": 1641104420.8960903, "sensor_value": 15.46, "description": "dry-bulb temperature", "unit": "degC"}, "si7021_373a_02": {"reading_time": 1641104420.8960903, "sensor_value": 46.38, "description": "relative humidity", "unit": "%"}}, {"si7021_373a_01": {"reading_time": 1641104450.933222, "sensor_value": 15.46, "description": "dry-bulb temperature", "unit": "degC"}, "si7021_373a_02": {"reading_time": 1641104450.933222, "sensor_value": 46.4, "description": "relative humidity", "unit": "%"}}][{"si7021_373a_01": {"reading_time": 1641104480.9686012, "sensor_value": 15.45, "description": "dry-bulb temperature", "unit": "degC"}, "si7021_373a_02": {"reading_time": 1641104480.9686012, "sensor_value": 46.41, "description": "relative humidity", "unit": "%"}}, {"si7021_373a_01": {"reading_time": 1641104511.0281699, "sensor_value": 15.45, "description": "dry-bulb temperature", "unit": "degC"}, "si7021_373a_02": {"reading_time": 1641104511.0281699, "sensor_value": 46.4, "description": "relative humidity", "unit": "%"}}, {"si7021_373a_01": {"reading_time": 1641104541.0874946, "sensor_value": 15.45, "description": "dry-bulb temperature", "unit": "degC"}, "si7021_373a_02": {"reading_time": 1641104541.0874946, "sensor_value": 46.39, "description": "relative humidity", "unit": "%"}}, {"si7021_373a_01": {"reading_time": 1641104571.1221442, "sensor_value": 15.46, "description": "dry-bulb temperature", "unit": "degC"}, "si7021_373a_02": {"reading_time": 1641104571.1221442, "sensor_value": 46.39, "description": "relative humidity", "unit": "%"}}][{"si7021_373a_01": {"reading_time": 1641104601.1770883, "sensor_value": 15.45, "description": "dry-bulb temperature", "unit": "degC"}, "si7021_373a_02": {"reading_time": 1641104601.1770883, "sensor_value": 46.41, "description": "relative humidity", "unit": "%"}}, {"si7021_373a_01": {"reading_time": 1641104631.2365246, "sensor_value": 15.45, "description": "dry-bulb temperature", "unit": "degC"}, "si7021_373a_02": {"reading_time": 1641104631.2365246, "sensor_value": 46.43, "description": "relative humidity", "unit": "%"}}, {"si7021_373a_01": {"reading_time": 1641104661.2751136, "sensor_value": 15.45, "description": "dry-bulb temperature", "unit": "degC"}, "si7021_373a_02": {"reading_time": 1641104661.2751136, "sensor_value": 46.39, "description": "relative humidity", "unit": "%"}}, {"si7021_373a_01": {"reading_time": 1641104691.3053102, "sensor_value": 15.46, "description": "dry-bulb temperature", "unit": "degC"}, "si7021_373a_02": {"reading_time": 1641104691.3053102, "sensor_value": 46.4, "description": "relative humidity", "unit": "%"}}][{"si7021_373a_01": {"reading_time": 1641104721.3381243, "sensor_value": 15.46, "description": "dry-bulb temperature", "unit": "degC"}, "si7021_373a_02": {"reading_time": 1641104721.3381243, "sensor_value": 46.41, "description": "relative humidity", "unit": "%"}}, {"si7021_373a_01": {"reading_time": 1641104751.3973112, "sensor_value": 15.43, "description": "dry-bulb temperature", "unit": "degC"}, "si7021_373a_02": {"reading_time": 1641104751.3973112, "sensor_value": 46.39, "description": "relative humidity", "unit": "%"}}, {"si7021_373a_01": {"reading_time": 1641104781.456476, "sensor_value": 15.46, "description": "dry-bulb temperature", "unit": "degC"}, "si7021_373a_02": {"reading_time": 1641104781.456476, "sensor_value": 46.39, "description": "relative humidity", "unit": "%"}}, {"si7021_373a_01": {"reading_time": 1641104811.5161695, "sensor_value": 15.45, "description": "dry-bulb temperature", "unit": "degC"}, "si7021_373a_02": {"reading_time": 1641104811.5161695, "sensor_value": 46.39, "description": "relative humidity", "unit": "%"}}][{"si7021_373a_01": {"reading_time": 1641104841.577628, "sensor_value": 15.47, "description": "dry-bulb temperature", "unit": "degC"}, "si7021_373a_02": {"reading_time": 1641104841.577628, "sensor_value": 46.38, "description": "relative humidity", "unit": "%"}}, {"si7021_373a_01": {"reading_time": 1641104871.6373045, "sensor_value": 15.45, "description": "dry-bulb temperature", "unit": "degC"}, "si7021_373a_02": {"reading_time": 1641104871.6373045, "sensor_value": 46.37, "description": "relative humidity", "unit": "%"}}, {"si7021_373a_01": {"reading_time": 1641104901.6963067, "sensor_value": 15.46, "description": "dry-bulb temperature", "unit": "degC"}, "si7021_373a_02": {"reading_time": 1641104901.6963067, "sensor_value": 46.38, "description": "relative humidity", "unit": "%"}}, {"si7021_373a_01": {"reading_time": 1641104931.7545664, "sensor_value": 15.45, "description": "dry-bulb temperature", "unit": "degC"}, "si7021_373a_02": {"reading_time": 1641104931.7545664, "sensor_value": 46.39, "description": "relative humidity", "unit": "%"}}][{"si7021_373a_01": {"reading_time": 1641104961.8166323, "sensor_value": 15.46, "description": "dry-bulb temperature", "unit": "degC"}, "si7021_373a_02": {"reading_time": 1641104961.8166323, "sensor_value": 46.4, "description": "relative humidity", "unit": "%"}}, {"si7021_373a_01": {"reading_time": 1641104991.875876, "sensor_value": 15.46, "description": "dry-bulb temperature", "unit": "degC"}, "si7021_373a_02": {"reading_time": 1641104991.875876, "sensor_value": 46.37, "description": "relative humidity", "unit": "%"}}, {"si7021_373a_01": {"reading_time": 1641105021.9350517, "sensor_value": 15.47, "description": "dry-bulb temperature", "unit": "degC"}, "si7021_373a_02": {"reading_time": 1641105021.9350517, "sensor_value": 46.37, "description": "relative humidity", "unit": "%"}}, {"si7021_373a_01": {"reading_time": 1641105051.994246, "sensor_value": 15.46, "description": "dry-bulb temperature", "unit": "degC"}, "si7021_373a_02": {"reading_time": 1641105051.994246, "sensor_value": 46.37, "description": "relative humidity", "unit": "%"}}][{"si7021_373a_01": {"reading_time": 1641105082.0554826, "sensor_value": 15.45, "description": "dry-bulb temperature", "unit": "degC"}, "si7021_373a_02": {"reading_time": 1641105082.0554826, "sensor_value": 46.39, "description": "relative humidity", "unit": "%"}}, {"si7021_373a_01": {"reading_time": 1641105112.114214, "sensor_value": 15.47, "description": "dry-bulb temperature", "unit": "degC"}, "si7021_373a_02": {"reading_time": 1641105112.114214, "sensor_value": 46.37, "description": "relative humidity", "unit": "%"}}, {"si7021_373a_01": {"reading_time": 1641105142.177231, "sensor_value": 15.46, "description": "dry-bulb temperature", "unit": "degC"}, "si7021_373a_02": {"reading_time": 1641105142.177231, "sensor_value": 46.37, "description": "relative humidity", "unit": "%"}}, {"si7021_373a_01": {"reading_time": 1641105172.236507, "sensor_value": 15.47, "description": "dry-bulb temperature", "unit": "degC"}, "si7021_373a_02": {"reading_time": 1641105172.236507, "sensor_value": 46.37, "description": "relative humidity", "unit": "%"}}][{"si7021_373a_01": {"reading_time": 1641105202.2984817, "sensor_value": 15.47, "description": "dry-bulb temperature", "unit": "degC"}, "si7021_373a_02": {"reading_time": 1641105202.2984817, "sensor_value": 46.38, "description": "relative humidity", "unit": "%"}}, {"si7021_373a_01": {"reading_time": 1641105232.338579, "sensor_value": 15.47, "description": "dry-bulb temperature", "unit": "degC"}, "si7021_373a_02": {"reading_time": 1641105232.338579, "sensor_value": 46.36, "description": "relative humidity", "unit": "%"}}, {"si7021_373a_01": {"reading_time": 1641105262.384294, "sensor_value": 15.45, "description": "dry-bulb temperature", "unit": "degC"}, "si7021_373a_02": {"reading_time": 1641105262.384294, "sensor_value": 46.34, "description": "relative humidity", "unit": "%"}}, {"si7021_373a_01": {"reading_time": 1641105292.4437962, "sensor_value": 15.46, "description": "dry-bulb temperature", "unit": "degC"}, "si7021_373a_02": {"reading_time": 1641105292.4437962, "sensor_value": 46.36, "description": "relative humidity", "unit": "%"}}][{"si7021_373a_01": {"reading_time": 1641105322.4999146, "sensor_value": 15.45, "description": "dry-bulb temperature", "unit": "degC"}, "si7021_373a_02": {"reading_time": 1641105322.4999146, "sensor_value": 46.36, "description": "relative humidity", "unit": "%"}}, {"si7021_373a_01": {"reading_time": 1641105352.5588875, "sensor_value": 15.46, "description": "dry-bulb temperature", "unit": "degC"}, "si7021_373a_02": {"reading_time": 1641105352.5588875, "sensor_value": 46.35, "description": "relative humidity", "unit": "%"}}, {"si7021_373a_01": {"reading_time": 1641105382.61805, "sensor_value": 15.45, "description": "dry-bulb temperature", "unit": "degC"}, "si7021_373a_02": {"reading_time": 1641105382.61805, "sensor_value": 46.36, "description": "relative humidity", "unit": "%"}}, {"si7021_373a_01": {"reading_time": 1641105412.6779346, "sensor_value": 15.45, "description": "dry-bulb temperature", "unit": "degC"}, "si7021_373a_02": {"reading_time": 1641105412.6779346, "sensor_value": 46.37, "description": "relative humidity", "unit": "%"}}][{"si7021_373a_01": {"reading_time": 1641105442.7178426, "sensor_value": 15.46, "description": "dry-bulb temperature", "unit": "degC"}, "si7021_373a_02": {"reading_time": 1641105442.7178426, "sensor_value": 46.35, "description": "relative humidity", "unit": "%"}}, {"si7021_373a_01": {"reading_time": 1641105472.7766292, "sensor_value": 15.46, "description": "dry-bulb temperature", "unit": "degC"}, "si7021_373a_02": {"reading_time": 1641105472.7766292, "sensor_value": 46.34, "description": "relative humidity", "unit": "%"}}, {"si7021_373a_01": {"reading_time": 1641105502.832303, "sensor_value": 15.46, "description": "dry-bulb temperature", "unit": "degC"}, "si7021_373a_02": {"reading_time": 1641105502.832303, "sensor_value": 46.35, "description": "relative humidity", "unit": "%"}}, {"si7021_373a_01": {"reading_time": 1641105532.875424, "sensor_value": 15.45, "description": "dry-bulb temperature", "unit": "degC"}, "si7021_373a_02": {"reading_time": 1641105532.875424, "sensor_value": 46.36, "description": "relative humidity", "unit": "%"}}][{"si7021_373a_01": {"reading_time": 1641105562.9365575, "sensor_value": 15.46, "description": "dry-bulb temperature", "unit": "degC"}, "si7021_373a_02": {"reading_time": 1641105562.9365575, "sensor_value": 46.37, "description": "relative humidity", "unit": "%"}}, {"si7021_373a_01": {"reading_time": 1641105592.966238, "sensor_value": 15.46, "description": "dry-bulb temperature", "unit": "degC"}, "si7021_373a_02": {"reading_time": 1641105592.966238, "sensor_value": 46.36, "description": "relative humidity", "unit": "%"}}, {"si7021_373a_01": {"reading_time": 1641105623.0058155, "sensor_value": 15.46, "description": "dry-bulb temperature", "unit": "degC"}, "si7021_373a_02": {"reading_time": 1641105623.0058155, "sensor_value": 46.36, "description": "relative humidity", "unit": "%"}}, {"si7021_373a_01": {"reading_time": 1641105653.0358331, "sensor_value": 15.45, "description": "dry-bulb temperature", "unit": "degC"}, "si7021_373a_02": {"reading_time": 1641105653.0358331, "sensor_value": 46.34, "description": "relative humidity", "unit": "%"}}][{"si7021_373a_01": {"reading_time": 1641105683.1021945, "sensor_value": 15.45, "description": "dry-bulb temperature", "unit": "degC"}, "si7021_373a_02": {"reading_time": 1641105683.1021945, "sensor_value": 46.37, "description": "relative humidity", "unit": "%"}}, {"si7021_373a_01": {"reading_time": 1641105713.1615157, "sensor_value": 15.45, "description": "dry-bulb temperature", "unit": "degC"}, "si7021_373a_02": {"reading_time": 1641105713.1615157, "sensor_value": 46.36, "description": "relative humidity", "unit": "%"}}, {"si7021_373a_01": {"reading_time": 1641105743.2095718, "sensor_value": 15.45, "description": "dry-bulb temperature", "unit": "degC"}, "si7021_373a_02": {"reading_time": 1641105743.2095718, "sensor_value": 46.38, "description": "relative humidity", "unit": "%"}}, {"si7021_373a_01": {"reading_time": 1641105773.2683465, "sensor_value": 15.45, "description": "dry-bulb temperature", "unit": "degC"}, "si7021_373a_02": {"reading_time": 1641105773.2683465, "sensor_value": 46.37, "description": "relative humidity", "unit": "%"}}][{"si7021_373a_01": {"reading_time": 1641105803.330841, "sensor_value": 15.45, "description": "dry-bulb temperature", "unit": "degC"}, "si7021_373a_02": {"reading_time": 1641105803.330841, "sensor_value": 46.37, "description": "relative humidity", "unit": "%"}}, {"si7021_373a_01": {"reading_time": 1641105833.374573, "sensor_value": 15.44, "description": "dry-bulb temperature", "unit": "degC"}, "si7021_373a_02": {"reading_time": 1641105833.374573, "sensor_value": 46.38, "description": "relative humidity", "unit": "%"}}, {"si7021_373a_01": {"reading_time": 1641105863.4392655, "sensor_value": 15.43, "description": "dry-bulb temperature", "unit": "degC"}, "si7021_373a_02": {"reading_time": 1641105863.4392655, "sensor_value": 46.38, "description": "relative humidity", "unit": "%"}}, {"si7021_373a_01": {"reading_time": 1641105893.4991324, "sensor_value": 15.45, "description": "dry-bulb temperature", "unit": "degC"}, "si7021_373a_02": {"reading_time": 1641105893.4991324, "sensor_value": 46.39, "description": "relative humidity", "unit": "%"}}][{"si7021_373a_01": {"reading_time": 1641105923.5602345, "sensor_value": 15.44, "description": "dry-bulb temperature", "unit": "degC"}, "si7021_373a_02": {"reading_time": 1641105923.5602345, "sensor_value": 46.38, "description": "relative humidity", "unit": "%"}}, {"si7021_373a_01": {"reading_time": 1641105953.6188054, "sensor_value": 15.43, "description": "dry-bulb temperature", "unit": "degC"}, "si7021_373a_02": {"reading_time": 1641105953.6188054, "sensor_value": 46.39, "description": "relative humidity", "unit": "%"}}, {"si7021_373a_01": {"reading_time": 1641105983.6775143, "sensor_value": 15.43, "description": "dry-bulb temperature", "unit": "degC"}, "si7021_373a_02": {"reading_time": 1641105983.6775143, "sensor_value": 46.39, "description": "relative humidity", "unit": "%"}}, {"si7021_373a_01": {"reading_time": 1641106013.715464, "sensor_value": 15.44, "description": "dry-bulb temperature", "unit": "degC"}, "si7021_373a_02": {"reading_time": 1641106013.715464, "sensor_value": 46.41, "description": "relative humidity", "unit": "%"}}][{"si7021_373a_01": {"reading_time": 1641106043.751101, "sensor_value": 15.44, "description": "dry-bulb temperature", "unit": "degC"}, "si7021_373a_02": {"reading_time": 1641106043.751101, "sensor_value": 46.4, "description": "relative humidity", "unit": "%"}}, {"si7021_373a_01": {"reading_time": 1641106073.80937, "sensor_value": 15.43, "description": "dry-bulb temperature", "unit": "degC"}, "si7021_373a_02": {"reading_time": 1641106073.80937, "sensor_value": 46.42, "description": "relative humidity", "unit": "%"}}, {"si7021_373a_01": {"reading_time": 1641106103.867716, "sensor_value": 15.44, "description": "dry-bulb temperature", "unit": "degC"}, "si7021_373a_02": {"reading_time": 1641106103.867716, "sensor_value": 46.43, "description": "relative humidity", "unit": "%"}}, {"si7021_373a_01": {"reading_time": 1641106133.9266095, "sensor_value": 15.46, "description": "dry-bulb temperature", "unit": "degC"}, "si7021_373a_02": {"reading_time": 1641106133.9266095, "sensor_value": 46.41, "description": "relative humidity", "unit": "%"}}][{"si7021_373a_01": {"reading_time": 1641106163.987794, "sensor_value": 15.46, "description": "dry-bulb temperature", "unit": "degC"}, "si7021_373a_02": {"reading_time": 1641106163.987794, "sensor_value": 46.43, "description": "relative humidity", "unit": "%"}}, {"si7021_373a_01": {"reading_time": 1641106194.0473447, "sensor_value": 15.45, "description": "dry-bulb temperature", "unit": "degC"}, "si7021_373a_02": {"reading_time": 1641106194.0473447, "sensor_value": 46.4, "description": "relative humidity", "unit": "%"}}, {"si7021_373a_01": {"reading_time": 1641106224.1060991, "sensor_value": 15.45, "description": "dry-bulb temperature", "unit": "degC"}, "si7021_373a_02": {"reading_time": 1641106224.1060991, "sensor_value": 46.39, "description": "relative humidity", "unit": "%"}}, {"si7021_373a_01": {"reading_time": 1641106254.1525655, "sensor_value": 15.45, "description": "dry-bulb temperature", "unit": "degC"}, "si7021_373a_02": {"reading_time": 1641106254.1525655, "sensor_value": 46.4, "description": "relative humidity", "unit": "%"}}][{"si7021_373a_01": {"reading_time": 1641106284.2004554, "sensor_value": 15.47, "description": "dry-bulb temperature", "unit": "degC"}, "si7021_373a_02": {"reading_time": 1641106284.2004554, "sensor_value": 46.42, "description": "relative humidity", "unit": "%"}}, {"si7021_373a_01": {"reading_time": 1641106314.2438731, "sensor_value": 15.47, "description": "dry-bulb temperature", "unit": "degC"}, "si7021_373a_02": {"reading_time": 1641106314.2438731, "sensor_value": 46.39, "description": "relative humidity", "unit": "%"}}, {"si7021_373a_01": {"reading_time": 1641106344.3021107, "sensor_value": 15.46, "description": "dry-bulb temperature", "unit": "degC"}, "si7021_373a_02": {"reading_time": 1641106344.3021107, "sensor_value": 46.41, "description": "relative humidity", "unit": "%"}}, {"si7021_373a_01": {"reading_time": 1641106374.3604555, "sensor_value": 15.45, "description": "dry-bulb temperature", "unit": "degC"}, "si7021_373a_02": {"reading_time": 1641106374.3604555, "sensor_value": 46.39, "description": "relative humidity", "unit": "%"}}][{"si7021_373a_01": {"reading_time": 1641106404.4210951, "sensor_value": 15.45, "description": "dry-bulb temperature", "unit": "degC"}, "si7021_373a_02": {"reading_time": 1641106404.4210951, "sensor_value": 46.4, "description": "relative humidity", "unit": "%"}}, {"si7021_373a_01": {"reading_time": 1641106434.4795496, "sensor_value": 15.46, "description": "dry-bulb temperature", "unit": "degC"}, "si7021_373a_02": {"reading_time": 1641106434.4795496, "sensor_value": 46.42, "description": "relative humidity", "unit": "%"}}, {"si7021_373a_01": {"reading_time": 1641106464.534572, "sensor_value": 15.47, "description": "dry-bulb temperature", "unit": "degC"}, "si7021_373a_02": {"reading_time": 1641106464.534572, "sensor_value": 46.43, "description": "relative humidity", "unit": "%"}}, {"si7021_373a_01": {"reading_time": 1641106494.5978026, "sensor_value": 15.46, "description": "dry-bulb temperature", "unit": "degC"}, "si7021_373a_02": {"reading_time": 1641106494.5978026, "sensor_value": 46.42, "description": "relative humidity", "unit": "%"}}][{"si7021_373a_01": {"reading_time": 1641106524.659747, "sensor_value": 15.46, "description": "dry-bulb temperature", "unit": "degC"}, "si7021_373a_02": {"reading_time": 1641106524.659747, "sensor_value": 46.41, "description": "relative humidity", "unit": "%"}}, {"si7021_373a_01": {"reading_time": 1641106554.719352, "sensor_value": 15.46, "description": "dry-bulb temperature", "unit": "degC"}, "si7021_373a_02": {"reading_time": 1641106554.719352, "sensor_value": 46.45, "description": "relative humidity", "unit": "%"}}, {"si7021_373a_01": {"reading_time": 1641106584.7786458, "sensor_value": 15.45, "description": "dry-bulb temperature", "unit": "degC"}, "si7021_373a_02": {"reading_time": 1641106584.7786458, "sensor_value": 46.45, "description": "relative humidity", "unit": "%"}}, {"si7021_373a_01": {"reading_time": 1641106614.8267212, "sensor_value": 15.46, "description": "dry-bulb temperature", "unit": "degC"}, "si7021_373a_02": {"reading_time": 1641106614.8267212, "sensor_value": 46.45, "description": "relative humidity", "unit": "%"}}][{"si7021_373a_01": {"reading_time": 1641106644.8886418, "sensor_value": 15.43, "description": "dry-bulb temperature", "unit": "degC"}, "si7021_373a_02": {"reading_time": 1641106644.8886418, "sensor_value": 46.44, "description": "relative humidity", "unit": "%"}}, {"si7021_373a_01": {"reading_time": 1641106674.9481514, "sensor_value": 15.45, "description": "dry-bulb temperature", "unit": "degC"}, "si7021_373a_02": {"reading_time": 1641106674.9481514, "sensor_value": 46.47, "description": "relative humidity", "unit": "%"}}, {"si7021_373a_01": {"reading_time": 1641106705.0065866, "sensor_value": 15.45, "description": "dry-bulb temperature", "unit": "degC"}, "si7021_373a_02": {"reading_time": 1641106705.0065866, "sensor_value": 46.48, "description": "relative humidity", "unit": "%"}}, {"si7021_373a_01": {"reading_time": 1641106735.0652475, "sensor_value": 15.48, "description": "dry-bulb temperature", "unit": "degC"}, "si7021_373a_02": {"reading_time": 1641106735.0652475, "sensor_value": 46.49, "description": "relative humidity", "unit": "%"}}]