[{"si7021_373a_01": {"reading_time": 1641038365.433865, "sensor_value": 15.69, "description": "dry-bulb temperature", "unit": "degC"}, "si7021_373a_02": {"reading_time": 1641038365.433865, "sensor_value": 51.7, "description": "relative humidity", "unit": "%"}}, {"si7021_373a_01": {"reading_time": 1641038395.46674, "sensor_value": 15.68, "description": "dry-bulb temperature", "unit": "degC"}, "si7021_373a_02": {"reading_time": 1641038395.46674, "sensor_value": 51.7, "description": "relative humidity", "unit": "%"}}, {"si7021_373a_01": {"reading_time": 1641038425.5257595, "sensor_value": 15.68, "description": "dry-bulb temperature", "unit": "degC"}, "si7021_373a_02": {"reading_time": 1641038425.5257595, "sensor_value": 51.71, "description": "relative humidity", "unit": "%"}}, {"si7021_373a_01": {"reading_time": 1641038455.5757985, "sensor_value": 15.68, "description": "dry-bulb temperature", "unit": "degC"}, "si7021_373a_02": {"reading_time": 1641038455.5757985, "sensor_value": 51.7, "description": "relative humidity", "unit": "%"}}][{"si7021_373a_01": {"reading_time": 1641038485.6250439, "sensor_value": 15.69, "description": "dry-bulb temperature", "unit": "degC"}, "si7021_373a_02": {"reading_time": 1641038485.6250439, "sensor_value": 51.67, "description": "relative humidity", "unit": "%"}}, {"si7021_373a_01": {"reading_time": 1641038515.6774936, "sensor_value": 15.67, "description": "dry-bulb temperature", "unit": "degC"}, "si7021_373a_02": {"reading_time": 1641038515.6774936, "sensor_value": 51.69, "description": "relative humidity", "unit": "%"}}, {"si7021_373a_01": {"reading_time": 1641038545.7138903, "sensor_value": 15.67, "description": "dry-bulb temperature", "unit": "degC"}, "si7021_373a_02": {"reading_time": 1641038545.7138903, "sensor_value": 51.69, "description": "relative humidity", "unit": "%"}}, {"si7021_373a_01": {"reading_time": 1641038575.7724543, "sensor_value": 15.68, "description": "dry-bulb temperature", "unit": "degC"}, "si7021_373a_02": {"reading_time": 1641038575.7724543, "sensor_value": 51.7, "description": "relative humidity", "unit": "%"}}][{"si7021_373a_01": {"reading_time": 1641038605.8355625, "sensor_value": 15.67, "description": "dry-bulb temperature", "unit": "degC"}, "si7021_373a_02": {"reading_time": 1641038605.8355625, "sensor_value": 51.71, "description": "relative humidity", "unit": "%"}}, {"si7021_373a_01": {"reading_time": 1641038635.8946772, "sensor_value": 15.68, "description": "dry-bulb temperature", "unit": "degC"}, "si7021_373a_02": {"reading_time": 1641038635.8946772, "sensor_value": 51.7, "description": "relative humidity", "unit": "%"}}, {"si7021_373a_01": {"reading_time": 1641038665.953919, "sensor_value": 15.68, "description": "dry-bulb temperature", "unit": "degC"}, "si7021_373a_02": {"reading_time": 1641038665.953919, "sensor_value": 51.69, "description": "relative humidity", "unit": "%"}}, {"si7021_373a_01": {"reading_time": 1641038696.0129151, "sensor_value": 15.7, "description": "dry-bulb temperature", "unit": "degC"}, "si7021_373a_02": {"reading_time": 1641038696.0129151, "sensor_value": 51.7, "description": "relative humidity", "unit": "%"}}][{"si7021_373a_01": {"reading_time": 1641038726.0751219, "sensor_value": 15.71, "description": "dry-bulb temperature", "unit": "degC"}, "si7021_373a_02": {"reading_time": 1641038726.0751219, "sensor_value": 51.69, "description": "relative humidity", "unit": "%"}}, {"si7021_373a_01": {"reading_time": 1641038756.119987, "sensor_value": 15.68, "description": "dry-bulb temperature", "unit": "degC"}, "si7021_373a_02": {"reading_time": 1641038756.119987, "sensor_value": 51.7, "description": "relative humidity", "unit": "%"}}, {"si7021_373a_01": {"reading_time": 1641038786.1557848, "sensor_value": 15.69, "description": "dry-bulb temperature", "unit": "degC"}, "si7021_373a_02": {"reading_time": 1641038786.1557848, "sensor_value": 51.68, "description": "relative humidity", "unit": "%"}}, {"si7021_373a_01": {"reading_time": 1641038816.215009, "sensor_value": 15.68, "description": "dry-bulb temperature", "unit": "degC"}, "si7021_373a_02": {"reading_time": 1641038816.215009, "sensor_value": 51.67, "description": "relative humidity", "unit": "%"}}][{"si7021_373a_01": {"reading_time": 1641038846.277049, "sensor_value": 15.68, "description": "dry-bulb temperature", "unit": "degC"}, "si7021_373a_02": {"reading_time": 1641038846.277049, "sensor_value": 51.67, "description": "relative humidity", "unit": "%"}}, {"si7021_373a_01": {"reading_time": 1641038876.3352118, "sensor_value": 15.69, "description": "dry-bulb temperature", "unit": "degC"}, "si7021_373a_02": {"reading_time": 1641038876.3352118, "sensor_value": 51.66, "description": "relative humidity", "unit": "%"}}, {"si7021_373a_01": {"reading_time": 1641038906.3935242, "sensor_value": 15.69, "description": "dry-bulb temperature", "unit": "degC"}, "si7021_373a_02": {"reading_time": 1641038906.3935242, "sensor_value": 51.67, "description": "relative humidity", "unit": "%"}}, {"si7021_373a_01": {"reading_time": 1641038936.4521747, "sensor_value": 15.68, "description": "dry-bulb temperature", "unit": "degC"}, "si7021_373a_02": {"reading_time": 1641038936.4521747, "sensor_value": 51.64, "description": "relative humidity", "unit": "%"}}][{"si7021_373a_01": {"reading_time": 1641038966.4966912, "sensor_value": 15.68, "description": "dry-bulb temperature", "unit": "degC"}, "si7021_373a_02": {"reading_time": 1641038966.4966912, "sensor_value": 51.65, "description": "relative humidity", "unit": "%"}}, {"si7021_373a_01": {"reading_time": 1641038996.555593, "sensor_value": 15.68, "description": "dry-bulb temperature", "unit": "degC"}, "si7021_373a_02": {"reading_time": 1641038996.555593, "sensor_value": 51.65, "description": "relative humidity", "unit": "%"}}, {"si7021_373a_01": {"reading_time": 1641039026.614328, "sensor_value": 15.68, "description": "dry-bulb temperature", "unit": "degC"}, "si7021_373a_02": {"reading_time": 1641039026.614328, "sensor_value": 51.64, "description": "relative humidity", "unit": "%"}}, {"si7021_373a_01": {"reading_time": 1641039056.6734834, "sensor_value": 15.68, "description": "dry-bulb temperature", "unit": "degC"}, "si7021_373a_02": {"reading_time": 1641039056.6734834, "sensor_value": 51.66, "description": "relative humidity", "unit": "%"}}][{"si7021_373a_01": {"reading_time": 1641039086.7171872, "sensor_value": 15.68, "description": "dry-bulb temperature", "unit": "degC"}, "si7021_373a_02": {"reading_time": 1641039086.7171872, "sensor_value": 51.66, "description": "relative humidity", "unit": "%"}}, {"si7021_373a_01": {"reading_time": 1641039116.7762673, "sensor_value": 15.67, "description": "dry-bulb temperature", "unit": "degC"}, "si7021_373a_02": {"reading_time": 1641039116.7762673, "sensor_value": 51.64, "description": "relative humidity", "unit": "%"}}, {"si7021_373a_01": {"reading_time": 1641039146.8352592, "sensor_value": 15.7, "description": "dry-bulb temperature", "unit": "degC"}, "si7021_373a_02": {"reading_time": 1641039146.8352592, "sensor_value": 51.64, "description": "relative humidity", "unit": "%"}}, {"si7021_373a_01": {"reading_time": 1641039176.88456, "sensor_value": 15.69, "description": "dry-bulb temperature", "unit": "degC"}, "si7021_373a_02": {"reading_time": 1641039176.88456, "sensor_value": 51.62, "description": "relative humidity", "unit": "%"}}][{"si7021_373a_01": {"reading_time": 1641039206.9453115, "sensor_value": 15.67, "description": "dry-bulb temperature", "unit": "degC"}, "si7021_373a_02": {"reading_time": 1641039206.9453115, "sensor_value": 51.66, "description": "relative humidity", "unit": "%"}}, {"si7021_373a_01": {"reading_time": 1641039237.0051773, "sensor_value": 15.68, "description": "dry-bulb temperature", "unit": "degC"}, "si7021_373a_02": {"reading_time": 1641039237.0051773, "sensor_value": 51.64, "description": "relative humidity", "unit": "%"}}, {"si7021_373a_01": {"reading_time": 1641039267.0640564, "sensor_value": 15.66, "description": "dry-bulb temperature", "unit": "degC"}, "si7021_373a_02": {"reading_time": 1641039267.0640564, "sensor_value": 51.64, "description": "relative humidity", "unit": "%"}}, {"si7021_373a_01": {"reading_time": 1641039297.123197, "sensor_value": 15.69, "description": "dry-bulb temperature", "unit": "degC"}, "si7021_373a_02": {"reading_time": 1641039297.123197, "sensor_value": 51.61, "description": "relative humidity", "unit": "%"}}][{"si7021_373a_01": {"reading_time": 1641039327.1620698, "sensor_value": 15.7, "description": "dry-bulb temperature", "unit": "degC"}, "si7021_373a_02": {"reading_time": 1641039327.1620698, "sensor_value": 51.62, "description": "relative humidity", "unit": "%"}}, {"si7021_373a_01": {"reading_time": 1641039357.2145686, "sensor_value": 15.68, "description": "dry-bulb temperature", "unit": "degC"}, "si7021_373a_02": {"reading_time": 1641039357.2145686, "sensor_value": 51.61, "description": "relative humidity", "unit": "%"}}, {"si7021_373a_01": {"reading_time": 1641039387.2559702, "sensor_value": 15.7, "description": "dry-bulb temperature", "unit": "degC"}, "si7021_373a_02": {"reading_time": 1641039387.2559702, "sensor_value": 51.64, "description": "relative humidity", "unit": "%"}}, {"si7021_373a_01": {"reading_time": 1641039417.297497, "sensor_value": 15.67, "description": "dry-bulb temperature", "unit": "degC"}, "si7021_373a_02": {"reading_time": 1641039417.297497, "sensor_value": 51.62, "description": "relative humidity", "unit": "%"}}][{"si7021_373a_01": {"reading_time": 1641039447.3592043, "sensor_value": 15.68, "description": "dry-bulb temperature", "unit": "degC"}, "si7021_373a_02": {"reading_time": 1641039447.3592043, "sensor_value": 51.61, "description": "relative humidity", "unit": "%"}}, {"si7021_373a_01": {"reading_time": 1641039477.418123, "sensor_value": 15.68, "description": "dry-bulb temperature", "unit": "degC"}, "si7021_373a_02": {"reading_time": 1641039477.418123, "sensor_value": 51.61, "description": "relative humidity", "unit": "%"}}, {"si7021_373a_01": {"reading_time": 1641039507.4784846, "sensor_value": 15.67, "description": "dry-bulb temperature", "unit": "degC"}, "si7021_373a_02": {"reading_time": 1641039507.4784846, "sensor_value": 51.62, "description": "relative humidity", "unit": "%"}}, {"si7021_373a_01": {"reading_time": 1641039537.514569, "sensor_value": 15.68, "description": "dry-bulb temperature", "unit": "degC"}, "si7021_373a_02": {"reading_time": 1641039537.514569, "sensor_value": 51.64, "description": "relative humidity", "unit": "%"}}][{"si7021_373a_01": {"reading_time": 1641039567.576321, "sensor_value": 15.68, "description": "dry-bulb temperature", "unit": "degC"}, "si7021_373a_02": {"reading_time": 1641039567.576321, "sensor_value": 51.59, "description": "relative humidity", "unit": "%"}}, {"si7021_373a_01": {"reading_time": 1641039597.634564, "sensor_value": 15.67, "description": "dry-bulb temperature", "unit": "degC"}, "si7021_373a_02": {"reading_time": 1641039597.634564, "sensor_value": 51.61, "description": "relative humidity", "unit": "%"}}, {"si7021_373a_01": {"reading_time": 1641039627.694227, "sensor_value": 15.66, "description": "dry-bulb temperature", "unit": "degC"}, "si7021_373a_02": {"reading_time": 1641039627.694227, "sensor_value": 51.61, "description": "relative humidity", "unit": "%"}}, {"si7021_373a_01": {"reading_time": 1641039657.7525353, "sensor_value": 15.68, "description": "dry-bulb temperature", "unit": "degC"}, "si7021_373a_02": {"reading_time": 1641039657.7525353, "sensor_value": 51.61, "description": "relative humidity", "unit": "%"}}][{"si7021_373a_01": {"reading_time": 1641039687.8139055, "sensor_value": 15.69, "description": "dry-bulb temperature", "unit": "degC"}, "si7021_373a_02": {"reading_time": 1641039687.8139055, "sensor_value": 51.61, "description": "relative humidity", "unit": "%"}}, {"si7021_373a_01": {"reading_time": 1641039717.8445861, "sensor_value": 15.68, "description": "dry-bulb temperature", "unit": "degC"}, "si7021_373a_02": {"reading_time": 1641039717.8445861, "sensor_value": 51.58, "description": "relative humidity", "unit": "%"}}, {"si7021_373a_01": {"reading_time": 1641039747.902736, "sensor_value": 15.68, "description": "dry-bulb temperature", "unit": "degC"}, "si7021_373a_02": {"reading_time": 1641039747.902736, "sensor_value": 51.54, "description": "relative humidity", "unit": "%"}}, {"si7021_373a_01": {"reading_time": 1641039777.9624994, "sensor_value": 15.67, "description": "dry-bulb temperature", "unit": "degC"}, "si7021_373a_02": {"reading_time": 1641039777.9624994, "sensor_value": 51.54, "description": "relative humidity", "unit": "%"}}][{"si7021_373a_01": {"reading_time": 1641039808.0243356, "sensor_value": 15.7, "description": "dry-bulb temperature", "unit": "degC"}, "si7021_373a_02": {"reading_time": 1641039808.0243356, "sensor_value": 51.53, "description": "relative humidity", "unit": "%"}}, {"si7021_373a_01": {"reading_time": 1641039838.0834472, "sensor_value": 15.69, "description": "dry-bulb temperature", "unit": "degC"}, "si7021_373a_02": {"reading_time": 1641039838.0834472, "sensor_value": 51.51, "description": "relative humidity", "unit": "%"}}, {"si7021_373a_01": {"reading_time": 1641039868.1428382, "sensor_value": 15.68, "description": "dry-bulb temperature", "unit": "degC"}, "si7021_373a_02": {"reading_time": 1641039868.1428382, "sensor_value": 51.51, "description": "relative humidity", "unit": "%"}}, {"si7021_373a_01": {"reading_time": 1641039898.2015524, "sensor_value": 15.68, "description": "dry-bulb temperature", "unit": "degC"}, "si7021_373a_02": {"reading_time": 1641039898.2015524, "sensor_value": 51.48, "description": "relative humidity", "unit": "%"}}][{"si7021_373a_01": {"reading_time": 1641039928.263709, "sensor_value": 15.68, "description": "dry-bulb temperature", "unit": "degC"}, "si7021_373a_02": {"reading_time": 1641039928.263709, "sensor_value": 51.45, "description": "relative humidity", "unit": "%"}}, {"si7021_373a_01": {"reading_time": 1641039958.3235724, "sensor_value": 15.68, "description": "dry-bulb temperature", "unit": "degC"}, "si7021_373a_02": {"reading_time": 1641039958.3235724, "sensor_value": 51.47, "description": "relative humidity", "unit": "%"}}, {"si7021_373a_01": {"reading_time": 1641039988.3831403, "sensor_value": 15.69, "description": "dry-bulb temperature", "unit": "degC"}, "si7021_373a_02": {"reading_time": 1641039988.3831403, "sensor_value": 51.45, "description": "relative humidity", "unit": "%"}}, {"si7021_373a_01": {"reading_time": 1641040018.4419875, "sensor_value": 15.68, "description": "dry-bulb temperature", "unit": "degC"}, "si7021_373a_02": {"reading_time": 1641040018.4419875, "sensor_value": 51.42, "description": "relative humidity", "unit": "%"}}][{"si7021_373a_01": {"reading_time": 1641040048.486624, "sensor_value": 15.67, "description": "dry-bulb temperature", "unit": "degC"}, "si7021_373a_02": {"reading_time": 1641040048.486624, "sensor_value": 51.42, "description": "relative humidity", "unit": "%"}}, {"si7021_373a_01": {"reading_time": 1641040078.5345764, "sensor_value": 15.67, "description": "dry-bulb temperature", "unit": "degC"}, "si7021_373a_02": {"reading_time": 1641040078.5345764, "sensor_value": 51.39, "description": "relative humidity", "unit": "%"}}, {"si7021_373a_01": {"reading_time": 1641040108.5645838, "sensor_value": 15.65, "description": "dry-bulb temperature", "unit": "degC"}, "si7021_373a_02": {"reading_time": 1641040108.5645838, "sensor_value": 51.4, "description": "relative humidity", "unit": "%"}}, {"si7021_373a_01": {"reading_time": 1641040138.623775, "sensor_value": 15.67, "description": "dry-bulb temperature", "unit": "degC"}, "si7021_373a_02": {"reading_time": 1641040138.623775, "sensor_value": 51.38, "description": "relative humidity", "unit": "%"}}][{"si7021_373a_01": {"reading_time": 1641040168.6860285, "sensor_value": 15.68, "description": "dry-bulb temperature", "unit": "degC"}, "si7021_373a_02": {"reading_time": 1641040168.6860285, "sensor_value": 51.38, "description": "relative humidity", "unit": "%"}}, {"si7021_373a_01": {"reading_time": 1641040198.719494, "sensor_value": 15.67, "description": "dry-bulb temperature", "unit": "degC"}, "si7021_373a_02": {"reading_time": 1641040198.719494, "sensor_value": 51.38, "description": "relative humidity", "unit": "%"}}, {"si7021_373a_01": {"reading_time": 1641040228.7545803, "sensor_value": 15.66, "description": "dry-bulb temperature", "unit": "degC"}, "si7021_373a_02": {"reading_time": 1641040228.7545803, "sensor_value": 51.35, "description": "relative humidity", "unit": "%"}}, {"si7021_373a_01": {"reading_time": 1641040258.8046775, "sensor_value": 15.68, "description": "dry-bulb temperature", "unit": "degC"}, "si7021_373a_02": {"reading_time": 1641040258.8046775, "sensor_value": 51.34, "description": "relative humidity", "unit": "%"}}][{"si7021_373a_01": {"reading_time": 1641040288.8425333, "sensor_value": 15.66, "description": "dry-bulb temperature", "unit": "degC"}, "si7021_373a_02": {"reading_time": 1641040288.8425333, "sensor_value": 51.32, "description": "relative humidity", "unit": "%"}}, {"si7021_373a_01": {"reading_time": 1641040318.9018712, "sensor_value": 15.69, "description": "dry-bulb temperature", "unit": "degC"}, "si7021_373a_02": {"reading_time": 1641040318.9018712, "sensor_value": 51.32, "description": "relative humidity", "unit": "%"}}, {"si7021_373a_01": {"reading_time": 1641040348.9608912, "sensor_value": 15.66, "description": "dry-bulb temperature", "unit": "degC"}, "si7021_373a_02": {"reading_time": 1641040348.9608912, "sensor_value": 51.29, "description": "relative humidity", "unit": "%"}}, {"si7021_373a_01": {"reading_time": 1641040379.0201845, "sensor_value": 15.68, "description": "dry-bulb temperature", "unit": "degC"}, "si7021_373a_02": {"reading_time": 1641040379.0201845, "sensor_value": 51.3, "description": "relative humidity", "unit": "%"}}][{"si7021_373a_01": {"reading_time": 1641040409.0825064, "sensor_value": 15.68, "description": "dry-bulb temperature", "unit": "degC"}, "si7021_373a_02": {"reading_time": 1641040409.0825064, "sensor_value": 51.29, "description": "relative humidity", "unit": "%"}}, {"si7021_373a_01": {"reading_time": 1641040439.141474, "sensor_value": 15.67, "description": "dry-bulb temperature", "unit": "degC"}, "si7021_373a_02": {"reading_time": 1641040439.141474, "sensor_value": 51.25, "description": "relative humidity", "unit": "%"}}, {"si7021_373a_01": {"reading_time": 1641040469.1946712, "sensor_value": 15.68, "description": "dry-bulb temperature", "unit": "degC"}, "si7021_373a_02": {"reading_time": 1641040469.1946712, "sensor_value": 51.22, "description": "relative humidity", "unit": "%"}}, {"si7021_373a_01": {"reading_time": 1641040499.2543457, "sensor_value": 15.68, "description": "dry-bulb temperature", "unit": "degC"}, "si7021_373a_02": {"reading_time": 1641040499.2543457, "sensor_value": 51.22, "description": "relative humidity", "unit": "%"}}][{"si7021_373a_01": {"reading_time": 1641040529.317001, "sensor_value": 15.67, "description": "dry-bulb temperature", "unit": "degC"}, "si7021_373a_02": {"reading_time": 1641040529.317001, "sensor_value": 51.19, "description": "relative humidity", "unit": "%"}}, {"si7021_373a_01": {"reading_time": 1641040559.3768792, "sensor_value": 15.68, "description": "dry-bulb temperature", "unit": "degC"}, "si7021_373a_02": {"reading_time": 1641040559.3768792, "sensor_value": 51.19, "description": "relative humidity", "unit": "%"}}, {"si7021_373a_01": {"reading_time": 1641040589.4182756, "sensor_value": 15.68, "description": "dry-bulb temperature", "unit": "degC"}, "si7021_373a_02": {"reading_time": 1641040589.4182756, "sensor_value": 51.2, "description": "relative humidity", "unit": "%"}}, {"si7021_373a_01": {"reading_time": 1641040619.465493, "sensor_value": 15.67, "description": "dry-bulb temperature", "unit": "degC"}, "si7021_373a_02": {"reading_time": 1641040619.465493, "sensor_value": 51.2, "description": "relative humidity", "unit": "%"}}][{"si7021_373a_01": {"reading_time": 1641040649.5256832, "sensor_value": 15.7, "description": "dry-bulb temperature", "unit": "degC"}, "si7021_373a_02": {"reading_time": 1641040649.5256832, "sensor_value": 51.17, "description": "relative humidity", "unit": "%"}}, {"si7021_373a_01": {"reading_time": 1641040679.5862746, "sensor_value": 15.66, "description": "dry-bulb temperature", "unit": "degC"}, "si7021_373a_02": {"reading_time": 1641040679.5862746, "sensor_value": 51.16, "description": "relative humidity", "unit": "%"}}, {"si7021_373a_01": {"reading_time": 1641040709.645757, "sensor_value": 15.67, "description": "dry-bulb temperature", "unit": "degC"}, "si7021_373a_02": {"reading_time": 1641040709.645757, "sensor_value": 51.17, "description": "relative humidity", "unit": "%"}}, {"si7021_373a_01": {"reading_time": 1641040739.703949, "sensor_value": 15.68, "description": "dry-bulb temperature", "unit": "degC"}, "si7021_373a_02": {"reading_time": 1641040739.703949, "sensor_value": 51.17, "description": "relative humidity", "unit": "%"}}][{"si7021_373a_01": {"reading_time": 1641040769.7572527, "sensor_value": 15.65, "description": "dry-bulb temperature", "unit": "degC"}, "si7021_373a_02": {"reading_time": 1641040769.7572527, "sensor_value": 51.17, "description": "relative humidity", "unit": "%"}}, {"si7021_373a_01": {"reading_time": 1641040799.7905774, "sensor_value": 15.68, "description": "dry-bulb temperature", "unit": "degC"}, "si7021_373a_02": {"reading_time": 1641040799.7905774, "sensor_value": 51.16, "description": "relative humidity", "unit": "%"}}, {"si7021_373a_01": {"reading_time": 1641040829.8345785, "sensor_value": 15.66, "description": "dry-bulb temperature", "unit": "degC"}, "si7021_373a_02": {"reading_time": 1641040829.8345785, "sensor_value": 51.16, "description": "relative humidity", "unit": "%"}}, {"si7021_373a_01": {"reading_time": 1641040859.8936067, "sensor_value": 15.68, "description": "dry-bulb temperature", "unit": "degC"}, "si7021_373a_02": {"reading_time": 1641040859.8936067, "sensor_value": 51.14, "description": "relative humidity", "unit": "%"}}][{"si7021_373a_01": {"reading_time": 1641040889.955499, "sensor_value": 15.65, "description": "dry-bulb temperature", "unit": "degC"}, "si7021_373a_02": {"reading_time": 1641040889.955499, "sensor_value": 51.13, "description": "relative humidity", "unit": "%"}}, {"si7021_373a_01": {"reading_time": 1641040920.004571, "sensor_value": 15.68, "description": "dry-bulb temperature", "unit": "degC"}, "si7021_373a_02": {"reading_time": 1641040920.004571, "sensor_value": 51.1, "description": "relative humidity", "unit": "%"}}, {"si7021_373a_01": {"reading_time": 1641040950.067474, "sensor_value": 15.67, "description": "dry-bulb temperature", "unit": "degC"}, "si7021_373a_02": {"reading_time": 1641040950.067474, "sensor_value": 51.09, "description": "relative humidity", "unit": "%"}}, {"si7021_373a_01": {"reading_time": 1641040980.1324494, "sensor_value": 15.67, "description": "dry-bulb temperature", "unit": "degC"}, "si7021_373a_02": {"reading_time": 1641040980.1324494, "sensor_value": 51.09, "description": "relative humidity", "unit": "%"}}][{"si7021_373a_01": {"reading_time": 1641041010.1933177, "sensor_value": 15.68, "description": "dry-bulb temperature", "unit": "degC"}, "si7021_373a_02": {"reading_time": 1641041010.1933177, "sensor_value": 51.11, "description": "relative humidity", "unit": "%"}}, {"si7021_373a_01": {"reading_time": 1641041040.2522597, "sensor_value": 15.67, "description": "dry-bulb temperature", "unit": "degC"}, "si7021_373a_02": {"reading_time": 1641041040.2522597, "sensor_value": 51.09, "description": "relative humidity", "unit": "%"}}, {"si7021_373a_01": {"reading_time": 1641041070.3123047, "sensor_value": 15.65, "description": "dry-bulb temperature", "unit": "degC"}, "si7021_373a_02": {"reading_time": 1641041070.3123047, "sensor_value": 51.12, "description": "relative humidity", "unit": "%"}}, {"si7021_373a_01": {"reading_time": 1641041100.3706644, "sensor_value": 15.67, "description": "dry-bulb temperature", "unit": "degC"}, "si7021_373a_02": {"reading_time": 1641041100.3706644, "sensor_value": 51.1, "description": "relative humidity", "unit": "%"}}][{"si7021_373a_01": {"reading_time": 1641041130.4273012, "sensor_value": 15.67, "description": "dry-bulb temperature", "unit": "degC"}, "si7021_373a_02": {"reading_time": 1641041130.4273012, "sensor_value": 51.11, "description": "relative humidity", "unit": "%"}}, {"si7021_373a_01": {"reading_time": 1641041160.4861991, "sensor_value": 15.68, "description": "dry-bulb temperature", "unit": "degC"}, "si7021_373a_02": {"reading_time": 1641041160.4861991, "sensor_value": 51.09, "description": "relative humidity", "unit": "%"}}, {"si7021_373a_01": {"reading_time": 1641041190.5465374, "sensor_value": 15.67, "description": "dry-bulb temperature", "unit": "degC"}, "si7021_373a_02": {"reading_time": 1641041190.5465374, "sensor_value": 51.06, "description": "relative humidity", "unit": "%"}}, {"si7021_373a_01": {"reading_time": 1641041220.6053994, "sensor_value": 15.65, "description": "dry-bulb temperature", "unit": "degC"}, "si7021_373a_02": {"reading_time": 1641041220.6053994, "sensor_value": 51.06, "description": "relative humidity", "unit": "%"}}][{"si7021_373a_01": {"reading_time": 1641041250.6670585, "sensor_value": 15.67, "description": "dry-bulb temperature", "unit": "degC"}, "si7021_373a_02": {"reading_time": 1641041250.6670585, "sensor_value": 51.05, "description": "relative humidity", "unit": "%"}}, {"si7021_373a_01": {"reading_time": 1641041280.7264445, "sensor_value": 15.67, "description": "dry-bulb temperature", "unit": "degC"}, "si7021_373a_02": {"reading_time": 1641041280.7264445, "sensor_value": 51.06, "description": "relative humidity", "unit": "%"}}, {"si7021_373a_01": {"reading_time": 1641041310.774566, "sensor_value": 15.67, "description": "dry-bulb temperature", "unit": "degC"}, "si7021_373a_02": {"reading_time": 1641041310.774566, "sensor_value": 51.06, "description": "relative humidity", "unit": "%"}}, {"si7021_373a_01": {"reading_time": 1641041340.8245814, "sensor_value": 15.68, "description": "dry-bulb temperature", "unit": "degC"}, "si7021_373a_02": {"reading_time": 1641041340.8245814, "sensor_value": 51.07, "description": "relative humidity", "unit": "%"}}][{"si7021_373a_01": {"reading_time": 1641041370.8771522, "sensor_value": 15.66, "description": "dry-bulb temperature", "unit": "degC"}, "si7021_373a_02": {"reading_time": 1641041370.8771522, "sensor_value": 51.07, "description": "relative humidity", "unit": "%"}}, {"si7021_373a_01": {"reading_time": 1641041400.9369693, "sensor_value": 15.65, "description": "dry-bulb temperature", "unit": "degC"}, "si7021_373a_02": {"reading_time": 1641041400.9369693, "sensor_value": 51.03, "description": "relative humidity", "unit": "%"}}, {"si7021_373a_01": {"reading_time": 1641041430.9782934, "sensor_value": 15.65, "description": "dry-bulb temperature", "unit": "degC"}, "si7021_373a_02": {"reading_time": 1641041430.9782934, "sensor_value": 51.06, "description": "relative humidity", "unit": "%"}}, {"si7021_373a_01": {"reading_time": 1641041461.0372198, "sensor_value": 15.67, "description": "dry-bulb temperature", "unit": "degC"}, "si7021_373a_02": {"reading_time": 1641041461.0372198, "sensor_value": 51.04, "description": "relative humidity", "unit": "%"}}][{"si7021_373a_01": {"reading_time": 1641041491.1027834, "sensor_value": 15.66, "description": "dry-bulb temperature", "unit": "degC"}, "si7021_373a_02": {"reading_time": 1641041491.1027834, "sensor_value": 51.05, "description": "relative humidity", "unit": "%"}}, {"si7021_373a_01": {"reading_time": 1641041521.1608684, "sensor_value": 15.65, "description": "dry-bulb temperature", "unit": "degC"}, "si7021_373a_02": {"reading_time": 1641041521.1608684, "sensor_value": 51.04, "description": "relative humidity", "unit": "%"}}, {"si7021_373a_01": {"reading_time": 1641041551.2151408, "sensor_value": 15.66, "description": "dry-bulb temperature", "unit": "degC"}, "si7021_373a_02": {"reading_time": 1641041551.2151408, "sensor_value": 51.05, "description": "relative humidity", "unit": "%"}}, {"si7021_373a_01": {"reading_time": 1641041581.2796211, "sensor_value": 15.67, "description": "dry-bulb temperature", "unit": "degC"}, "si7021_373a_02": {"reading_time": 1641041581.2796211, "sensor_value": 51.07, "description": "relative humidity", "unit": "%"}}][{"si7021_373a_01": {"reading_time": 1641041611.3412683, "sensor_value": 15.68, "description": "dry-bulb temperature", "unit": "degC"}, "si7021_373a_02": {"reading_time": 1641041611.3412683, "sensor_value": 51.04, "description": "relative humidity", "unit": "%"}}, {"si7021_373a_01": {"reading_time": 1641041641.4010324, "sensor_value": 15.65, "description": "dry-bulb temperature", "unit": "degC"}, "si7021_373a_02": {"reading_time": 1641041641.4010324, "sensor_value": 51.06, "description": "relative humidity", "unit": "%"}}, {"si7021_373a_01": {"reading_time": 1641041671.4595447, "sensor_value": 15.68, "description": "dry-bulb temperature", "unit": "degC"}, "si7021_373a_02": {"reading_time": 1641041671.4595447, "sensor_value": 51.06, "description": "relative humidity", "unit": "%"}}, {"si7021_373a_01": {"reading_time": 1641041701.5165775, "sensor_value": 15.68, "description": "dry-bulb temperature", "unit": "degC"}, "si7021_373a_02": {"reading_time": 1641041701.5165775, "sensor_value": 51.04, "description": "relative humidity", "unit": "%"}}][{"si7021_373a_01": {"reading_time": 1641041731.551266, "sensor_value": 15.67, "description": "dry-bulb temperature", "unit": "degC"}, "si7021_373a_02": {"reading_time": 1641041731.551266, "sensor_value": 51.01, "description": "relative humidity", "unit": "%"}}, {"si7021_373a_01": {"reading_time": 1641041761.5832717, "sensor_value": 15.67, "description": "dry-bulb temperature", "unit": "degC"}, "si7021_373a_02": {"reading_time": 1641041761.5832717, "sensor_value": 51.02, "description": "relative humidity", "unit": "%"}}, {"si7021_373a_01": {"reading_time": 1641041791.614934, "sensor_value": 15.66, "description": "dry-bulb temperature", "unit": "degC"}, "si7021_373a_02": {"reading_time": 1641041791.614934, "sensor_value": 51.01, "description": "relative humidity", "unit": "%"}}, {"si7021_373a_01": {"reading_time": 1641041821.6456852, "sensor_value": 15.67, "description": "dry-bulb temperature", "unit": "degC"}, "si7021_373a_02": {"reading_time": 1641041821.6456852, "sensor_value": 50.99, "description": "relative humidity", "unit": "%"}}][{"si7021_373a_01": {"reading_time": 1641041851.6798942, "sensor_value": 15.67, "description": "dry-bulb temperature", "unit": "degC"}, "si7021_373a_02": {"reading_time": 1641041851.6798942, "sensor_value": 50.97, "description": "relative humidity", "unit": "%"}}, {"si7021_373a_01": {"reading_time": 1641041881.7389033, "sensor_value": 15.66, "description": "dry-bulb temperature", "unit": "degC"}, "si7021_373a_02": {"reading_time": 1641041881.7389033, "sensor_value": 50.97, "description": "relative humidity", "unit": "%"}}, {"si7021_373a_01": {"reading_time": 1641041911.7973537, "sensor_value": 15.68, "description": "dry-bulb temperature", "unit": "degC"}, "si7021_373a_02": {"reading_time": 1641041911.7973537, "sensor_value": 50.98, "description": "relative humidity", "unit": "%"}}, {"si7021_373a_01": {"reading_time": 1641041941.8566415, "sensor_value": 15.65, "description": "dry-bulb temperature", "unit": "degC"}, "si7021_373a_02": {"reading_time": 1641041941.8566415, "sensor_value": 50.99, "description": "relative humidity", "unit": "%"}}]