[{"si7021_373a_01": {"reading_time": 1641088733.4101346, "sensor_value": 15.78, "description": "dry-bulb temperature", "unit": "degC"}, "si7021_373a_02": {"reading_time": 1641088733.4101346, "sensor_value": 47.76, "description": "relative humidity", "unit": "%"}}, {"si7021_373a_01": {"reading_time": 1641088763.4689696, "sensor_value": 15.75, "description": "dry-bulb temperature", "unit": "degC"}, "si7021_373a_02": {"reading_time": 1641088763.4689696, "sensor_value": 47.75, "description": "relative humidity", "unit": "%"}}, {"si7021_373a_01": {"reading_time": 1641088793.5269015, "sensor_value": 15.74, "description": "dry-bulb temperature", "unit": "degC"}, "si7021_373a_02": {"reading_time": 1641088793.5269015, "sensor_value": 47.75, "description": "relative humidity", "unit": "%"}}, {"si7021_373a_01": {"reading_time": 1641088823.5586271, "sensor_value": 15.74, "description": "dry-bulb temperature", "unit": "degC"}, "si7021_373a_02": {"reading_time": 1641088823.5586271, "sensor_value": 47.75, "description": "relative humidity", "unit": "%"}}][{"si7021_373a_01": {"reading_time": 1641088853.5932462, "sensor_value": 15.74, "description": "dry-bulb temperature", "unit": "degC"}, "si7021_373a_02": {"reading_time": 1641088853.5932462, "sensor_value": 47.73, "description": "relative humidity", "unit": "%"}}, {"si7021_373a_01": {"reading_time": 1641088883.622033, "sensor_value": 15.77, "description": "dry-bulb temperature", "unit": "degC"}, "si7021_373a_02": {"reading_time": 1641088883.622033, "sensor_value": 47.74, "description": "relative humidity", "unit": "%"}}, {"si7021_373a_01": {"reading_time": 1641088913.6537938, "sensor_value": 15.74, "description": "dry-bulb temperature", "unit": "degC"}, "si7021_373a_02": {"reading_time": 1641088913.6537938, "sensor_value": 47.71, "description": "relative humidity", "unit": "%"}}, {"si7021_373a_01": {"reading_time": 1641088943.6992152, "sensor_value": 15.75, "description": "dry-bulb temperature", "unit": "degC"}, "si7021_373a_02": {"reading_time": 1641088943.6992152, "sensor_value": 47.72, "description": "relative humidity", "unit": "%"}}][{"si7021_373a_01": {"reading_time": 1641088973.7602909, "sensor_value": 15.76, "description": "dry-bulb temperature", "unit": "degC"}, "si7021_373a_02": {"reading_time": 1641088973.7602909, "sensor_value": 47.7, "description": "relative humidity", "unit": "%"}}, {"si7021_373a_01": {"reading_time": 1641089003.7977571, "sensor_value": 15.74, "description": "dry-bulb temperature", "unit": "degC"}, "si7021_373a_02": {"reading_time": 1641089003.7977571, "sensor_value": 47.69, "description": "relative humidity", "unit": "%"}}, {"si7021_373a_01": {"reading_time": 1641089033.8450556, "sensor_value": 15.75, "description": "dry-bulb temperature", "unit": "degC"}, "si7021_373a_02": {"reading_time": 1641089033.8450556, "sensor_value": 47.68, "description": "relative humidity", "unit": "%"}}, {"si7021_373a_01": {"reading_time": 1641089063.9056818, "sensor_value": 15.75, "description": "dry-bulb temperature", "unit": "degC"}, "si7021_373a_02": {"reading_time": 1641089063.9056818, "sensor_value": 47.64, "description": "relative humidity", "unit": "%"}}][{"si7021_373a_01": {"reading_time": 1641089093.9674194, "sensor_value": 15.73, "description": "dry-bulb temperature", "unit": "degC"}, "si7021_373a_02": {"reading_time": 1641089093.9674194, "sensor_value": 47.63, "description": "relative humidity", "unit": "%"}}, {"si7021_373a_01": {"reading_time": 1641089124.008224, "sensor_value": 15.73, "description": "dry-bulb temperature", "unit": "degC"}, "si7021_373a_02": {"reading_time": 1641089124.008224, "sensor_value": 47.63, "description": "relative humidity", "unit": "%"}}, {"si7021_373a_01": {"reading_time": 1641089154.0479772, "sensor_value": 15.71, "description": "dry-bulb temperature", "unit": "degC"}, "si7021_373a_02": {"reading_time": 1641089154.0479772, "sensor_value": 47.64, "description": "relative humidity", "unit": "%"}}, {"si7021_373a_01": {"reading_time": 1641089184.0916371, "sensor_value": 15.73, "description": "dry-bulb temperature", "unit": "degC"}, "si7021_373a_02": {"reading_time": 1641089184.0916371, "sensor_value": 47.63, "description": "relative humidity", "unit": "%"}}][{"si7021_373a_01": {"reading_time": 1641089214.1331835, "sensor_value": 15.72, "description": "dry-bulb temperature", "unit": "degC"}, "si7021_373a_02": {"reading_time": 1641089214.1331835, "sensor_value": 47.62, "description": "relative humidity", "unit": "%"}}, {"si7021_373a_01": {"reading_time": 1641089244.1666498, "sensor_value": 15.73, "description": "dry-bulb temperature", "unit": "degC"}, "si7021_373a_02": {"reading_time": 1641089244.1666498, "sensor_value": 47.61, "description": "relative humidity", "unit": "%"}}, {"si7021_373a_01": {"reading_time": 1641089274.2050107, "sensor_value": 15.73, "description": "dry-bulb temperature", "unit": "degC"}, "si7021_373a_02": {"reading_time": 1641089274.2050107, "sensor_value": 47.6, "description": "relative humidity", "unit": "%"}}, {"si7021_373a_01": {"reading_time": 1641089304.2640007, "sensor_value": 15.73, "description": "dry-bulb temperature", "unit": "degC"}, "si7021_373a_02": {"reading_time": 1641089304.2640007, "sensor_value": 47.62, "description": "relative humidity", "unit": "%"}}][{"si7021_373a_01": {"reading_time": 1641089334.3021324, "sensor_value": 15.72, "description": "dry-bulb temperature", "unit": "degC"}, "si7021_373a_02": {"reading_time": 1641089334.3021324, "sensor_value": 47.58, "description": "relative humidity", "unit": "%"}}, {"si7021_373a_01": {"reading_time": 1641089364.346075, "sensor_value": 15.73, "description": "dry-bulb temperature", "unit": "degC"}, "si7021_373a_02": {"reading_time": 1641089364.346075, "sensor_value": 47.55, "description": "relative humidity", "unit": "%"}}, {"si7021_373a_01": {"reading_time": 1641089394.4045696, "sensor_value": 15.73, "description": "dry-bulb temperature", "unit": "degC"}, "si7021_373a_02": {"reading_time": 1641089394.4045696, "sensor_value": 47.58, "description": "relative humidity", "unit": "%"}}, {"si7021_373a_01": {"reading_time": 1641089424.4637454, "sensor_value": 15.73, "description": "dry-bulb temperature", "unit": "degC"}, "si7021_373a_02": {"reading_time": 1641089424.4637454, "sensor_value": 47.56, "description": "relative humidity", "unit": "%"}}][{"si7021_373a_01": {"reading_time": 1641089454.5176134, "sensor_value": 15.73, "description": "dry-bulb temperature", "unit": "degC"}, "si7021_373a_02": {"reading_time": 1641089454.5176134, "sensor_value": 47.54, "description": "relative humidity", "unit": "%"}}, {"si7021_373a_01": {"reading_time": 1641089484.5614643, "sensor_value": 15.74, "description": "dry-bulb temperature", "unit": "degC"}, "si7021_373a_02": {"reading_time": 1641089484.5614643, "sensor_value": 47.55, "description": "relative humidity", "unit": "%"}}, {"si7021_373a_01": {"reading_time": 1641089514.620313, "sensor_value": 15.7, "description": "dry-bulb temperature", "unit": "degC"}, "si7021_373a_02": {"reading_time": 1641089514.620313, "sensor_value": 47.56, "description": "relative humidity", "unit": "%"}}, {"si7021_373a_01": {"reading_time": 1641089544.6792972, "sensor_value": 15.72, "description": "dry-bulb temperature", "unit": "degC"}, "si7021_373a_02": {"reading_time": 1641089544.6792972, "sensor_value": 47.55, "description": "relative humidity", "unit": "%"}}][{"si7021_373a_01": {"reading_time": 1641089574.7303073, "sensor_value": 15.73, "description": "dry-bulb temperature", "unit": "degC"}, "si7021_373a_02": {"reading_time": 1641089574.7303073, "sensor_value": 47.57, "description": "relative humidity", "unit": "%"}}, {"si7021_373a_01": {"reading_time": 1641089604.7611756, "sensor_value": 15.73, "description": "dry-bulb temperature", "unit": "degC"}, "si7021_373a_02": {"reading_time": 1641089604.7611756, "sensor_value": 47.55, "description": "relative humidity", "unit": "%"}}, {"si7021_373a_01": {"reading_time": 1641089634.8205357, "sensor_value": 15.74, "description": "dry-bulb temperature", "unit": "degC"}, "si7021_373a_02": {"reading_time": 1641089634.8205357, "sensor_value": 47.54, "description": "relative humidity", "unit": "%"}}, {"si7021_373a_01": {"reading_time": 1641089664.8674874, "sensor_value": 15.73, "description": "dry-bulb temperature", "unit": "degC"}, "si7021_373a_02": {"reading_time": 1641089664.8674874, "sensor_value": 47.51, "description": "relative humidity", "unit": "%"}}][{"si7021_373a_01": {"reading_time": 1641089694.917871, "sensor_value": 15.74, "description": "dry-bulb temperature", "unit": "degC"}, "si7021_373a_02": {"reading_time": 1641089694.917871, "sensor_value": 47.52, "description": "relative humidity", "unit": "%"}}, {"si7021_373a_01": {"reading_time": 1641089724.9751554, "sensor_value": 15.75, "description": "dry-bulb temperature", "unit": "degC"}, "si7021_373a_02": {"reading_time": 1641089724.9751554, "sensor_value": 47.51, "description": "relative humidity", "unit": "%"}}, {"si7021_373a_01": {"reading_time": 1641089755.0343375, "sensor_value": 15.74, "description": "dry-bulb temperature", "unit": "degC"}, "si7021_373a_02": {"reading_time": 1641089755.0343375, "sensor_value": 47.51, "description": "relative humidity", "unit": "%"}}, {"si7021_373a_01": {"reading_time": 1641089785.0926547, "sensor_value": 15.73, "description": "dry-bulb temperature", "unit": "degC"}, "si7021_373a_02": {"reading_time": 1641089785.0926547, "sensor_value": 47.49, "description": "relative humidity", "unit": "%"}}][{"si7021_373a_01": {"reading_time": 1641089815.1536825, "sensor_value": 15.74, "description": "dry-bulb temperature", "unit": "degC"}, "si7021_373a_02": {"reading_time": 1641089815.1536825, "sensor_value": 47.48, "description": "relative humidity", "unit": "%"}}, {"si7021_373a_01": {"reading_time": 1641089845.212808, "sensor_value": 15.74, "description": "dry-bulb temperature", "unit": "degC"}, "si7021_373a_02": {"reading_time": 1641089845.212808, "sensor_value": 47.49, "description": "relative humidity", "unit": "%"}}, {"si7021_373a_01": {"reading_time": 1641089875.2714903, "sensor_value": 15.73, "description": "dry-bulb temperature", "unit": "degC"}, "si7021_373a_02": {"reading_time": 1641089875.2714903, "sensor_value": 47.49, "description": "relative humidity", "unit": "%"}}, {"si7021_373a_01": {"reading_time": 1641089905.3245738, "sensor_value": 15.73, "description": "dry-bulb temperature", "unit": "degC"}, "si7021_373a_02": {"reading_time": 1641089905.3245738, "sensor_value": 47.45, "description": "relative humidity", "unit": "%"}}][{"si7021_373a_01": {"reading_time": 1641089935.3583264, "sensor_value": 15.72, "description": "dry-bulb temperature", "unit": "degC"}, "si7021_373a_02": {"reading_time": 1641089935.3583264, "sensor_value": 47.45, "description": "relative humidity", "unit": "%"}}, {"si7021_373a_01": {"reading_time": 1641089965.4145756, "sensor_value": 15.73, "description": "dry-bulb temperature", "unit": "degC"}, "si7021_373a_02": {"reading_time": 1641089965.4145756, "sensor_value": 47.46, "description": "relative humidity", "unit": "%"}}, {"si7021_373a_01": {"reading_time": 1641089995.4645717, "sensor_value": 15.71, "description": "dry-bulb temperature", "unit": "degC"}, "si7021_373a_02": {"reading_time": 1641089995.4645717, "sensor_value": 47.48, "description": "relative humidity", "unit": "%"}}, {"si7021_373a_01": {"reading_time": 1641090025.5229423, "sensor_value": 15.73, "description": "dry-bulb temperature", "unit": "degC"}, "si7021_373a_02": {"reading_time": 1641090025.5229423, "sensor_value": 47.44, "description": "relative humidity", "unit": "%"}}][{"si7021_373a_01": {"reading_time": 1641090055.583831, "sensor_value": 15.72, "description": "dry-bulb temperature", "unit": "degC"}, "si7021_373a_02": {"reading_time": 1641090055.583831, "sensor_value": 47.43, "description": "relative humidity", "unit": "%"}}, {"si7021_373a_01": {"reading_time": 1641090085.6407259, "sensor_value": 15.69, "description": "dry-bulb temperature", "unit": "degC"}, "si7021_373a_02": {"reading_time": 1641090085.6407259, "sensor_value": 47.43, "description": "relative humidity", "unit": "%"}}, {"si7021_373a_01": {"reading_time": 1641090115.6734126, "sensor_value": 15.72, "description": "dry-bulb temperature", "unit": "degC"}, "si7021_373a_02": {"reading_time": 1641090115.6734126, "sensor_value": 47.42, "description": "relative humidity", "unit": "%"}}, {"si7021_373a_01": {"reading_time": 1641090145.7045743, "sensor_value": 15.72, "description": "dry-bulb temperature", "unit": "degC"}, "si7021_373a_02": {"reading_time": 1641090145.7045743, "sensor_value": 47.42, "description": "relative humidity", "unit": "%"}}][{"si7021_373a_01": {"reading_time": 1641090175.7658803, "sensor_value": 15.72, "description": "dry-bulb temperature", "unit": "degC"}, "si7021_373a_02": {"reading_time": 1641090175.7658803, "sensor_value": 47.42, "description": "relative humidity", "unit": "%"}}, {"si7021_373a_01": {"reading_time": 1641090205.8252287, "sensor_value": 15.72, "description": "dry-bulb temperature", "unit": "degC"}, "si7021_373a_02": {"reading_time": 1641090205.8252287, "sensor_value": 47.42, "description": "relative humidity", "unit": "%"}}, {"si7021_373a_01": {"reading_time": 1641090235.8843815, "sensor_value": 15.73, "description": "dry-bulb temperature", "unit": "degC"}, "si7021_373a_02": {"reading_time": 1641090235.8843815, "sensor_value": 47.42, "description": "relative humidity", "unit": "%"}}, {"si7021_373a_01": {"reading_time": 1641090265.9137487, "sensor_value": 15.71, "description": "dry-bulb temperature", "unit": "degC"}, "si7021_373a_02": {"reading_time": 1641090265.9137487, "sensor_value": 47.42, "description": "relative humidity", "unit": "%"}}][{"si7021_373a_01": {"reading_time": 1641090295.9765973, "sensor_value": 15.71, "description": "dry-bulb temperature", "unit": "degC"}, "si7021_373a_02": {"reading_time": 1641090295.9765973, "sensor_value": 47.42, "description": "relative humidity", "unit": "%"}}, {"si7021_373a_01": {"reading_time": 1641090326.014581, "sensor_value": 15.7, "description": "dry-bulb temperature", "unit": "degC"}, "si7021_373a_02": {"reading_time": 1641090326.014581, "sensor_value": 47.41, "description": "relative humidity", "unit": "%"}}, {"si7021_373a_01": {"reading_time": 1641090356.0734677, "sensor_value": 15.71, "description": "dry-bulb temperature", "unit": "degC"}, "si7021_373a_02": {"reading_time": 1641090356.0734677, "sensor_value": 47.44, "description": "relative humidity", "unit": "%"}}, {"si7021_373a_01": {"reading_time": 1641090386.1323915, "sensor_value": 15.71, "description": "dry-bulb temperature", "unit": "degC"}, "si7021_373a_02": {"reading_time": 1641090386.1323915, "sensor_value": 47.42, "description": "relative humidity", "unit": "%"}}][{"si7021_373a_01": {"reading_time": 1641090416.1940389, "sensor_value": 15.74, "description": "dry-bulb temperature", "unit": "degC"}, "si7021_373a_02": {"reading_time": 1641090416.1940389, "sensor_value": 47.42, "description": "relative humidity", "unit": "%"}}, {"si7021_373a_01": {"reading_time": 1641090446.2531009, "sensor_value": 15.72, "description": "dry-bulb temperature", "unit": "degC"}, "si7021_373a_02": {"reading_time": 1641090446.2531009, "sensor_value": 47.4, "description": "relative humidity", "unit": "%"}}, {"si7021_373a_01": {"reading_time": 1641090476.3025355, "sensor_value": 15.72, "description": "dry-bulb temperature", "unit": "degC"}, "si7021_373a_02": {"reading_time": 1641090476.3025355, "sensor_value": 47.39, "description": "relative humidity", "unit": "%"}}, {"si7021_373a_01": {"reading_time": 1641090506.3545914, "sensor_value": 15.72, "description": "dry-bulb temperature", "unit": "degC"}, "si7021_373a_02": {"reading_time": 1641090506.3545914, "sensor_value": 47.39, "description": "relative humidity", "unit": "%"}}][{"si7021_373a_01": {"reading_time": 1641090536.4158795, "sensor_value": 15.71, "description": "dry-bulb temperature", "unit": "degC"}, "si7021_373a_02": {"reading_time": 1641090536.4158795, "sensor_value": 47.36, "description": "relative humidity", "unit": "%"}}, {"si7021_373a_01": {"reading_time": 1641090566.4751415, "sensor_value": 15.72, "description": "dry-bulb temperature", "unit": "degC"}, "si7021_373a_02": {"reading_time": 1641090566.4751415, "sensor_value": 47.36, "description": "relative humidity", "unit": "%"}}, {"si7021_373a_01": {"reading_time": 1641090596.5340323, "sensor_value": 15.7, "description": "dry-bulb temperature", "unit": "degC"}, "si7021_373a_02": {"reading_time": 1641090596.5340323, "sensor_value": 47.37, "description": "relative humidity", "unit": "%"}}, {"si7021_373a_01": {"reading_time": 1641090626.5930393, "sensor_value": 15.71, "description": "dry-bulb temperature", "unit": "degC"}, "si7021_373a_02": {"reading_time": 1641090626.5930393, "sensor_value": 47.41, "description": "relative humidity", "unit": "%"}}][{"si7021_373a_01": {"reading_time": 1641090656.6548123, "sensor_value": 15.73, "description": "dry-bulb temperature", "unit": "degC"}, "si7021_373a_02": {"reading_time": 1641090656.6548123, "sensor_value": 47.39, "description": "relative humidity", "unit": "%"}}, {"si7021_373a_01": {"reading_time": 1641090686.7145696, "sensor_value": 15.71, "description": "dry-bulb temperature", "unit": "degC"}, "si7021_373a_02": {"reading_time": 1641090686.7145696, "sensor_value": 47.36, "description": "relative humidity", "unit": "%"}}, {"si7021_373a_01": {"reading_time": 1641090716.7645442, "sensor_value": 15.71, "description": "dry-bulb temperature", "unit": "degC"}, "si7021_373a_02": {"reading_time": 1641090716.7645442, "sensor_value": 47.36, "description": "relative humidity", "unit": "%"}}, {"si7021_373a_01": {"reading_time": 1641090746.8145611, "sensor_value": 15.72, "description": "dry-bulb temperature", "unit": "degC"}, "si7021_373a_02": {"reading_time": 1641090746.8145611, "sensor_value": 47.35, "description": "relative humidity", "unit": "%"}}][{"si7021_373a_01": {"reading_time": 1641090776.8575325, "sensor_value": 15.73, "description": "dry-bulb temperature", "unit": "degC"}, "si7021_373a_02": {"reading_time": 1641090776.8575325, "sensor_value": 47.33, "description": "relative humidity", "unit": "%"}}, {"si7021_373a_01": {"reading_time": 1641090806.9001305, "sensor_value": 15.72, "description": "dry-bulb temperature", "unit": "degC"}, "si7021_373a_02": {"reading_time": 1641090806.9001305, "sensor_value": 47.3, "description": "relative humidity", "unit": "%"}}, {"si7021_373a_01": {"reading_time": 1641090836.9545825, "sensor_value": 15.72, "description": "dry-bulb temperature", "unit": "degC"}, "si7021_373a_02": {"reading_time": 1641090836.9545825, "sensor_value": 47.28, "description": "relative humidity", "unit": "%"}}, {"si7021_373a_01": {"reading_time": 1641090866.993095, "sensor_value": 15.69, "description": "dry-bulb temperature", "unit": "degC"}, "si7021_373a_02": {"reading_time": 1641090866.993095, "sensor_value": 47.28, "description": "relative humidity", "unit": "%"}}][{"si7021_373a_01": {"reading_time": 1641090897.0419686, "sensor_value": 15.72, "description": "dry-bulb temperature", "unit": "degC"}, "si7021_373a_02": {"reading_time": 1641090897.0419686, "sensor_value": 47.3, "description": "relative humidity", "unit": "%"}}, {"si7021_373a_01": {"reading_time": 1641090927.0853393, "sensor_value": 15.72, "description": "dry-bulb temperature", "unit": "degC"}, "si7021_373a_02": {"reading_time": 1641090927.0853393, "sensor_value": 47.3, "description": "relative humidity", "unit": "%"}}, {"si7021_373a_01": {"reading_time": 1641090957.1345732, "sensor_value": 15.72, "description": "dry-bulb temperature", "unit": "degC"}, "si7021_373a_02": {"reading_time": 1641090957.1345732, "sensor_value": 47.3, "description": "relative humidity", "unit": "%"}}, {"si7021_373a_01": {"reading_time": 1641090987.178336, "sensor_value": 15.72, "description": "dry-bulb temperature", "unit": "degC"}, "si7021_373a_02": {"reading_time": 1641090987.178336, "sensor_value": 47.27, "description": "relative humidity", "unit": "%"}}][{"si7021_373a_01": {"reading_time": 1641091017.2267184, "sensor_value": 15.7, "description": "dry-bulb temperature", "unit": "degC"}, "si7021_373a_02": {"reading_time": 1641091017.2267184, "sensor_value": 47.26, "description": "relative humidity", "unit": "%"}}, {"si7021_373a_01": {"reading_time": 1641091047.272601, "sensor_value": 15.73, "description": "dry-bulb temperature", "unit": "degC"}, "si7021_373a_02": {"reading_time": 1641091047.272601, "sensor_value": 47.26, "description": "relative humidity", "unit": "%"}}, {"si7021_373a_01": {"reading_time": 1641091077.319613, "sensor_value": 15.72, "description": "dry-bulb temperature", "unit": "degC"}, "si7021_373a_02": {"reading_time": 1641091077.319613, "sensor_value": 47.26, "description": "relative humidity", "unit": "%"}}, {"si7021_373a_01": {"reading_time": 1641091107.3659673, "sensor_value": 15.71, "description": "dry-bulb temperature", "unit": "degC"}, "si7021_373a_02": {"reading_time": 1641091107.3659673, "sensor_value": 47.23, "description": "relative humidity", "unit": "%"}}][{"si7021_373a_01": {"reading_time": 1641091137.4139268, "sensor_value": 15.71, "description": "dry-bulb temperature", "unit": "degC"}, "si7021_373a_02": {"reading_time": 1641091137.4139268, "sensor_value": 47.2, "description": "relative humidity", "unit": "%"}}, {"si7021_373a_01": {"reading_time": 1641091167.4723806, "sensor_value": 15.7, "description": "dry-bulb temperature", "unit": "degC"}, "si7021_373a_02": {"reading_time": 1641091167.4723806, "sensor_value": 47.2, "description": "relative humidity", "unit": "%"}}, {"si7021_373a_01": {"reading_time": 1641091197.526644, "sensor_value": 15.68, "description": "dry-bulb temperature", "unit": "degC"}, "si7021_373a_02": {"reading_time": 1641091197.526644, "sensor_value": 47.2, "description": "relative humidity", "unit": "%"}}, {"si7021_373a_01": {"reading_time": 1641091227.5845652, "sensor_value": 15.69, "description": "dry-bulb temperature", "unit": "degC"}, "si7021_373a_02": {"reading_time": 1641091227.5845652, "sensor_value": 47.2, "description": "relative humidity", "unit": "%"}}][{"si7021_373a_01": {"reading_time": 1641091257.6371849, "sensor_value": 15.7, "description": "dry-bulb temperature", "unit": "degC"}, "si7021_373a_02": {"reading_time": 1641091257.6371849, "sensor_value": 47.17, "description": "relative humidity", "unit": "%"}}, {"si7021_373a_01": {"reading_time": 1641091287.684383, "sensor_value": 15.69, "description": "dry-bulb temperature", "unit": "degC"}, "si7021_373a_02": {"reading_time": 1641091287.684383, "sensor_value": 47.21, "description": "relative humidity", "unit": "%"}}, {"si7021_373a_01": {"reading_time": 1641091317.7277007, "sensor_value": 15.7, "description": "dry-bulb temperature", "unit": "degC"}, "si7021_373a_02": {"reading_time": 1641091317.7277007, "sensor_value": 47.21, "description": "relative humidity", "unit": "%"}}, {"si7021_373a_01": {"reading_time": 1641091347.7845604, "sensor_value": 15.7, "description": "dry-bulb temperature", "unit": "degC"}, "si7021_373a_02": {"reading_time": 1641091347.7845604, "sensor_value": 47.21, "description": "relative humidity", "unit": "%"}}][{"si7021_373a_01": {"reading_time": 1641091377.846263, "sensor_value": 15.72, "description": "dry-bulb temperature", "unit": "degC"}, "si7021_373a_02": {"reading_time": 1641091377.846263, "sensor_value": 47.2, "description": "relative humidity", "unit": "%"}}, {"si7021_373a_01": {"reading_time": 1641091407.8825057, "sensor_value": 15.71, "description": "dry-bulb temperature", "unit": "degC"}, "si7021_373a_02": {"reading_time": 1641091407.8825057, "sensor_value": 47.22, "description": "relative humidity", "unit": "%"}}, {"si7021_373a_01": {"reading_time": 1641091437.9333425, "sensor_value": 15.69, "description": "dry-bulb temperature", "unit": "degC"}, "si7021_373a_02": {"reading_time": 1641091437.9333425, "sensor_value": 47.18, "description": "relative humidity", "unit": "%"}}, {"si7021_373a_01": {"reading_time": 1641091467.9924471, "sensor_value": 15.68, "description": "dry-bulb temperature", "unit": "degC"}, "si7021_373a_02": {"reading_time": 1641091467.9924471, "sensor_value": 47.2, "description": "relative humidity", "unit": "%"}}][{"si7021_373a_01": {"reading_time": 1641091498.0528753, "sensor_value": 15.7, "description": "dry-bulb temperature", "unit": "degC"}, "si7021_373a_02": {"reading_time": 1641091498.0528753, "sensor_value": 47.19, "description": "relative humidity", "unit": "%"}}, {"si7021_373a_01": {"reading_time": 1641091528.0858076, "sensor_value": 15.72, "description": "dry-bulb temperature", "unit": "degC"}, "si7021_373a_02": {"reading_time": 1641091528.0858076, "sensor_value": 47.19, "description": "relative humidity", "unit": "%"}}, {"si7021_373a_01": {"reading_time": 1641091558.1193478, "sensor_value": 15.69, "description": "dry-bulb temperature", "unit": "degC"}, "si7021_373a_02": {"reading_time": 1641091558.1193478, "sensor_value": 47.18, "description": "relative humidity", "unit": "%"}}, {"si7021_373a_01": {"reading_time": 1641091588.1784434, "sensor_value": 15.69, "description": "dry-bulb temperature", "unit": "degC"}, "si7021_373a_02": {"reading_time": 1641091588.1784434, "sensor_value": 47.17, "description": "relative humidity", "unit": "%"}}][{"si7021_373a_01": {"reading_time": 1641091618.2268608, "sensor_value": 15.7, "description": "dry-bulb temperature", "unit": "degC"}, "si7021_373a_02": {"reading_time": 1641091618.2268608, "sensor_value": 47.17, "description": "relative humidity", "unit": "%"}}, {"si7021_373a_01": {"reading_time": 1641091648.2653954, "sensor_value": 15.69, "description": "dry-bulb temperature", "unit": "degC"}, "si7021_373a_02": {"reading_time": 1641091648.2653954, "sensor_value": 47.18, "description": "relative humidity", "unit": "%"}}, {"si7021_373a_01": {"reading_time": 1641091678.3049812, "sensor_value": 15.69, "description": "dry-bulb temperature", "unit": "degC"}, "si7021_373a_02": {"reading_time": 1641091678.3049812, "sensor_value": 47.2, "description": "relative humidity", "unit": "%"}}, {"si7021_373a_01": {"reading_time": 1641091708.3640995, "sensor_value": 15.69, "description": "dry-bulb temperature", "unit": "degC"}, "si7021_373a_02": {"reading_time": 1641091708.3640995, "sensor_value": 47.2, "description": "relative humidity", "unit": "%"}}][{"si7021_373a_01": {"reading_time": 1641091738.4071534, "sensor_value": 15.71, "description": "dry-bulb temperature", "unit": "degC"}, "si7021_373a_02": {"reading_time": 1641091738.4071534, "sensor_value": 47.2, "description": "relative humidity", "unit": "%"}}, {"si7021_373a_01": {"reading_time": 1641091768.4449847, "sensor_value": 15.69, "description": "dry-bulb temperature", "unit": "degC"}, "si7021_373a_02": {"reading_time": 1641091768.4449847, "sensor_value": 47.17, "description": "relative humidity", "unit": "%"}}, {"si7021_373a_01": {"reading_time": 1641091798.4754136, "sensor_value": 15.7, "description": "dry-bulb temperature", "unit": "degC"}, "si7021_373a_02": {"reading_time": 1641091798.4754136, "sensor_value": 47.17, "description": "relative humidity", "unit": "%"}}, {"si7021_373a_01": {"reading_time": 1641091828.5321956, "sensor_value": 15.71, "description": "dry-bulb temperature", "unit": "degC"}, "si7021_373a_02": {"reading_time": 1641091828.5321956, "sensor_value": 47.17, "description": "relative humidity", "unit": "%"}}][{"si7021_373a_01": {"reading_time": 1641091858.5668435, "sensor_value": 15.72, "description": "dry-bulb temperature", "unit": "degC"}, "si7021_373a_02": {"reading_time": 1641091858.5668435, "sensor_value": 47.19, "description": "relative humidity", "unit": "%"}}, {"si7021_373a_01": {"reading_time": 1641091888.6246593, "sensor_value": 15.7, "description": "dry-bulb temperature", "unit": "degC"}, "si7021_373a_02": {"reading_time": 1641091888.6246593, "sensor_value": 47.16, "description": "relative humidity", "unit": "%"}}, {"si7021_373a_01": {"reading_time": 1641091918.6884072, "sensor_value": 15.7, "description": "dry-bulb temperature", "unit": "degC"}, "si7021_373a_02": {"reading_time": 1641091918.6884072, "sensor_value": 47.17, "description": "relative humidity", "unit": "%"}}, {"si7021_373a_01": {"reading_time": 1641091948.7470312, "sensor_value": 15.71, "description": "dry-bulb temperature", "unit": "degC"}, "si7021_373a_02": {"reading_time": 1641091948.7470312, "sensor_value": 47.16, "description": "relative humidity", "unit": "%"}}][{"si7021_373a_01": {"reading_time": 1641091978.795685, "sensor_value": 15.71, "description": "dry-bulb temperature", "unit": "degC"}, "si7021_373a_02": {"reading_time": 1641091978.795685, "sensor_value": 47.17, "description": "relative humidity", "unit": "%"}}, {"si7021_373a_01": {"reading_time": 1641092008.8328521, "sensor_value": 15.7, "description": "dry-bulb temperature", "unit": "degC"}, "si7021_373a_02": {"reading_time": 1641092008.8328521, "sensor_value": 47.16, "description": "relative humidity", "unit": "%"}}, {"si7021_373a_01": {"reading_time": 1641092038.8718843, "sensor_value": 15.68, "description": "dry-bulb temperature", "unit": "degC"}, "si7021_373a_02": {"reading_time": 1641092038.8718843, "sensor_value": 47.14, "description": "relative humidity", "unit": "%"}}, {"si7021_373a_01": {"reading_time": 1641092068.9092224, "sensor_value": 15.7, "description": "dry-bulb temperature", "unit": "degC"}, "si7021_373a_02": {"reading_time": 1641092068.9092224, "sensor_value": 47.15, "description": "relative humidity", "unit": "%"}}][{"si7021_373a_01": {"reading_time": 1641092098.9675326, "sensor_value": 15.69, "description": "dry-bulb temperature", "unit": "degC"}, "si7021_373a_02": {"reading_time": 1641092098.9675326, "sensor_value": 47.12, "description": "relative humidity", "unit": "%"}}, {"si7021_373a_01": {"reading_time": 1641092129.0309927, "sensor_value": 15.68, "description": "dry-bulb temperature", "unit": "degC"}, "si7021_373a_02": {"reading_time": 1641092129.0309927, "sensor_value": 47.13, "description": "relative humidity", "unit": "%"}}, {"si7021_373a_01": {"reading_time": 1641092159.0906126, "sensor_value": 15.68, "description": "dry-bulb temperature", "unit": "degC"}, "si7021_373a_02": {"reading_time": 1641092159.0906126, "sensor_value": 47.12, "description": "relative humidity", "unit": "%"}}, {"si7021_373a_01": {"reading_time": 1641092189.1501405, "sensor_value": 15.68, "description": "dry-bulb temperature", "unit": "degC"}, "si7021_373a_02": {"reading_time": 1641092189.1501405, "sensor_value": 47.13, "description": "relative humidity", "unit": "%"}}][{"si7021_373a_01": {"reading_time": 1641092219.1892195, "sensor_value": 15.69, "description": "dry-bulb temperature", "unit": "degC"}, "si7021_373a_02": {"reading_time": 1641092219.1892195, "sensor_value": 47.12, "description": "relative humidity", "unit": "%"}}, {"si7021_373a_01": {"reading_time": 1641092249.2264802, "sensor_value": 15.68, "description": "dry-bulb temperature", "unit": "degC"}, "si7021_373a_02": {"reading_time": 1641092249.2264802, "sensor_value": 47.12, "description": "relative humidity", "unit": "%"}}, {"si7021_373a_01": {"reading_time": 1641092279.2854702, "sensor_value": 15.7, "description": "dry-bulb temperature", "unit": "degC"}, "si7021_373a_02": {"reading_time": 1641092279.2854702, "sensor_value": 47.1, "description": "relative humidity", "unit": "%"}}, {"si7021_373a_01": {"reading_time": 1641092309.3228185, "sensor_value": 15.66, "description": "dry-bulb temperature", "unit": "degC"}, "si7021_373a_02": {"reading_time": 1641092309.3228185, "sensor_value": 47.1, "description": "relative humidity", "unit": "%"}}]