[{"si7021_373a_01": {"reading_time": 1641041971.9245934, "sensor_value": 15.65, "description": "dry-bulb temperature", "unit": "degC"}, "si7021_373a_02": {"reading_time": 1641041971.9245934, "sensor_value": 50.97, "description": "relative humidity", "unit": "%"}}, {"si7021_373a_01": {"reading_time": 1641042001.9826589, "sensor_value": 15.67, "description": "dry-bulb temperature", "unit": "degC"}, "si7021_373a_02": {"reading_time": 1641042001.9826589, "sensor_value": 50.97, "description": "relative humidity", "unit": "%"}}, {"si7021_373a_01": {"reading_time": 1641042032.0591495, "sensor_value": 15.65, "description": "dry-bulb temperature", "unit": "degC"}, "si7021_373a_02": {"reading_time": 1641042032.0591495, "sensor_value": 50.96, "description": "relative humidity", "unit": "%"}}, {"si7021_373a_01": {"reading_time": 1641042062.1182268, "sensor_value": 15.67, "description": "dry-bulb temperature", "unit": "degC"}, "si7021_373a_02": {"reading_time": 1641042062.1182268, "sensor_value": 50.98, "description": "relative humidity", "unit": "%"}}][{"si7021_373a_01": {"reading_time": 1641042092.1521835, "sensor_value": 15.63, "description": "dry-bulb temperature", "unit": "degC"}, "si7021_373a_02": {"reading_time": 1641042092.1521835, "sensor_value": 50.96, "description": "relative humidity", "unit": "%"}}, {"si7021_373a_01": {"reading_time": 1641042122.188637, "sensor_value": 15.65, "description": "dry-bulb temperature", "unit": "degC"}, "si7021_373a_02": {"reading_time": 1641042122.188637, "sensor_value": 50.97, "description": "relative humidity", "unit": "%"}}, {"si7021_373a_01": {"reading_time": 1641042152.2490134, "sensor_value": 15.63, "description": "dry-bulb temperature", "unit": "degC"}, "si7021_373a_02": {"reading_time": 1641042152.2490134, "sensor_value": 50.93, "description": "relative humidity", "unit": "%"}}, {"si7021_373a_01": {"reading_time": 1641042182.3079422, "sensor_value": 15.65, "description": "dry-bulb temperature", "unit": "degC"}, "si7021_373a_02": {"reading_time": 1641042182.3079422, "sensor_value": 50.96, "description": "relative humidity", "unit": "%"}}][{"si7021_373a_01": {"reading_time": 1641042212.3740737, "sensor_value": 15.62, "description": "dry-bulb temperature", "unit": "degC"}, "si7021_373a_02": {"reading_time": 1641042212.3740737, "sensor_value": 50.96, "description": "relative humidity", "unit": "%"}}, {"si7021_373a_01": {"reading_time": 1641042242.4317675, "sensor_value": 15.66, "description": "dry-bulb temperature", "unit": "degC"}, "si7021_373a_02": {"reading_time": 1641042242.4317675, "sensor_value": 50.97, "description": "relative humidity", "unit": "%"}}, {"si7021_373a_01": {"reading_time": 1641042272.4901817, "sensor_value": 15.65, "description": "dry-bulb temperature", "unit": "degC"}, "si7021_373a_02": {"reading_time": 1641042272.4901817, "sensor_value": 50.97, "description": "relative humidity", "unit": "%"}}, {"si7021_373a_01": {"reading_time": 1641042302.5490975, "sensor_value": 15.65, "description": "dry-bulb temperature", "unit": "degC"}, "si7021_373a_02": {"reading_time": 1641042302.5490975, "sensor_value": 50.94, "description": "relative humidity", "unit": "%"}}][{"si7021_373a_01": {"reading_time": 1641042332.6103532, "sensor_value": 15.65, "description": "dry-bulb temperature", "unit": "degC"}, "si7021_373a_02": {"reading_time": 1641042332.6103532, "sensor_value": 50.94, "description": "relative humidity", "unit": "%"}}, {"si7021_373a_01": {"reading_time": 1641042362.6705112, "sensor_value": 15.63, "description": "dry-bulb temperature", "unit": "degC"}, "si7021_373a_02": {"reading_time": 1641042362.6705112, "sensor_value": 50.93, "description": "relative humidity", "unit": "%"}}, {"si7021_373a_01": {"reading_time": 1641042392.7273285, "sensor_value": 15.65, "description": "dry-bulb temperature", "unit": "degC"}, "si7021_373a_02": {"reading_time": 1641042392.7273285, "sensor_value": 50.93, "description": "relative humidity", "unit": "%"}}, {"si7021_373a_01": {"reading_time": 1641042422.7661252, "sensor_value": 15.65, "description": "dry-bulb temperature", "unit": "degC"}, "si7021_373a_02": {"reading_time": 1641042422.7661252, "sensor_value": 50.91, "description": "relative humidity", "unit": "%"}}][{"si7021_373a_01": {"reading_time": 1641042452.8124313, "sensor_value": 15.65, "description": "dry-bulb temperature", "unit": "degC"}, "si7021_373a_02": {"reading_time": 1641042452.8124313, "sensor_value": 50.94, "description": "relative humidity", "unit": "%"}}, {"si7021_373a_01": {"reading_time": 1641042482.871401, "sensor_value": 15.62, "description": "dry-bulb temperature", "unit": "degC"}, "si7021_373a_02": {"reading_time": 1641042482.871401, "sensor_value": 50.89, "description": "relative humidity", "unit": "%"}}, {"si7021_373a_01": {"reading_time": 1641042512.9303818, "sensor_value": 15.67, "description": "dry-bulb temperature", "unit": "degC"}, "si7021_373a_02": {"reading_time": 1641042512.9303818, "sensor_value": 50.9, "description": "relative humidity", "unit": "%"}}, {"si7021_373a_01": {"reading_time": 1641042542.9895065, "sensor_value": 15.65, "description": "dry-bulb temperature", "unit": "degC"}, "si7021_373a_02": {"reading_time": 1641042542.9895065, "sensor_value": 50.87, "description": "relative humidity", "unit": "%"}}][{"si7021_373a_01": {"reading_time": 1641042573.0509698, "sensor_value": 15.66, "description": "dry-bulb temperature", "unit": "degC"}, "si7021_373a_02": {"reading_time": 1641042573.0509698, "sensor_value": 50.87, "description": "relative humidity", "unit": "%"}}, {"si7021_373a_01": {"reading_time": 1641042603.109623, "sensor_value": 15.63, "description": "dry-bulb temperature", "unit": "degC"}, "si7021_373a_02": {"reading_time": 1641042603.109623, "sensor_value": 50.83, "description": "relative humidity", "unit": "%"}}, {"si7021_373a_01": {"reading_time": 1641042633.1679995, "sensor_value": 15.65, "description": "dry-bulb temperature", "unit": "degC"}, "si7021_373a_02": {"reading_time": 1641042633.1679995, "sensor_value": 50.81, "description": "relative humidity", "unit": "%"}}, {"si7021_373a_01": {"reading_time": 1641042663.20428, "sensor_value": 15.61, "description": "dry-bulb temperature", "unit": "degC"}, "si7021_373a_02": {"reading_time": 1641042663.20428, "sensor_value": 50.82, "description": "relative humidity", "unit": "%"}}][{"si7021_373a_01": {"reading_time": 1641042693.2655046, "sensor_value": 15.63, "description": "dry-bulb temperature", "unit": "degC"}, "si7021_373a_02": {"reading_time": 1641042693.2655046, "sensor_value": 50.81, "description": "relative humidity", "unit": "%"}}, {"si7021_373a_01": {"reading_time": 1641042723.2975125, "sensor_value": 15.65, "description": "dry-bulb temperature", "unit": "degC"}, "si7021_373a_02": {"reading_time": 1641042723.2975125, "sensor_value": 50.82, "description": "relative humidity", "unit": "%"}}, {"si7021_373a_01": {"reading_time": 1641042753.3447638, "sensor_value": 15.63, "description": "dry-bulb temperature", "unit": "degC"}, "si7021_373a_02": {"reading_time": 1641042753.3447638, "sensor_value": 50.81, "description": "relative humidity", "unit": "%"}}, {"si7021_373a_01": {"reading_time": 1641042783.3871956, "sensor_value": 15.65, "description": "dry-bulb temperature", "unit": "degC"}, "si7021_373a_02": {"reading_time": 1641042783.3871956, "sensor_value": 50.83, "description": "relative humidity", "unit": "%"}}][{"si7021_373a_01": {"reading_time": 1641042813.4483666, "sensor_value": 15.65, "description": "dry-bulb temperature", "unit": "degC"}, "si7021_373a_02": {"reading_time": 1641042813.4483666, "sensor_value": 50.8, "description": "relative humidity", "unit": "%"}}, {"si7021_373a_01": {"reading_time": 1641042843.5069993, "sensor_value": 15.63, "description": "dry-bulb temperature", "unit": "degC"}, "si7021_373a_02": {"reading_time": 1641042843.5069993, "sensor_value": 50.79, "description": "relative humidity", "unit": "%"}}, {"si7021_373a_01": {"reading_time": 1641042873.5656722, "sensor_value": 15.61, "description": "dry-bulb temperature", "unit": "degC"}, "si7021_373a_02": {"reading_time": 1641042873.5656722, "sensor_value": 50.8, "description": "relative humidity", "unit": "%"}}, {"si7021_373a_01": {"reading_time": 1641042903.6240897, "sensor_value": 15.63, "description": "dry-bulb temperature", "unit": "degC"}, "si7021_373a_02": {"reading_time": 1641042903.6240897, "sensor_value": 50.81, "description": "relative humidity", "unit": "%"}}][{"si7021_373a_01": {"reading_time": 1641042933.6847365, "sensor_value": 15.6, "description": "dry-bulb temperature", "unit": "degC"}, "si7021_373a_02": {"reading_time": 1641042933.6847365, "sensor_value": 50.8, "description": "relative humidity", "unit": "%"}}, {"si7021_373a_01": {"reading_time": 1641042963.7145712, "sensor_value": 15.63, "description": "dry-bulb temperature", "unit": "degC"}, "si7021_373a_02": {"reading_time": 1641042963.7145712, "sensor_value": 50.8, "description": "relative humidity", "unit": "%"}}, {"si7021_373a_01": {"reading_time": 1641042993.7645683, "sensor_value": 15.62, "description": "dry-bulb temperature", "unit": "degC"}, "si7021_373a_02": {"reading_time": 1641042993.7645683, "sensor_value": 50.77, "description": "relative humidity", "unit": "%"}}, {"si7021_373a_01": {"reading_time": 1641043023.8230138, "sensor_value": 15.61, "description": "dry-bulb temperature", "unit": "degC"}, "si7021_373a_02": {"reading_time": 1641043023.8230138, "sensor_value": 50.78, "description": "relative humidity", "unit": "%"}}][{"si7021_373a_01": {"reading_time": 1641043053.8836923, "sensor_value": 15.61, "description": "dry-bulb temperature", "unit": "degC"}, "si7021_373a_02": {"reading_time": 1641043053.8836923, "sensor_value": 50.78, "description": "relative humidity", "unit": "%"}}, {"si7021_373a_01": {"reading_time": 1641043083.9206238, "sensor_value": 15.62, "description": "dry-bulb temperature", "unit": "degC"}, "si7021_373a_02": {"reading_time": 1641043083.9206238, "sensor_value": 50.8, "description": "relative humidity", "unit": "%"}}, {"si7021_373a_01": {"reading_time": 1641043113.9789212, "sensor_value": 15.6, "description": "dry-bulb temperature", "unit": "degC"}, "si7021_373a_02": {"reading_time": 1641043113.9789212, "sensor_value": 50.8, "description": "relative humidity", "unit": "%"}}, {"si7021_373a_01": {"reading_time": 1641043144.0374181, "sensor_value": 15.59, "description": "dry-bulb temperature", "unit": "degC"}, "si7021_373a_02": {"reading_time": 1641043144.0374181, "sensor_value": 50.78, "description": "relative humidity", "unit": "%"}}][{"si7021_373a_01": {"reading_time": 1641043174.0989745, "sensor_value": 15.63, "description": "dry-bulb temperature", "unit": "degC"}, "si7021_373a_02": {"reading_time": 1641043174.0989745, "sensor_value": 50.77, "description": "relative humidity", "unit": "%"}}, {"si7021_373a_01": {"reading_time": 1641043204.1579225, "sensor_value": 15.62, "description": "dry-bulb temperature", "unit": "degC"}, "si7021_373a_02": {"reading_time": 1641043204.1579225, "sensor_value": 50.77, "description": "relative humidity", "unit": "%"}}, {"si7021_373a_01": {"reading_time": 1641043234.2165058, "sensor_value": 15.6, "description": "dry-bulb temperature", "unit": "degC"}, "si7021_373a_02": {"reading_time": 1641043234.2165058, "sensor_value": 50.74, "description": "relative humidity", "unit": "%"}}, {"si7021_373a_01": {"reading_time": 1641043264.274343, "sensor_value": 15.63, "description": "dry-bulb temperature", "unit": "degC"}, "si7021_373a_02": {"reading_time": 1641043264.274343, "sensor_value": 50.75, "description": "relative humidity", "unit": "%"}}][{"si7021_373a_01": {"reading_time": 1641043294.3360064, "sensor_value": 15.63, "description": "dry-bulb temperature", "unit": "degC"}, "si7021_373a_02": {"reading_time": 1641043294.3360064, "sensor_value": 50.76, "description": "relative humidity", "unit": "%"}}, {"si7021_373a_01": {"reading_time": 1641043324.3931682, "sensor_value": 15.63, "description": "dry-bulb temperature", "unit": "degC"}, "si7021_373a_02": {"reading_time": 1641043324.3931682, "sensor_value": 50.74, "description": "relative humidity", "unit": "%"}}, {"si7021_373a_01": {"reading_time": 1641043354.4445665, "sensor_value": 15.62, "description": "dry-bulb temperature", "unit": "degC"}, "si7021_373a_02": {"reading_time": 1641043354.4445665, "sensor_value": 50.71, "description": "relative humidity", "unit": "%"}}, {"si7021_373a_01": {"reading_time": 1641043384.5030098, "sensor_value": 15.62, "description": "dry-bulb temperature", "unit": "degC"}, "si7021_373a_02": {"reading_time": 1641043384.5030098, "sensor_value": 50.72, "description": "relative humidity", "unit": "%"}}][{"si7021_373a_01": {"reading_time": 1641043414.565051, "sensor_value": 15.62, "description": "dry-bulb temperature", "unit": "degC"}, "si7021_373a_02": {"reading_time": 1641043414.565051, "sensor_value": 50.72, "description": "relative humidity", "unit": "%"}}, {"si7021_373a_01": {"reading_time": 1641043444.6236582, "sensor_value": 15.62, "description": "dry-bulb temperature", "unit": "degC"}, "si7021_373a_02": {"reading_time": 1641043444.6236582, "sensor_value": 50.72, "description": "relative humidity", "unit": "%"}}, {"si7021_373a_01": {"reading_time": 1641043474.6823375, "sensor_value": 15.65, "description": "dry-bulb temperature", "unit": "degC"}, "si7021_373a_02": {"reading_time": 1641043474.6823375, "sensor_value": 50.73, "description": "relative humidity", "unit": "%"}}, {"si7021_373a_01": {"reading_time": 1641043504.7328484, "sensor_value": 15.62, "description": "dry-bulb temperature", "unit": "degC"}, "si7021_373a_02": {"reading_time": 1641043504.7328484, "sensor_value": 50.71, "description": "relative humidity", "unit": "%"}}][{"si7021_373a_01": {"reading_time": 1641043534.7727153, "sensor_value": 15.63, "description": "dry-bulb temperature", "unit": "degC"}, "si7021_373a_02": {"reading_time": 1641043534.7727153, "sensor_value": 50.69, "description": "relative humidity", "unit": "%"}}, {"si7021_373a_01": {"reading_time": 1641043564.8095486, "sensor_value": 15.6, "description": "dry-bulb temperature", "unit": "degC"}, "si7021_373a_02": {"reading_time": 1641043564.8095486, "sensor_value": 50.7, "description": "relative humidity", "unit": "%"}}, {"si7021_373a_01": {"reading_time": 1641043594.8470347, "sensor_value": 15.58, "description": "dry-bulb temperature", "unit": "degC"}, "si7021_373a_02": {"reading_time": 1641043594.8470347, "sensor_value": 50.67, "description": "relative humidity", "unit": "%"}}, {"si7021_373a_01": {"reading_time": 1641043624.8859587, "sensor_value": 15.61, "description": "dry-bulb temperature", "unit": "degC"}, "si7021_373a_02": {"reading_time": 1641043624.8859587, "sensor_value": 50.71, "description": "relative humidity", "unit": "%"}}][{"si7021_373a_01": {"reading_time": 1641043654.9257507, "sensor_value": 15.6, "description": "dry-bulb temperature", "unit": "degC"}, "si7021_373a_02": {"reading_time": 1641043654.9257507, "sensor_value": 50.71, "description": "relative humidity", "unit": "%"}}, {"si7021_373a_01": {"reading_time": 1641043684.9547493, "sensor_value": 15.6, "description": "dry-bulb temperature", "unit": "degC"}, "si7021_373a_02": {"reading_time": 1641043684.9547493, "sensor_value": 50.69, "description": "relative humidity", "unit": "%"}}, {"si7021_373a_01": {"reading_time": 1641043715.0047596, "sensor_value": 15.62, "description": "dry-bulb temperature", "unit": "degC"}, "si7021_373a_02": {"reading_time": 1641043715.0047596, "sensor_value": 50.67, "description": "relative humidity", "unit": "%"}}, {"si7021_373a_01": {"reading_time": 1641043745.064116, "sensor_value": 15.62, "description": "dry-bulb temperature", "unit": "degC"}, "si7021_373a_02": {"reading_time": 1641043745.064116, "sensor_value": 50.66, "description": "relative humidity", "unit": "%"}}][{"si7021_373a_01": {"reading_time": 1641043775.125251, "sensor_value": 15.63, "description": "dry-bulb temperature", "unit": "degC"}, "si7021_373a_02": {"reading_time": 1641043775.125251, "sensor_value": 50.67, "description": "relative humidity", "unit": "%"}}, {"si7021_373a_01": {"reading_time": 1641043805.1786795, "sensor_value": 15.61, "description": "dry-bulb temperature", "unit": "degC"}, "si7021_373a_02": {"reading_time": 1641043805.1786795, "sensor_value": 50.66, "description": "relative humidity", "unit": "%"}}, {"si7021_373a_01": {"reading_time": 1641043835.2145731, "sensor_value": 15.6, "description": "dry-bulb temperature", "unit": "degC"}, "si7021_373a_02": {"reading_time": 1641043835.2145731, "sensor_value": 50.66, "description": "relative humidity", "unit": "%"}}, {"si7021_373a_01": {"reading_time": 1641043865.2736464, "sensor_value": 15.6, "description": "dry-bulb temperature", "unit": "degC"}, "si7021_373a_02": {"reading_time": 1641043865.2736464, "sensor_value": 50.67, "description": "relative humidity", "unit": "%"}}][{"si7021_373a_01": {"reading_time": 1641043895.3402307, "sensor_value": 15.6, "description": "dry-bulb temperature", "unit": "degC"}, "si7021_373a_02": {"reading_time": 1641043895.3402307, "sensor_value": 50.68, "description": "relative humidity", "unit": "%"}}, {"si7021_373a_01": {"reading_time": 1641043925.3829052, "sensor_value": 15.6, "description": "dry-bulb temperature", "unit": "degC"}, "si7021_373a_02": {"reading_time": 1641043925.3829052, "sensor_value": 50.67, "description": "relative humidity", "unit": "%"}}, {"si7021_373a_01": {"reading_time": 1641043955.4380836, "sensor_value": 15.61, "description": "dry-bulb temperature", "unit": "degC"}, "si7021_373a_02": {"reading_time": 1641043955.4380836, "sensor_value": 50.66, "description": "relative humidity", "unit": "%"}}, {"si7021_373a_01": {"reading_time": 1641043985.4970431, "sensor_value": 15.61, "description": "dry-bulb temperature", "unit": "degC"}, "si7021_373a_02": {"reading_time": 1641043985.4970431, "sensor_value": 50.67, "description": "relative humidity", "unit": "%"}}][{"si7021_373a_01": {"reading_time": 1641044015.5588045, "sensor_value": 15.6, "description": "dry-bulb temperature", "unit": "degC"}, "si7021_373a_02": {"reading_time": 1641044015.5588045, "sensor_value": 50.64, "description": "relative humidity", "unit": "%"}}, {"si7021_373a_01": {"reading_time": 1641044045.617967, "sensor_value": 15.61, "description": "dry-bulb temperature", "unit": "degC"}, "si7021_373a_02": {"reading_time": 1641044045.617967, "sensor_value": 50.65, "description": "relative humidity", "unit": "%"}}, {"si7021_373a_01": {"reading_time": 1641044075.6768675, "sensor_value": 15.61, "description": "dry-bulb temperature", "unit": "degC"}, "si7021_373a_02": {"reading_time": 1641044075.6768675, "sensor_value": 50.67, "description": "relative humidity", "unit": "%"}}, {"si7021_373a_01": {"reading_time": 1641044105.7128747, "sensor_value": 15.61, "description": "dry-bulb temperature", "unit": "degC"}, "si7021_373a_02": {"reading_time": 1641044105.7128747, "sensor_value": 50.62, "description": "relative humidity", "unit": "%"}}][{"si7021_373a_01": {"reading_time": 1641044135.7525592, "sensor_value": 15.61, "description": "dry-bulb temperature", "unit": "degC"}, "si7021_373a_02": {"reading_time": 1641044135.7525592, "sensor_value": 50.61, "description": "relative humidity", "unit": "%"}}, {"si7021_373a_01": {"reading_time": 1641044165.7845626, "sensor_value": 15.6, "description": "dry-bulb temperature", "unit": "degC"}, "si7021_373a_02": {"reading_time": 1641044165.7845626, "sensor_value": 50.61, "description": "relative humidity", "unit": "%"}}, {"si7021_373a_01": {"reading_time": 1641044195.8424706, "sensor_value": 15.6, "description": "dry-bulb temperature", "unit": "degC"}, "si7021_373a_02": {"reading_time": 1641044195.8424706, "sensor_value": 50.61, "description": "relative humidity", "unit": "%"}}, {"si7021_373a_01": {"reading_time": 1641044225.9025207, "sensor_value": 15.6, "description": "dry-bulb temperature", "unit": "degC"}, "si7021_373a_02": {"reading_time": 1641044225.9025207, "sensor_value": 50.61, "description": "relative humidity", "unit": "%"}}][{"si7021_373a_01": {"reading_time": 1641044255.9596212, "sensor_value": 15.58, "description": "dry-bulb temperature", "unit": "degC"}, "si7021_373a_02": {"reading_time": 1641044255.9596212, "sensor_value": 50.61, "description": "relative humidity", "unit": "%"}}, {"si7021_373a_01": {"reading_time": 1641044286.0016842, "sensor_value": 15.6, "description": "dry-bulb temperature", "unit": "degC"}, "si7021_373a_02": {"reading_time": 1641044286.0016842, "sensor_value": 50.6, "description": "relative humidity", "unit": "%"}}, {"si7021_373a_01": {"reading_time": 1641044316.0556073, "sensor_value": 15.57, "description": "dry-bulb temperature", "unit": "degC"}, "si7021_373a_02": {"reading_time": 1641044316.0556073, "sensor_value": 50.6, "description": "relative humidity", "unit": "%"}}, {"si7021_373a_01": {"reading_time": 1641044346.1150835, "sensor_value": 15.6, "description": "dry-bulb temperature", "unit": "degC"}, "si7021_373a_02": {"reading_time": 1641044346.1150835, "sensor_value": 50.58, "description": "relative humidity", "unit": "%"}}][{"si7021_373a_01": {"reading_time": 1641044376.1768265, "sensor_value": 15.58, "description": "dry-bulb temperature", "unit": "degC"}, "si7021_373a_02": {"reading_time": 1641044376.1768265, "sensor_value": 50.6, "description": "relative humidity", "unit": "%"}}, {"si7021_373a_01": {"reading_time": 1641044406.2360244, "sensor_value": 15.6, "description": "dry-bulb temperature", "unit": "degC"}, "si7021_373a_02": {"reading_time": 1641044406.2360244, "sensor_value": 50.57, "description": "relative humidity", "unit": "%"}}, {"si7021_373a_01": {"reading_time": 1641044436.2947118, "sensor_value": 15.59, "description": "dry-bulb temperature", "unit": "degC"}, "si7021_373a_02": {"reading_time": 1641044436.2947118, "sensor_value": 50.58, "description": "relative humidity", "unit": "%"}}, {"si7021_373a_01": {"reading_time": 1641044466.352748, "sensor_value": 15.6, "description": "dry-bulb temperature", "unit": "degC"}, "si7021_373a_02": {"reading_time": 1641044466.352748, "sensor_value": 50.62, "description": "relative humidity", "unit": "%"}}][{"si7021_373a_01": {"reading_time": 1641044496.4018726, "sensor_value": 15.6, "description": "dry-bulb temperature", "unit": "degC"}, "si7021_373a_02": {"reading_time": 1641044496.4018726, "sensor_value": 50.59, "description": "relative humidity", "unit": "%"}}, {"si7021_373a_01": {"reading_time": 1641044526.4463155, "sensor_value": 15.59, "description": "dry-bulb temperature", "unit": "degC"}, "si7021_373a_02": {"reading_time": 1641044526.4463155, "sensor_value": 50.58, "description": "relative humidity", "unit": "%"}}, {"si7021_373a_01": {"reading_time": 1641044556.4931686, "sensor_value": 15.6, "description": "dry-bulb temperature", "unit": "degC"}, "si7021_373a_02": {"reading_time": 1641044556.4931686, "sensor_value": 50.57, "description": "relative humidity", "unit": "%"}}, {"si7021_373a_01": {"reading_time": 1641044586.5521827, "sensor_value": 15.59, "description": "dry-bulb temperature", "unit": "degC"}, "si7021_373a_02": {"reading_time": 1641044586.5521827, "sensor_value": 50.57, "description": "relative humidity", "unit": "%"}}][{"si7021_373a_01": {"reading_time": 1641044616.614008, "sensor_value": 15.6, "description": "dry-bulb temperature", "unit": "degC"}, "si7021_373a_02": {"reading_time": 1641044616.614008, "sensor_value": 50.55, "description": "relative humidity", "unit": "%"}}, {"si7021_373a_01": {"reading_time": 1641044646.6645684, "sensor_value": 15.58, "description": "dry-bulb temperature", "unit": "degC"}, "si7021_373a_02": {"reading_time": 1641044646.6645684, "sensor_value": 50.56, "description": "relative humidity", "unit": "%"}}, {"si7021_373a_01": {"reading_time": 1641044676.7145772, "sensor_value": 15.59, "description": "dry-bulb temperature", "unit": "degC"}, "si7021_373a_02": {"reading_time": 1641044676.7145772, "sensor_value": 50.56, "description": "relative humidity", "unit": "%"}}, {"si7021_373a_01": {"reading_time": 1641044706.7645853, "sensor_value": 15.6, "description": "dry-bulb temperature", "unit": "degC"}, "si7021_373a_02": {"reading_time": 1641044706.7645853, "sensor_value": 50.52, "description": "relative humidity", "unit": "%"}}][{"si7021_373a_01": {"reading_time": 1641044736.8171902, "sensor_value": 15.59, "description": "dry-bulb temperature", "unit": "degC"}, "si7021_373a_02": {"reading_time": 1641044736.8171902, "sensor_value": 50.54, "description": "relative humidity", "unit": "%"}}, {"si7021_373a_01": {"reading_time": 1641044766.876309, "sensor_value": 15.6, "description": "dry-bulb temperature", "unit": "degC"}, "si7021_373a_02": {"reading_time": 1641044766.876309, "sensor_value": 50.54, "description": "relative humidity", "unit": "%"}}, {"si7021_373a_01": {"reading_time": 1641044796.934575, "sensor_value": 15.59, "description": "dry-bulb temperature", "unit": "degC"}, "si7021_373a_02": {"reading_time": 1641044796.934575, "sensor_value": 50.54, "description": "relative humidity", "unit": "%"}}, {"si7021_373a_01": {"reading_time": 1641044826.9975445, "sensor_value": 15.59, "description": "dry-bulb temperature", "unit": "degC"}, "si7021_373a_02": {"reading_time": 1641044826.9975445, "sensor_value": 50.5, "description": "relative humidity", "unit": "%"}}][{"si7021_373a_01": {"reading_time": 1641044857.0572438, "sensor_value": 15.58, "description": "dry-bulb temperature", "unit": "degC"}, "si7021_373a_02": {"reading_time": 1641044857.0572438, "sensor_value": 50.52, "description": "relative humidity", "unit": "%"}}, {"si7021_373a_01": {"reading_time": 1641044887.1162066, "sensor_value": 15.58, "description": "dry-bulb temperature", "unit": "degC"}, "si7021_373a_02": {"reading_time": 1641044887.1162066, "sensor_value": 50.48, "description": "relative humidity", "unit": "%"}}, {"si7021_373a_01": {"reading_time": 1641044917.1753047, "sensor_value": 15.6, "description": "dry-bulb temperature", "unit": "degC"}, "si7021_373a_02": {"reading_time": 1641044917.1753047, "sensor_value": 50.48, "description": "relative humidity", "unit": "%"}}, {"si7021_373a_01": {"reading_time": 1641044947.21528, "sensor_value": 15.59, "description": "dry-bulb temperature", "unit": "degC"}, "si7021_373a_02": {"reading_time": 1641044947.21528, "sensor_value": 50.49, "description": "relative humidity", "unit": "%"}}][{"si7021_373a_01": {"reading_time": 1641044977.2772138, "sensor_value": 15.61, "description": "dry-bulb temperature", "unit": "degC"}, "si7021_373a_02": {"reading_time": 1641044977.2772138, "sensor_value": 50.47, "description": "relative humidity", "unit": "%"}}, {"si7021_373a_01": {"reading_time": 1641045007.3360455, "sensor_value": 15.59, "description": "dry-bulb temperature", "unit": "degC"}, "si7021_373a_02": {"reading_time": 1641045007.3360455, "sensor_value": 50.46, "description": "relative humidity", "unit": "%"}}, {"si7021_373a_01": {"reading_time": 1641045037.3952112, "sensor_value": 15.58, "description": "dry-bulb temperature", "unit": "degC"}, "si7021_373a_02": {"reading_time": 1641045037.3952112, "sensor_value": 50.47, "description": "relative humidity", "unit": "%"}}, {"si7021_373a_01": {"reading_time": 1641045067.4538248, "sensor_value": 15.57, "description": "dry-bulb temperature", "unit": "degC"}, "si7021_373a_02": {"reading_time": 1641045067.4538248, "sensor_value": 50.47, "description": "relative humidity", "unit": "%"}}][{"si7021_373a_01": {"reading_time": 1641045097.5156796, "sensor_value": 15.59, "description": "dry-bulb temperature", "unit": "degC"}, "si7021_373a_02": {"reading_time": 1641045097.5156796, "sensor_value": 50.45, "description": "relative humidity", "unit": "%"}}, {"si7021_373a_01": {"reading_time": 1641045127.5747676, "sensor_value": 15.6, "description": "dry-bulb temperature", "unit": "degC"}, "si7021_373a_02": {"reading_time": 1641045127.5747676, "sensor_value": 50.44, "description": "relative humidity", "unit": "%"}}, {"si7021_373a_01": {"reading_time": 1641045157.637873, "sensor_value": 15.56, "description": "dry-bulb temperature", "unit": "degC"}, "si7021_373a_02": {"reading_time": 1641045157.637873, "sensor_value": 50.45, "description": "relative humidity", "unit": "%"}}, {"si7021_373a_01": {"reading_time": 1641045187.6866298, "sensor_value": 15.55, "description": "dry-bulb temperature", "unit": "degC"}, "si7021_373a_02": {"reading_time": 1641045187.6866298, "sensor_value": 50.44, "description": "relative humidity", "unit": "%"}}][{"si7021_373a_01": {"reading_time": 1641045217.7488966, "sensor_value": 15.57, "description": "dry-bulb temperature", "unit": "degC"}, "si7021_373a_02": {"reading_time": 1641045217.7488966, "sensor_value": 50.42, "description": "relative humidity", "unit": "%"}}, {"si7021_373a_01": {"reading_time": 1641045247.8081028, "sensor_value": 15.59, "description": "dry-bulb temperature", "unit": "degC"}, "si7021_373a_02": {"reading_time": 1641045247.8081028, "sensor_value": 50.45, "description": "relative humidity", "unit": "%"}}, {"si7021_373a_01": {"reading_time": 1641045277.859584, "sensor_value": 15.58, "description": "dry-bulb temperature", "unit": "degC"}, "si7021_373a_02": {"reading_time": 1641045277.859584, "sensor_value": 50.45, "description": "relative humidity", "unit": "%"}}, {"si7021_373a_01": {"reading_time": 1641045307.9189181, "sensor_value": 15.58, "description": "dry-bulb temperature", "unit": "degC"}, "si7021_373a_02": {"reading_time": 1641045307.9189181, "sensor_value": 50.42, "description": "relative humidity", "unit": "%"}}][{"si7021_373a_01": {"reading_time": 1641045337.9555025, "sensor_value": 15.56, "description": "dry-bulb temperature", "unit": "degC"}, "si7021_373a_02": {"reading_time": 1641045337.9555025, "sensor_value": 50.42, "description": "relative humidity", "unit": "%"}}, {"si7021_373a_01": {"reading_time": 1641045368.0000293, "sensor_value": 15.58, "description": "dry-bulb temperature", "unit": "degC"}, "si7021_373a_02": {"reading_time": 1641045368.0000293, "sensor_value": 50.4, "description": "relative humidity", "unit": "%"}}, {"si7021_373a_01": {"reading_time": 1641045398.03511, "sensor_value": 15.58, "description": "dry-bulb temperature", "unit": "degC"}, "si7021_373a_02": {"reading_time": 1641045398.03511, "sensor_value": 50.39, "description": "relative humidity", "unit": "%"}}, {"si7021_373a_01": {"reading_time": 1641045428.0940974, "sensor_value": 15.58, "description": "dry-bulb temperature", "unit": "degC"}, "si7021_373a_02": {"reading_time": 1641045428.0940974, "sensor_value": 50.35, "description": "relative humidity", "unit": "%"}}][{"si7021_373a_01": {"reading_time": 1641045458.1570945, "sensor_value": 15.59, "description": "dry-bulb temperature", "unit": "degC"}, "si7021_373a_02": {"reading_time": 1641045458.1570945, "sensor_value": 50.37, "description": "relative humidity", "unit": "%"}}, {"si7021_373a_01": {"reading_time": 1641045488.2158828, "sensor_value": 15.58, "description": "dry-bulb temperature", "unit": "degC"}, "si7021_373a_02": {"reading_time": 1641045488.2158828, "sensor_value": 50.34, "description": "relative humidity", "unit": "%"}}, {"si7021_373a_01": {"reading_time": 1641045518.264577, "sensor_value": 15.57, "description": "dry-bulb temperature", "unit": "degC"}, "si7021_373a_02": {"reading_time": 1641045518.264577, "sensor_value": 50.35, "description": "relative humidity", "unit": "%"}}, {"si7021_373a_01": {"reading_time": 1641045548.3234737, "sensor_value": 15.57, "description": "dry-bulb temperature", "unit": "degC"}, "si7021_373a_02": {"reading_time": 1641045548.3234737, "sensor_value": 50.32, "description": "relative humidity", "unit": "%"}}]