[{"si7021_373a_01": {"reading_time": 1641085126.8072693, "sensor_value": 15.88, "description": "dry-bulb temperature", "unit": "degC"}, "si7021_373a_02": {"reading_time": 1641085126.8072693, "sensor_value": 48.4, "description": "relative humidity", "unit": "%"}}, {"si7021_373a_01": {"reading_time": 1641085156.8660345, "sensor_value": 15.88, "description": "dry-bulb temperature", "unit": "degC"}, "si7021_373a_02": {"reading_time": 1641085156.8660345, "sensor_value": 48.39, "description": "relative humidity", "unit": "%"}}, {"si7021_373a_01": {"reading_time": 1641085186.9246135, "sensor_value": 15.87, "description": "dry-bulb temperature", "unit": "degC"}, "si7021_373a_02": {"reading_time": 1641085186.9246135, "sensor_value": 48.36, "description": "relative humidity", "unit": "%"}}, {"si7021_373a_01": {"reading_time": 1641085216.9826975, "sensor_value": 15.88, "description": "dry-bulb temperature", "unit": "degC"}, "si7021_373a_02": {"reading_time": 1641085216.9826975, "sensor_value": 48.38, "description": "relative humidity", "unit": "%"}}][{"si7021_373a_01": {"reading_time": 1641085247.0374866, "sensor_value": 15.89, "description": "dry-bulb temperature", "unit": "degC"}, "si7021_373a_02": {"reading_time": 1641085247.0374866, "sensor_value": 48.36, "description": "relative humidity", "unit": "%"}}, {"si7021_373a_01": {"reading_time": 1641085277.0969982, "sensor_value": 15.86, "description": "dry-bulb temperature", "unit": "degC"}, "si7021_373a_02": {"reading_time": 1641085277.0969982, "sensor_value": 48.36, "description": "relative humidity", "unit": "%"}}, {"si7021_373a_01": {"reading_time": 1641085307.1564085, "sensor_value": 15.87, "description": "dry-bulb temperature", "unit": "degC"}, "si7021_373a_02": {"reading_time": 1641085307.1564085, "sensor_value": 48.34, "description": "relative humidity", "unit": "%"}}, {"si7021_373a_01": {"reading_time": 1641085337.215567, "sensor_value": 15.86, "description": "dry-bulb temperature", "unit": "degC"}, "si7021_373a_02": {"reading_time": 1641085337.215567, "sensor_value": 48.33, "description": "relative humidity", "unit": "%"}}][{"si7021_373a_01": {"reading_time": 1641085367.2771297, "sensor_value": 15.85, "description": "dry-bulb temperature", "unit": "degC"}, "si7021_373a_02": {"reading_time": 1641085367.2771297, "sensor_value": 48.34, "description": "relative humidity", "unit": "%"}}, {"si7021_373a_01": {"reading_time": 1641085397.337622, "sensor_value": 15.86, "description": "dry-bulb temperature", "unit": "degC"}, "si7021_373a_02": {"reading_time": 1641085397.337622, "sensor_value": 48.32, "description": "relative humidity", "unit": "%"}}, {"si7021_373a_01": {"reading_time": 1641085427.3946538, "sensor_value": 15.87, "description": "dry-bulb temperature", "unit": "degC"}, "si7021_373a_02": {"reading_time": 1641085427.3946538, "sensor_value": 48.29, "description": "relative humidity", "unit": "%"}}, {"si7021_373a_01": {"reading_time": 1641085457.4529834, "sensor_value": 15.84, "description": "dry-bulb temperature", "unit": "degC"}, "si7021_373a_02": {"reading_time": 1641085457.4529834, "sensor_value": 48.29, "description": "relative humidity", "unit": "%"}}][{"si7021_373a_01": {"reading_time": 1641085487.5071406, "sensor_value": 15.86, "description": "dry-bulb temperature", "unit": "degC"}, "si7021_373a_02": {"reading_time": 1641085487.5071406, "sensor_value": 48.3, "description": "relative humidity", "unit": "%"}}, {"si7021_373a_01": {"reading_time": 1641085517.5373805, "sensor_value": 15.85, "description": "dry-bulb temperature", "unit": "degC"}, "si7021_373a_02": {"reading_time": 1641085517.5373805, "sensor_value": 48.32, "description": "relative humidity", "unit": "%"}}, {"si7021_373a_01": {"reading_time": 1641085547.5834088, "sensor_value": 15.83, "description": "dry-bulb temperature", "unit": "degC"}, "si7021_373a_02": {"reading_time": 1641085547.5834088, "sensor_value": 48.29, "description": "relative humidity", "unit": "%"}}, {"si7021_373a_01": {"reading_time": 1641085577.6294305, "sensor_value": 15.84, "description": "dry-bulb temperature", "unit": "degC"}, "si7021_373a_02": {"reading_time": 1641085577.6294305, "sensor_value": 48.29, "description": "relative humidity", "unit": "%"}}][{"si7021_373a_01": {"reading_time": 1641085607.6913083, "sensor_value": 15.85, "description": "dry-bulb temperature", "unit": "degC"}, "si7021_373a_02": {"reading_time": 1641085607.6913083, "sensor_value": 48.29, "description": "relative humidity", "unit": "%"}}, {"si7021_373a_01": {"reading_time": 1641085637.7426286, "sensor_value": 15.85, "description": "dry-bulb temperature", "unit": "degC"}, "si7021_373a_02": {"reading_time": 1641085637.7426286, "sensor_value": 48.29, "description": "relative humidity", "unit": "%"}}, {"si7021_373a_01": {"reading_time": 1641085667.8045857, "sensor_value": 15.86, "description": "dry-bulb temperature", "unit": "degC"}, "si7021_373a_02": {"reading_time": 1641085667.8045857, "sensor_value": 48.29, "description": "relative humidity", "unit": "%"}}, {"si7021_373a_01": {"reading_time": 1641085697.8345866, "sensor_value": 15.85, "description": "dry-bulb temperature", "unit": "degC"}, "si7021_373a_02": {"reading_time": 1641085697.8345866, "sensor_value": 48.28, "description": "relative humidity", "unit": "%"}}][{"si7021_373a_01": {"reading_time": 1641085727.8871543, "sensor_value": 15.85, "description": "dry-bulb temperature", "unit": "degC"}, "si7021_373a_02": {"reading_time": 1641085727.8871543, "sensor_value": 48.27, "description": "relative humidity", "unit": "%"}}, {"si7021_373a_01": {"reading_time": 1641085757.9409404, "sensor_value": 15.82, "description": "dry-bulb temperature", "unit": "degC"}, "si7021_373a_02": {"reading_time": 1641085757.9409404, "sensor_value": 48.26, "description": "relative humidity", "unit": "%"}}, {"si7021_373a_01": {"reading_time": 1641085787.999192, "sensor_value": 15.83, "description": "dry-bulb temperature", "unit": "degC"}, "si7021_373a_02": {"reading_time": 1641085787.999192, "sensor_value": 48.24, "description": "relative humidity", "unit": "%"}}, {"si7021_373a_01": {"reading_time": 1641085818.057695, "sensor_value": 15.82, "description": "dry-bulb temperature", "unit": "degC"}, "si7021_373a_02": {"reading_time": 1641085818.057695, "sensor_value": 48.23, "description": "relative humidity", "unit": "%"}}][{"si7021_373a_01": {"reading_time": 1641085848.118754, "sensor_value": 15.85, "description": "dry-bulb temperature", "unit": "degC"}, "si7021_373a_02": {"reading_time": 1641085848.118754, "sensor_value": 48.23, "description": "relative humidity", "unit": "%"}}, {"si7021_373a_01": {"reading_time": 1641085878.1770282, "sensor_value": 15.83, "description": "dry-bulb temperature", "unit": "degC"}, "si7021_373a_02": {"reading_time": 1641085878.1770282, "sensor_value": 48.25, "description": "relative humidity", "unit": "%"}}, {"si7021_373a_01": {"reading_time": 1641085908.2346735, "sensor_value": 15.83, "description": "dry-bulb temperature", "unit": "degC"}, "si7021_373a_02": {"reading_time": 1641085908.2346735, "sensor_value": 48.23, "description": "relative humidity", "unit": "%"}}, {"si7021_373a_01": {"reading_time": 1641085938.269165, "sensor_value": 15.83, "description": "dry-bulb temperature", "unit": "degC"}, "si7021_373a_02": {"reading_time": 1641085938.269165, "sensor_value": 48.23, "description": "relative humidity", "unit": "%"}}][{"si7021_373a_01": {"reading_time": 1641085968.333168, "sensor_value": 15.83, "description": "dry-bulb temperature", "unit": "degC"}, "si7021_373a_02": {"reading_time": 1641085968.333168, "sensor_value": 48.22, "description": "relative humidity", "unit": "%"}}, {"si7021_373a_01": {"reading_time": 1641085998.3922458, "sensor_value": 15.82, "description": "dry-bulb temperature", "unit": "degC"}, "si7021_373a_02": {"reading_time": 1641085998.3922458, "sensor_value": 48.23, "description": "relative humidity", "unit": "%"}}, {"si7021_373a_01": {"reading_time": 1641086028.4507701, "sensor_value": 15.82, "description": "dry-bulb temperature", "unit": "degC"}, "si7021_373a_02": {"reading_time": 1641086028.4507701, "sensor_value": 48.23, "description": "relative humidity", "unit": "%"}}, {"si7021_373a_01": {"reading_time": 1641086058.5092921, "sensor_value": 15.82, "description": "dry-bulb temperature", "unit": "degC"}, "si7021_373a_02": {"reading_time": 1641086058.5092921, "sensor_value": 48.2, "description": "relative humidity", "unit": "%"}}][{"si7021_373a_01": {"reading_time": 1641086088.5703723, "sensor_value": 15.82, "description": "dry-bulb temperature", "unit": "degC"}, "si7021_373a_02": {"reading_time": 1641086088.5703723, "sensor_value": 48.19, "description": "relative humidity", "unit": "%"}}, {"si7021_373a_01": {"reading_time": 1641086118.6281044, "sensor_value": 15.82, "description": "dry-bulb temperature", "unit": "degC"}, "si7021_373a_02": {"reading_time": 1641086118.6281044, "sensor_value": 48.2, "description": "relative humidity", "unit": "%"}}, {"si7021_373a_01": {"reading_time": 1641086148.6801586, "sensor_value": 15.83, "description": "dry-bulb temperature", "unit": "degC"}, "si7021_373a_02": {"reading_time": 1641086148.6801586, "sensor_value": 48.2, "description": "relative humidity", "unit": "%"}}, {"si7021_373a_01": {"reading_time": 1641086178.716015, "sensor_value": 15.82, "description": "dry-bulb temperature", "unit": "degC"}, "si7021_373a_02": {"reading_time": 1641086178.716015, "sensor_value": 48.19, "description": "relative humidity", "unit": "%"}}][{"si7021_373a_01": {"reading_time": 1641086208.7671556, "sensor_value": 15.82, "description": "dry-bulb temperature", "unit": "degC"}, "si7021_373a_02": {"reading_time": 1641086208.7671556, "sensor_value": 48.18, "description": "relative humidity", "unit": "%"}}, {"si7021_373a_01": {"reading_time": 1641086238.825317, "sensor_value": 15.81, "description": "dry-bulb temperature", "unit": "degC"}, "si7021_373a_02": {"reading_time": 1641086238.825317, "sensor_value": 48.18, "description": "relative humidity", "unit": "%"}}, {"si7021_373a_01": {"reading_time": 1641086268.8837109, "sensor_value": 15.82, "description": "dry-bulb temperature", "unit": "degC"}, "si7021_373a_02": {"reading_time": 1641086268.8837109, "sensor_value": 48.16, "description": "relative humidity", "unit": "%"}}, {"si7021_373a_01": {"reading_time": 1641086298.9251053, "sensor_value": 15.82, "description": "dry-bulb temperature", "unit": "degC"}, "si7021_373a_02": {"reading_time": 1641086298.9251053, "sensor_value": 48.16, "description": "relative humidity", "unit": "%"}}][{"si7021_373a_01": {"reading_time": 1641086328.9812596, "sensor_value": 15.82, "description": "dry-bulb temperature", "unit": "degC"}, "si7021_373a_02": {"reading_time": 1641086328.9812596, "sensor_value": 48.16, "description": "relative humidity", "unit": "%"}}, {"si7021_373a_01": {"reading_time": 1641086359.034578, "sensor_value": 15.8, "description": "dry-bulb temperature", "unit": "degC"}, "si7021_373a_02": {"reading_time": 1641086359.034578, "sensor_value": 48.15, "description": "relative humidity", "unit": "%"}}, {"si7021_373a_01": {"reading_time": 1641086389.0942566, "sensor_value": 15.84, "description": "dry-bulb temperature", "unit": "degC"}, "si7021_373a_02": {"reading_time": 1641086389.0942566, "sensor_value": 48.13, "description": "relative humidity", "unit": "%"}}, {"si7021_373a_01": {"reading_time": 1641086419.1535728, "sensor_value": 15.82, "description": "dry-bulb temperature", "unit": "degC"}, "si7021_373a_02": {"reading_time": 1641086419.1535728, "sensor_value": 48.13, "description": "relative humidity", "unit": "%"}}][{"si7021_373a_01": {"reading_time": 1641086449.216139, "sensor_value": 15.82, "description": "dry-bulb temperature", "unit": "degC"}, "si7021_373a_02": {"reading_time": 1641086449.216139, "sensor_value": 48.1, "description": "relative humidity", "unit": "%"}}, {"si7021_373a_01": {"reading_time": 1641086479.2744055, "sensor_value": 15.82, "description": "dry-bulb temperature", "unit": "degC"}, "si7021_373a_02": {"reading_time": 1641086479.2744055, "sensor_value": 48.13, "description": "relative humidity", "unit": "%"}}, {"si7021_373a_01": {"reading_time": 1641086509.32483, "sensor_value": 15.82, "description": "dry-bulb temperature", "unit": "degC"}, "si7021_373a_02": {"reading_time": 1641086509.32483, "sensor_value": 48.11, "description": "relative humidity", "unit": "%"}}, {"si7021_373a_01": {"reading_time": 1641086539.3877451, "sensor_value": 15.81, "description": "dry-bulb temperature", "unit": "degC"}, "si7021_373a_02": {"reading_time": 1641086539.3877451, "sensor_value": 48.11, "description": "relative humidity", "unit": "%"}}][{"si7021_373a_01": {"reading_time": 1641086569.4505093, "sensor_value": 15.81, "description": "dry-bulb temperature", "unit": "degC"}, "si7021_373a_02": {"reading_time": 1641086569.4505093, "sensor_value": 48.1, "description": "relative humidity", "unit": "%"}}, {"si7021_373a_01": {"reading_time": 1641086599.5095093, "sensor_value": 15.8, "description": "dry-bulb temperature", "unit": "degC"}, "si7021_373a_02": {"reading_time": 1641086599.5095093, "sensor_value": 48.08, "description": "relative humidity", "unit": "%"}}, {"si7021_373a_01": {"reading_time": 1641086629.5697923, "sensor_value": 15.82, "description": "dry-bulb temperature", "unit": "degC"}, "si7021_373a_02": {"reading_time": 1641086629.5697923, "sensor_value": 48.08, "description": "relative humidity", "unit": "%"}}, {"si7021_373a_01": {"reading_time": 1641086659.6281767, "sensor_value": 15.81, "description": "dry-bulb temperature", "unit": "degC"}, "si7021_373a_02": {"reading_time": 1641086659.6281767, "sensor_value": 48.1, "description": "relative humidity", "unit": "%"}}][{"si7021_373a_01": {"reading_time": 1641086689.6892025, "sensor_value": 15.81, "description": "dry-bulb temperature", "unit": "degC"}, "si7021_373a_02": {"reading_time": 1641086689.6892025, "sensor_value": 48.08, "description": "relative humidity", "unit": "%"}}, {"si7021_373a_01": {"reading_time": 1641086719.7477274, "sensor_value": 15.8, "description": "dry-bulb temperature", "unit": "degC"}, "si7021_373a_02": {"reading_time": 1641086719.7477274, "sensor_value": 48.07, "description": "relative humidity", "unit": "%"}}, {"si7021_373a_01": {"reading_time": 1641086749.7919345, "sensor_value": 15.8, "description": "dry-bulb temperature", "unit": "degC"}, "si7021_373a_02": {"reading_time": 1641086749.7919345, "sensor_value": 48.07, "description": "relative humidity", "unit": "%"}}, {"si7021_373a_01": {"reading_time": 1641086779.8222532, "sensor_value": 15.82, "description": "dry-bulb temperature", "unit": "degC"}, "si7021_373a_02": {"reading_time": 1641086779.8222532, "sensor_value": 48.05, "description": "relative humidity", "unit": "%"}}][{"si7021_373a_01": {"reading_time": 1641086809.8603573, "sensor_value": 15.77, "description": "dry-bulb temperature", "unit": "degC"}, "si7021_373a_02": {"reading_time": 1641086809.8603573, "sensor_value": 48.05, "description": "relative humidity", "unit": "%"}}, {"si7021_373a_01": {"reading_time": 1641086839.9201658, "sensor_value": 15.8, "description": "dry-bulb temperature", "unit": "degC"}, "si7021_373a_02": {"reading_time": 1641086839.9201658, "sensor_value": 48.06, "description": "relative humidity", "unit": "%"}}, {"si7021_373a_01": {"reading_time": 1641086869.9791303, "sensor_value": 15.82, "description": "dry-bulb temperature", "unit": "degC"}, "si7021_373a_02": {"reading_time": 1641086869.9791303, "sensor_value": 48.04, "description": "relative humidity", "unit": "%"}}, {"si7021_373a_01": {"reading_time": 1641086900.0378716, "sensor_value": 15.8, "description": "dry-bulb temperature", "unit": "degC"}, "si7021_373a_02": {"reading_time": 1641086900.0378716, "sensor_value": 48.05, "description": "relative humidity", "unit": "%"}}][{"si7021_373a_01": {"reading_time": 1641086930.1000223, "sensor_value": 15.81, "description": "dry-bulb temperature", "unit": "degC"}, "si7021_373a_02": {"reading_time": 1641086930.1000223, "sensor_value": 48.05, "description": "relative humidity", "unit": "%"}}, {"si7021_373a_01": {"reading_time": 1641086960.154049, "sensor_value": 15.77, "description": "dry-bulb temperature", "unit": "degC"}, "si7021_373a_02": {"reading_time": 1641086960.154049, "sensor_value": 48.04, "description": "relative humidity", "unit": "%"}}, {"si7021_373a_01": {"reading_time": 1641086990.204541, "sensor_value": 15.81, "description": "dry-bulb temperature", "unit": "degC"}, "si7021_373a_02": {"reading_time": 1641086990.204541, "sensor_value": 48.05, "description": "relative humidity", "unit": "%"}}, {"si7021_373a_01": {"reading_time": 1641087020.2510676, "sensor_value": 15.77, "description": "dry-bulb temperature", "unit": "degC"}, "si7021_373a_02": {"reading_time": 1641087020.2510676, "sensor_value": 48.05, "description": "relative humidity", "unit": "%"}}][{"si7021_373a_01": {"reading_time": 1641087050.304597, "sensor_value": 15.8, "description": "dry-bulb temperature", "unit": "degC"}, "si7021_373a_02": {"reading_time": 1641087050.304597, "sensor_value": 48.05, "description": "relative humidity", "unit": "%"}}, {"si7021_373a_01": {"reading_time": 1641087080.3625455, "sensor_value": 15.8, "description": "dry-bulb temperature", "unit": "degC"}, "si7021_373a_02": {"reading_time": 1641087080.3625455, "sensor_value": 48.02, "description": "relative humidity", "unit": "%"}}, {"si7021_373a_01": {"reading_time": 1641087110.4045768, "sensor_value": 15.82, "description": "dry-bulb temperature", "unit": "degC"}, "si7021_373a_02": {"reading_time": 1641087110.4045768, "sensor_value": 48.04, "description": "relative humidity", "unit": "%"}}, {"si7021_373a_01": {"reading_time": 1641087140.4546149, "sensor_value": 15.82, "description": "dry-bulb temperature", "unit": "degC"}, "si7021_373a_02": {"reading_time": 1641087140.4546149, "sensor_value": 48.01, "description": "relative humidity", "unit": "%"}}][{"si7021_373a_01": {"reading_time": 1641087170.5202358, "sensor_value": 15.8, "description": "dry-bulb temperature", "unit": "degC"}, "si7021_373a_02": {"reading_time": 1641087170.5202358, "sensor_value": 48.03, "description": "relative humidity", "unit": "%"}}, {"si7021_373a_01": {"reading_time": 1641087200.5809522, "sensor_value": 15.81, "description": "dry-bulb temperature", "unit": "degC"}, "si7021_373a_02": {"reading_time": 1641087200.5809522, "sensor_value": 48.04, "description": "relative humidity", "unit": "%"}}, {"si7021_373a_01": {"reading_time": 1641087230.6406765, "sensor_value": 15.8, "description": "dry-bulb temperature", "unit": "degC"}, "si7021_373a_02": {"reading_time": 1641087230.6406765, "sensor_value": 48.03, "description": "relative humidity", "unit": "%"}}, {"si7021_373a_01": {"reading_time": 1641087260.6989381, "sensor_value": 15.81, "description": "dry-bulb temperature", "unit": "degC"}, "si7021_373a_02": {"reading_time": 1641087260.6989381, "sensor_value": 48.0, "description": "relative humidity", "unit": "%"}}][{"si7021_373a_01": {"reading_time": 1641087290.730131, "sensor_value": 15.81, "description": "dry-bulb temperature", "unit": "degC"}, "si7021_373a_02": {"reading_time": 1641087290.730131, "sensor_value": 47.98, "description": "relative humidity", "unit": "%"}}, {"si7021_373a_01": {"reading_time": 1641087320.7891057, "sensor_value": 15.8, "description": "dry-bulb temperature", "unit": "degC"}, "si7021_373a_02": {"reading_time": 1641087320.7891057, "sensor_value": 47.98, "description": "relative humidity", "unit": "%"}}, {"si7021_373a_01": {"reading_time": 1641087350.8489704, "sensor_value": 15.8, "description": "dry-bulb temperature", "unit": "degC"}, "si7021_373a_02": {"reading_time": 1641087350.8489704, "sensor_value": 47.97, "description": "relative humidity", "unit": "%"}}, {"si7021_373a_01": {"reading_time": 1641087380.904941, "sensor_value": 15.82, "description": "dry-bulb temperature", "unit": "degC"}, "si7021_373a_02": {"reading_time": 1641087380.904941, "sensor_value": 47.98, "description": "relative humidity", "unit": "%"}}][{"si7021_373a_01": {"reading_time": 1641087410.9520097, "sensor_value": 15.81, "description": "dry-bulb temperature", "unit": "degC"}, "si7021_373a_02": {"reading_time": 1641087410.9520097, "sensor_value": 47.98, "description": "relative humidity", "unit": "%"}}, {"si7021_373a_01": {"reading_time": 1641087440.9983842, "sensor_value": 15.81, "description": "dry-bulb temperature", "unit": "degC"}, "si7021_373a_02": {"reading_time": 1641087440.9983842, "sensor_value": 47.98, "description": "relative humidity", "unit": "%"}}, {"si7021_373a_01": {"reading_time": 1641087471.0435622, "sensor_value": 15.77, "description": "dry-bulb temperature", "unit": "degC"}, "si7021_373a_02": {"reading_time": 1641087471.0435622, "sensor_value": 47.95, "description": "relative humidity", "unit": "%"}}, {"si7021_373a_01": {"reading_time": 1641087501.094601, "sensor_value": 15.77, "description": "dry-bulb temperature", "unit": "degC"}, "si7021_373a_02": {"reading_time": 1641087501.094601, "sensor_value": 47.92, "description": "relative humidity", "unit": "%"}}][{"si7021_373a_01": {"reading_time": 1641087531.147306, "sensor_value": 15.8, "description": "dry-bulb temperature", "unit": "degC"}, "si7021_373a_02": {"reading_time": 1641087531.147306, "sensor_value": 47.94, "description": "relative humidity", "unit": "%"}}, {"si7021_373a_01": {"reading_time": 1641087561.2045693, "sensor_value": 15.78, "description": "dry-bulb temperature", "unit": "degC"}, "si7021_373a_02": {"reading_time": 1641087561.2045693, "sensor_value": 47.91, "description": "relative humidity", "unit": "%"}}, {"si7021_373a_01": {"reading_time": 1641087591.254572, "sensor_value": 15.78, "description": "dry-bulb temperature", "unit": "degC"}, "si7021_373a_02": {"reading_time": 1641087591.254572, "sensor_value": 47.91, "description": "relative humidity", "unit": "%"}}, {"si7021_373a_01": {"reading_time": 1641087621.3132331, "sensor_value": 15.78, "description": "dry-bulb temperature", "unit": "degC"}, "si7021_373a_02": {"reading_time": 1641087621.3132331, "sensor_value": 47.91, "description": "relative humidity", "unit": "%"}}][{"si7021_373a_01": {"reading_time": 1641087651.3752425, "sensor_value": 15.76, "description": "dry-bulb temperature", "unit": "degC"}, "si7021_373a_02": {"reading_time": 1641087651.3752425, "sensor_value": 47.91, "description": "relative humidity", "unit": "%"}}, {"si7021_373a_01": {"reading_time": 1641087681.433707, "sensor_value": 15.8, "description": "dry-bulb temperature", "unit": "degC"}, "si7021_373a_02": {"reading_time": 1641087681.433707, "sensor_value": 47.89, "description": "relative humidity", "unit": "%"}}, {"si7021_373a_01": {"reading_time": 1641087711.4927871, "sensor_value": 15.77, "description": "dry-bulb temperature", "unit": "degC"}, "si7021_373a_02": {"reading_time": 1641087711.4927871, "sensor_value": 47.91, "description": "relative humidity", "unit": "%"}}, {"si7021_373a_01": {"reading_time": 1641087741.5525794, "sensor_value": 15.76, "description": "dry-bulb temperature", "unit": "degC"}, "si7021_373a_02": {"reading_time": 1641087741.5525794, "sensor_value": 47.91, "description": "relative humidity", "unit": "%"}}][{"si7021_373a_01": {"reading_time": 1641087771.6135538, "sensor_value": 15.76, "description": "dry-bulb temperature", "unit": "degC"}, "si7021_373a_02": {"reading_time": 1641087771.6135538, "sensor_value": 47.88, "description": "relative humidity", "unit": "%"}}, {"si7021_373a_01": {"reading_time": 1641087801.6721053, "sensor_value": 15.76, "description": "dry-bulb temperature", "unit": "degC"}, "si7021_373a_02": {"reading_time": 1641087801.6721053, "sensor_value": 47.87, "description": "relative humidity", "unit": "%"}}, {"si7021_373a_01": {"reading_time": 1641087831.70716, "sensor_value": 15.77, "description": "dry-bulb temperature", "unit": "degC"}, "si7021_373a_02": {"reading_time": 1641087831.70716, "sensor_value": 47.9, "description": "relative humidity", "unit": "%"}}, {"si7021_373a_01": {"reading_time": 1641087861.7655153, "sensor_value": 15.76, "description": "dry-bulb temperature", "unit": "degC"}, "si7021_373a_02": {"reading_time": 1641087861.7655153, "sensor_value": 47.87, "description": "relative humidity", "unit": "%"}}][{"si7021_373a_01": {"reading_time": 1641087891.826148, "sensor_value": 15.76, "description": "dry-bulb temperature", "unit": "degC"}, "si7021_373a_02": {"reading_time": 1641087891.826148, "sensor_value": 47.88, "description": "relative humidity", "unit": "%"}}, {"si7021_373a_01": {"reading_time": 1641087921.884525, "sensor_value": 15.75, "description": "dry-bulb temperature", "unit": "degC"}, "si7021_373a_02": {"reading_time": 1641087921.884525, "sensor_value": 47.88, "description": "relative humidity", "unit": "%"}}, {"si7021_373a_01": {"reading_time": 1641087951.9427125, "sensor_value": 15.77, "description": "dry-bulb temperature", "unit": "degC"}, "si7021_373a_02": {"reading_time": 1641087951.9427125, "sensor_value": 47.86, "description": "relative humidity", "unit": "%"}}, {"si7021_373a_01": {"reading_time": 1641087982.001081, "sensor_value": 15.76, "description": "dry-bulb temperature", "unit": "degC"}, "si7021_373a_02": {"reading_time": 1641087982.001081, "sensor_value": 47.86, "description": "relative humidity", "unit": "%"}}][{"si7021_373a_01": {"reading_time": 1641088012.061725, "sensor_value": 15.76, "description": "dry-bulb temperature", "unit": "degC"}, "si7021_373a_02": {"reading_time": 1641088012.061725, "sensor_value": 47.85, "description": "relative humidity", "unit": "%"}}, {"si7021_373a_01": {"reading_time": 1641088042.1277924, "sensor_value": 15.77, "description": "dry-bulb temperature", "unit": "degC"}, "si7021_373a_02": {"reading_time": 1641088042.1277924, "sensor_value": 47.84, "description": "relative humidity", "unit": "%"}}, {"si7021_373a_01": {"reading_time": 1641088072.1864984, "sensor_value": 15.77, "description": "dry-bulb temperature", "unit": "degC"}, "si7021_373a_02": {"reading_time": 1641088072.1864984, "sensor_value": 47.85, "description": "relative humidity", "unit": "%"}}, {"si7021_373a_01": {"reading_time": 1641088102.236083, "sensor_value": 15.76, "description": "dry-bulb temperature", "unit": "degC"}, "si7021_373a_02": {"reading_time": 1641088102.236083, "sensor_value": 47.87, "description": "relative humidity", "unit": "%"}}][{"si7021_373a_01": {"reading_time": 1641088132.285534, "sensor_value": 15.76, "description": "dry-bulb temperature", "unit": "degC"}, "si7021_373a_02": {"reading_time": 1641088132.285534, "sensor_value": 47.86, "description": "relative humidity", "unit": "%"}}, {"si7021_373a_01": {"reading_time": 1641088162.3439686, "sensor_value": 15.75, "description": "dry-bulb temperature", "unit": "degC"}, "si7021_373a_02": {"reading_time": 1641088162.3439686, "sensor_value": 47.85, "description": "relative humidity", "unit": "%"}}, {"si7021_373a_01": {"reading_time": 1641088192.4020329, "sensor_value": 15.76, "description": "dry-bulb temperature", "unit": "degC"}, "si7021_373a_02": {"reading_time": 1641088192.4020329, "sensor_value": 47.85, "description": "relative humidity", "unit": "%"}}, {"si7021_373a_01": {"reading_time": 1641088222.4664814, "sensor_value": 15.77, "description": "dry-bulb temperature", "unit": "degC"}, "si7021_373a_02": {"reading_time": 1641088222.4664814, "sensor_value": 47.84, "description": "relative humidity", "unit": "%"}}][{"si7021_373a_01": {"reading_time": 1641088252.5277417, "sensor_value": 15.77, "description": "dry-bulb temperature", "unit": "degC"}, "si7021_373a_02": {"reading_time": 1641088252.5277417, "sensor_value": 47.81, "description": "relative humidity", "unit": "%"}}, {"si7021_373a_01": {"reading_time": 1641088282.5869665, "sensor_value": 15.75, "description": "dry-bulb temperature", "unit": "degC"}, "si7021_373a_02": {"reading_time": 1641088282.5869665, "sensor_value": 47.81, "description": "relative humidity", "unit": "%"}}, {"si7021_373a_01": {"reading_time": 1641088312.6463377, "sensor_value": 15.74, "description": "dry-bulb temperature", "unit": "degC"}, "si7021_373a_02": {"reading_time": 1641088312.6463377, "sensor_value": 47.8, "description": "relative humidity", "unit": "%"}}, {"si7021_373a_01": {"reading_time": 1641088342.7055151, "sensor_value": 15.77, "description": "dry-bulb temperature", "unit": "degC"}, "si7021_373a_02": {"reading_time": 1641088342.7055151, "sensor_value": 47.8, "description": "relative humidity", "unit": "%"}}][{"si7021_373a_01": {"reading_time": 1641088372.7681005, "sensor_value": 15.75, "description": "dry-bulb temperature", "unit": "degC"}, "si7021_373a_02": {"reading_time": 1641088372.7681005, "sensor_value": 47.8, "description": "relative humidity", "unit": "%"}}, {"si7021_373a_01": {"reading_time": 1641088402.8276527, "sensor_value": 15.76, "description": "dry-bulb temperature", "unit": "degC"}, "si7021_373a_02": {"reading_time": 1641088402.8276527, "sensor_value": 47.81, "description": "relative humidity", "unit": "%"}}, {"si7021_373a_01": {"reading_time": 1641088432.8877504, "sensor_value": 15.77, "description": "dry-bulb temperature", "unit": "degC"}, "si7021_373a_02": {"reading_time": 1641088432.8877504, "sensor_value": 47.81, "description": "relative humidity", "unit": "%"}}, {"si7021_373a_01": {"reading_time": 1641088462.948006, "sensor_value": 15.77, "description": "dry-bulb temperature", "unit": "degC"}, "si7021_373a_02": {"reading_time": 1641088462.948006, "sensor_value": 47.79, "description": "relative humidity", "unit": "%"}}][{"si7021_373a_01": {"reading_time": 1641088493.00722, "sensor_value": 15.76, "description": "dry-bulb temperature", "unit": "degC"}, "si7021_373a_02": {"reading_time": 1641088493.00722, "sensor_value": 47.8, "description": "relative humidity", "unit": "%"}}, {"si7021_373a_01": {"reading_time": 1641088523.0662615, "sensor_value": 15.78, "description": "dry-bulb temperature", "unit": "degC"}, "si7021_373a_02": {"reading_time": 1641088523.0662615, "sensor_value": 47.8, "description": "relative humidity", "unit": "%"}}, {"si7021_373a_01": {"reading_time": 1641088553.125461, "sensor_value": 15.75, "description": "dry-bulb temperature", "unit": "degC"}, "si7021_373a_02": {"reading_time": 1641088553.125461, "sensor_value": 47.78, "description": "relative humidity", "unit": "%"}}, {"si7021_373a_01": {"reading_time": 1641088583.159895, "sensor_value": 15.77, "description": "dry-bulb temperature", "unit": "degC"}, "si7021_373a_02": {"reading_time": 1641088583.159895, "sensor_value": 47.77, "description": "relative humidity", "unit": "%"}}][{"si7021_373a_01": {"reading_time": 1641088613.2005486, "sensor_value": 15.78, "description": "dry-bulb temperature", "unit": "degC"}, "si7021_373a_02": {"reading_time": 1641088613.2005486, "sensor_value": 47.75, "description": "relative humidity", "unit": "%"}}, {"si7021_373a_01": {"reading_time": 1641088643.2596662, "sensor_value": 15.75, "description": "dry-bulb temperature", "unit": "degC"}, "si7021_373a_02": {"reading_time": 1641088643.2596662, "sensor_value": 47.74, "description": "relative humidity", "unit": "%"}}, {"si7021_373a_01": {"reading_time": 1641088673.319072, "sensor_value": 15.76, "description": "dry-bulb temperature", "unit": "degC"}, "si7021_373a_02": {"reading_time": 1641088673.319072, "sensor_value": 47.75, "description": "relative humidity", "unit": "%"}}, {"si7021_373a_01": {"reading_time": 1641088703.3482184, "sensor_value": 15.75, "description": "dry-bulb temperature", "unit": "degC"}, "si7021_373a_02": {"reading_time": 1641088703.3482184, "sensor_value": 47.77, "description": "relative humidity", "unit": "%"}}]