[{"si7021_373a_01": {"reading_time": 1641070701.8975878, "sensor_value": 16.25, "description": "dry-bulb temperature", "unit": "degC"}, "si7021_373a_02": {"reading_time": 1641070701.8975878, "sensor_value": 48.57, "description": "relative humidity", "unit": "%"}}, {"si7021_373a_01": {"reading_time": 1641070731.956932, "sensor_value": 16.22, "description": "dry-bulb temperature", "unit": "degC"}, "si7021_373a_02": {"reading_time": 1641070731.956932, "sensor_value": 48.58, "description": "relative humidity", "unit": "%"}}, {"si7021_373a_01": {"reading_time": 1641070762.0120292, "sensor_value": 16.24, "description": "dry-bulb temperature", "unit": "degC"}, "si7021_373a_02": {"reading_time": 1641070762.0120292, "sensor_value": 48.56, "description": "relative humidity", "unit": "%"}}, {"si7021_373a_01": {"reading_time": 1641070792.0462422, "sensor_value": 16.22, "description": "dry-bulb temperature", "unit": "degC"}, "si7021_373a_02": {"reading_time": 1641070792.0462422, "sensor_value": 48.57, "description": "relative humidity", "unit": "%"}}][{"si7021_373a_01": {"reading_time": 1641070822.0882761, "sensor_value": 16.22, "description": "dry-bulb temperature", "unit": "degC"}, "si7021_373a_02": {"reading_time": 1641070822.0882761, "sensor_value": 48.55, "description": "relative humidity", "unit": "%"}}, {"si7021_373a_01": {"reading_time": 1641070852.147602, "sensor_value": 16.22, "description": "dry-bulb temperature", "unit": "degC"}, "si7021_373a_02": {"reading_time": 1641070852.147602, "sensor_value": 48.56, "description": "relative humidity", "unit": "%"}}, {"si7021_373a_01": {"reading_time": 1641070882.2066963, "sensor_value": 16.25, "description": "dry-bulb temperature", "unit": "degC"}, "si7021_373a_02": {"reading_time": 1641070882.2066963, "sensor_value": 48.57, "description": "relative humidity", "unit": "%"}}, {"si7021_373a_01": {"reading_time": 1641070912.2518075, "sensor_value": 16.22, "description": "dry-bulb temperature", "unit": "degC"}, "si7021_373a_02": {"reading_time": 1641070912.2518075, "sensor_value": 48.58, "description": "relative humidity", "unit": "%"}}][{"si7021_373a_01": {"reading_time": 1641070942.2888973, "sensor_value": 16.22, "description": "dry-bulb temperature", "unit": "degC"}, "si7021_373a_02": {"reading_time": 1641070942.2888973, "sensor_value": 48.55, "description": "relative humidity", "unit": "%"}}, {"si7021_373a_01": {"reading_time": 1641070972.3323164, "sensor_value": 16.22, "description": "dry-bulb temperature", "unit": "degC"}, "si7021_373a_02": {"reading_time": 1641070972.3323164, "sensor_value": 48.57, "description": "relative humidity", "unit": "%"}}, {"si7021_373a_01": {"reading_time": 1641071002.3922992, "sensor_value": 16.24, "description": "dry-bulb temperature", "unit": "degC"}, "si7021_373a_02": {"reading_time": 1641071002.3922992, "sensor_value": 48.56, "description": "relative humidity", "unit": "%"}}, {"si7021_373a_01": {"reading_time": 1641071032.4242678, "sensor_value": 16.22, "description": "dry-bulb temperature", "unit": "degC"}, "si7021_373a_02": {"reading_time": 1641071032.4242678, "sensor_value": 48.55, "description": "relative humidity", "unit": "%"}}][{"si7021_373a_01": {"reading_time": 1641071062.4580004, "sensor_value": 16.22, "description": "dry-bulb temperature", "unit": "degC"}, "si7021_373a_02": {"reading_time": 1641071062.4580004, "sensor_value": 48.55, "description": "relative humidity", "unit": "%"}}, {"si7021_373a_01": {"reading_time": 1641071092.5172336, "sensor_value": 16.2, "description": "dry-bulb temperature", "unit": "degC"}, "si7021_373a_02": {"reading_time": 1641071092.5172336, "sensor_value": 48.55, "description": "relative humidity", "unit": "%"}}, {"si7021_373a_01": {"reading_time": 1641071122.5770023, "sensor_value": 16.22, "description": "dry-bulb temperature", "unit": "degC"}, "si7021_373a_02": {"reading_time": 1641071122.5770023, "sensor_value": 48.56, "description": "relative humidity", "unit": "%"}}, {"si7021_373a_01": {"reading_time": 1641071152.6162674, "sensor_value": 16.22, "description": "dry-bulb temperature", "unit": "degC"}, "si7021_373a_02": {"reading_time": 1641071152.6162674, "sensor_value": 48.58, "description": "relative humidity", "unit": "%"}}][{"si7021_373a_01": {"reading_time": 1641071182.6588986, "sensor_value": 16.22, "description": "dry-bulb temperature", "unit": "degC"}, "si7021_373a_02": {"reading_time": 1641071182.6588986, "sensor_value": 48.55, "description": "relative humidity", "unit": "%"}}, {"si7021_373a_01": {"reading_time": 1641071212.7154026, "sensor_value": 16.22, "description": "dry-bulb temperature", "unit": "degC"}, "si7021_373a_02": {"reading_time": 1641071212.7154026, "sensor_value": 48.55, "description": "relative humidity", "unit": "%"}}, {"si7021_373a_01": {"reading_time": 1641071242.7567647, "sensor_value": 16.22, "description": "dry-bulb temperature", "unit": "degC"}, "si7021_373a_02": {"reading_time": 1641071242.7567647, "sensor_value": 48.55, "description": "relative humidity", "unit": "%"}}, {"si7021_373a_01": {"reading_time": 1641071272.786638, "sensor_value": 16.22, "description": "dry-bulb temperature", "unit": "degC"}, "si7021_373a_02": {"reading_time": 1641071272.786638, "sensor_value": 48.55, "description": "relative humidity", "unit": "%"}}][{"si7021_373a_01": {"reading_time": 1641071302.8479962, "sensor_value": 16.22, "description": "dry-bulb temperature", "unit": "degC"}, "si7021_373a_02": {"reading_time": 1641071302.8479962, "sensor_value": 48.55, "description": "relative humidity", "unit": "%"}}, {"si7021_373a_01": {"reading_time": 1641071332.9069223, "sensor_value": 16.25, "description": "dry-bulb temperature", "unit": "degC"}, "si7021_373a_02": {"reading_time": 1641071332.9069223, "sensor_value": 48.55, "description": "relative humidity", "unit": "%"}}, {"si7021_373a_01": {"reading_time": 1641071362.9451845, "sensor_value": 16.21, "description": "dry-bulb temperature", "unit": "degC"}, "si7021_373a_02": {"reading_time": 1641071362.9451845, "sensor_value": 48.55, "description": "relative humidity", "unit": "%"}}, {"si7021_373a_01": {"reading_time": 1641071392.9755194, "sensor_value": 16.22, "description": "dry-bulb temperature", "unit": "degC"}, "si7021_373a_02": {"reading_time": 1641071392.9755194, "sensor_value": 48.54, "description": "relative humidity", "unit": "%"}}][{"si7021_373a_01": {"reading_time": 1641071423.0368266, "sensor_value": 16.21, "description": "dry-bulb temperature", "unit": "degC"}, "si7021_373a_02": {"reading_time": 1641071423.0368266, "sensor_value": 48.55, "description": "relative humidity", "unit": "%"}}, {"si7021_373a_01": {"reading_time": 1641071453.0952995, "sensor_value": 16.21, "description": "dry-bulb temperature", "unit": "degC"}, "si7021_373a_02": {"reading_time": 1641071453.0952995, "sensor_value": 48.54, "description": "relative humidity", "unit": "%"}}, {"si7021_373a_01": {"reading_time": 1641071483.1262233, "sensor_value": 16.24, "description": "dry-bulb temperature", "unit": "degC"}, "si7021_373a_02": {"reading_time": 1641071483.1262233, "sensor_value": 48.56, "description": "relative humidity", "unit": "%"}}, {"si7021_373a_01": {"reading_time": 1641071513.1562288, "sensor_value": 16.2, "description": "dry-bulb temperature", "unit": "degC"}, "si7021_373a_02": {"reading_time": 1641071513.1562288, "sensor_value": 48.57, "description": "relative humidity", "unit": "%"}}][{"si7021_373a_01": {"reading_time": 1641071543.191614, "sensor_value": 16.22, "description": "dry-bulb temperature", "unit": "degC"}, "si7021_373a_02": {"reading_time": 1641071543.191614, "sensor_value": 48.58, "description": "relative humidity", "unit": "%"}}, {"si7021_373a_01": {"reading_time": 1641071573.2506454, "sensor_value": 16.22, "description": "dry-bulb temperature", "unit": "degC"}, "si7021_373a_02": {"reading_time": 1641071573.2506454, "sensor_value": 48.58, "description": "relative humidity", "unit": "%"}}, {"si7021_373a_01": {"reading_time": 1641071603.2820473, "sensor_value": 16.22, "description": "dry-bulb temperature", "unit": "degC"}, "si7021_373a_02": {"reading_time": 1641071603.2820473, "sensor_value": 48.57, "description": "relative humidity", "unit": "%"}}, {"si7021_373a_01": {"reading_time": 1641071633.3136082, "sensor_value": 16.22, "description": "dry-bulb temperature", "unit": "degC"}, "si7021_373a_02": {"reading_time": 1641071633.3136082, "sensor_value": 48.56, "description": "relative humidity", "unit": "%"}}][{"si7021_373a_01": {"reading_time": 1641071663.37514, "sensor_value": 16.24, "description": "dry-bulb temperature", "unit": "degC"}, "si7021_373a_02": {"reading_time": 1641071663.37514, "sensor_value": 48.57, "description": "relative humidity", "unit": "%"}}, {"si7021_373a_01": {"reading_time": 1641071693.4121978, "sensor_value": 16.22, "description": "dry-bulb temperature", "unit": "degC"}, "si7021_373a_02": {"reading_time": 1641071693.4121978, "sensor_value": 48.55, "description": "relative humidity", "unit": "%"}}, {"si7021_373a_01": {"reading_time": 1641071723.4445853, "sensor_value": 16.24, "description": "dry-bulb temperature", "unit": "degC"}, "si7021_373a_02": {"reading_time": 1641071723.4445853, "sensor_value": 48.55, "description": "relative humidity", "unit": "%"}}, {"si7021_373a_01": {"reading_time": 1641071753.477391, "sensor_value": 16.24, "description": "dry-bulb temperature", "unit": "degC"}, "si7021_373a_02": {"reading_time": 1641071753.477391, "sensor_value": 48.57, "description": "relative humidity", "unit": "%"}}][{"si7021_373a_01": {"reading_time": 1641071783.5388262, "sensor_value": 16.24, "description": "dry-bulb temperature", "unit": "degC"}, "si7021_373a_02": {"reading_time": 1641071783.5388262, "sensor_value": 48.55, "description": "relative humidity", "unit": "%"}}, {"si7021_373a_01": {"reading_time": 1641071813.5740173, "sensor_value": 16.24, "description": "dry-bulb temperature", "unit": "degC"}, "si7021_373a_02": {"reading_time": 1641071813.5740173, "sensor_value": 48.56, "description": "relative humidity", "unit": "%"}}, {"si7021_373a_01": {"reading_time": 1641071843.6084669, "sensor_value": 16.21, "description": "dry-bulb temperature", "unit": "degC"}, "si7021_373a_02": {"reading_time": 1641071843.6084669, "sensor_value": 48.57, "description": "relative humidity", "unit": "%"}}, {"si7021_373a_01": {"reading_time": 1641071873.6675768, "sensor_value": 16.25, "description": "dry-bulb temperature", "unit": "degC"}, "si7021_373a_02": {"reading_time": 1641071873.6675768, "sensor_value": 48.56, "description": "relative humidity", "unit": "%"}}][{"si7021_373a_01": {"reading_time": 1641071903.7201076, "sensor_value": 16.22, "description": "dry-bulb temperature", "unit": "degC"}, "si7021_373a_02": {"reading_time": 1641071903.7201076, "sensor_value": 48.57, "description": "relative humidity", "unit": "%"}}, {"si7021_373a_01": {"reading_time": 1641071933.7535813, "sensor_value": 16.24, "description": "dry-bulb temperature", "unit": "degC"}, "si7021_373a_02": {"reading_time": 1641071933.7535813, "sensor_value": 48.57, "description": "relative humidity", "unit": "%"}}, {"si7021_373a_01": {"reading_time": 1641071963.804554, "sensor_value": 16.24, "description": "dry-bulb temperature", "unit": "degC"}, "si7021_373a_02": {"reading_time": 1641071963.804554, "sensor_value": 48.58, "description": "relative humidity", "unit": "%"}}, {"si7021_373a_01": {"reading_time": 1641071993.8624306, "sensor_value": 16.25, "description": "dry-bulb temperature", "unit": "degC"}, "si7021_373a_02": {"reading_time": 1641071993.8624306, "sensor_value": 48.55, "description": "relative humidity", "unit": "%"}}][{"si7021_373a_01": {"reading_time": 1641072023.923704, "sensor_value": 16.25, "description": "dry-bulb temperature", "unit": "degC"}, "si7021_373a_02": {"reading_time": 1641072023.923704, "sensor_value": 48.55, "description": "relative humidity", "unit": "%"}}, {"si7021_373a_01": {"reading_time": 1641072053.974561, "sensor_value": 16.25, "description": "dry-bulb temperature", "unit": "degC"}, "si7021_373a_02": {"reading_time": 1641072053.974561, "sensor_value": 48.55, "description": "relative humidity", "unit": "%"}}, {"si7021_373a_01": {"reading_time": 1641072084.0245662, "sensor_value": 16.25, "description": "dry-bulb temperature", "unit": "degC"}, "si7021_373a_02": {"reading_time": 1641072084.0245662, "sensor_value": 48.56, "description": "relative humidity", "unit": "%"}}, {"si7021_373a_01": {"reading_time": 1641072114.0832002, "sensor_value": 16.22, "description": "dry-bulb temperature", "unit": "degC"}, "si7021_373a_02": {"reading_time": 1641072114.0832002, "sensor_value": 48.56, "description": "relative humidity", "unit": "%"}}][{"si7021_373a_01": {"reading_time": 1641072144.1442845, "sensor_value": 16.25, "description": "dry-bulb temperature", "unit": "degC"}, "si7021_373a_02": {"reading_time": 1641072144.1442845, "sensor_value": 48.55, "description": "relative humidity", "unit": "%"}}, {"si7021_373a_01": {"reading_time": 1641072174.1782002, "sensor_value": 16.24, "description": "dry-bulb temperature", "unit": "degC"}, "si7021_373a_02": {"reading_time": 1641072174.1782002, "sensor_value": 48.55, "description": "relative humidity", "unit": "%"}}, {"si7021_373a_01": {"reading_time": 1641072204.2156253, "sensor_value": 16.24, "description": "dry-bulb temperature", "unit": "degC"}, "si7021_373a_02": {"reading_time": 1641072204.2156253, "sensor_value": 48.55, "description": "relative humidity", "unit": "%"}}, {"si7021_373a_01": {"reading_time": 1641072234.2752986, "sensor_value": 16.24, "description": "dry-bulb temperature", "unit": "degC"}, "si7021_373a_02": {"reading_time": 1641072234.2752986, "sensor_value": 48.55, "description": "relative humidity", "unit": "%"}}][{"si7021_373a_01": {"reading_time": 1641072264.308413, "sensor_value": 16.25, "description": "dry-bulb temperature", "unit": "degC"}, "si7021_373a_02": {"reading_time": 1641072264.308413, "sensor_value": 48.55, "description": "relative humidity", "unit": "%"}}, {"si7021_373a_01": {"reading_time": 1641072294.3456345, "sensor_value": 16.22, "description": "dry-bulb temperature", "unit": "degC"}, "si7021_373a_02": {"reading_time": 1641072294.3456345, "sensor_value": 48.56, "description": "relative humidity", "unit": "%"}}, {"si7021_373a_01": {"reading_time": 1641072324.3849864, "sensor_value": 16.22, "description": "dry-bulb temperature", "unit": "degC"}, "si7021_373a_02": {"reading_time": 1641072324.3849864, "sensor_value": 48.55, "description": "relative humidity", "unit": "%"}}, {"si7021_373a_01": {"reading_time": 1641072354.4440525, "sensor_value": 16.26, "description": "dry-bulb temperature", "unit": "degC"}, "si7021_373a_02": {"reading_time": 1641072354.4440525, "sensor_value": 48.55, "description": "relative humidity", "unit": "%"}}][{"si7021_373a_01": {"reading_time": 1641072384.4784477, "sensor_value": 16.21, "description": "dry-bulb temperature", "unit": "degC"}, "si7021_373a_02": {"reading_time": 1641072384.4784477, "sensor_value": 48.57, "description": "relative humidity", "unit": "%"}}, {"si7021_373a_01": {"reading_time": 1641072414.5149882, "sensor_value": 16.24, "description": "dry-bulb temperature", "unit": "degC"}, "si7021_373a_02": {"reading_time": 1641072414.5149882, "sensor_value": 48.58, "description": "relative humidity", "unit": "%"}}, {"si7021_373a_01": {"reading_time": 1641072444.5742776, "sensor_value": 16.24, "description": "dry-bulb temperature", "unit": "degC"}, "si7021_373a_02": {"reading_time": 1641072444.5742776, "sensor_value": 48.55, "description": "relative humidity", "unit": "%"}}, {"si7021_373a_01": {"reading_time": 1641072474.6334276, "sensor_value": 16.24, "description": "dry-bulb temperature", "unit": "degC"}, "si7021_373a_02": {"reading_time": 1641072474.6334276, "sensor_value": 48.57, "description": "relative humidity", "unit": "%"}}][{"si7021_373a_01": {"reading_time": 1641072504.6756299, "sensor_value": 16.24, "description": "dry-bulb temperature", "unit": "degC"}, "si7021_373a_02": {"reading_time": 1641072504.6756299, "sensor_value": 48.57, "description": "relative humidity", "unit": "%"}}, {"si7021_373a_01": {"reading_time": 1641072534.7116084, "sensor_value": 16.26, "description": "dry-bulb temperature", "unit": "degC"}, "si7021_373a_02": {"reading_time": 1641072534.7116084, "sensor_value": 48.56, "description": "relative humidity", "unit": "%"}}, {"si7021_373a_01": {"reading_time": 1641072564.770745, "sensor_value": 16.24, "description": "dry-bulb temperature", "unit": "degC"}, "si7021_373a_02": {"reading_time": 1641072564.770745, "sensor_value": 48.57, "description": "relative humidity", "unit": "%"}}, {"si7021_373a_01": {"reading_time": 1641072594.8300438, "sensor_value": 16.25, "description": "dry-bulb temperature", "unit": "degC"}, "si7021_373a_02": {"reading_time": 1641072594.8300438, "sensor_value": 48.55, "description": "relative humidity", "unit": "%"}}][{"si7021_373a_01": {"reading_time": 1641072624.8674028, "sensor_value": 16.26, "description": "dry-bulb temperature", "unit": "degC"}, "si7021_373a_02": {"reading_time": 1641072624.8674028, "sensor_value": 48.55, "description": "relative humidity", "unit": "%"}}, {"si7021_373a_01": {"reading_time": 1641072654.899402, "sensor_value": 16.22, "description": "dry-bulb temperature", "unit": "degC"}, "si7021_373a_02": {"reading_time": 1641072654.899402, "sensor_value": 48.53, "description": "relative humidity", "unit": "%"}}, {"si7021_373a_01": {"reading_time": 1641072684.9634514, "sensor_value": 16.22, "description": "dry-bulb temperature", "unit": "degC"}, "si7021_373a_02": {"reading_time": 1641072684.9634514, "sensor_value": 48.55, "description": "relative humidity", "unit": "%"}}, {"si7021_373a_01": {"reading_time": 1641072715.0222847, "sensor_value": 16.24, "description": "dry-bulb temperature", "unit": "degC"}, "si7021_373a_02": {"reading_time": 1641072715.0222847, "sensor_value": 48.55, "description": "relative humidity", "unit": "%"}}][{"si7021_373a_01": {"reading_time": 1641072745.0608761, "sensor_value": 16.27, "description": "dry-bulb temperature", "unit": "degC"}, "si7021_373a_02": {"reading_time": 1641072745.0608761, "sensor_value": 48.55, "description": "relative humidity", "unit": "%"}}, {"si7021_373a_01": {"reading_time": 1641072775.1065621, "sensor_value": 16.22, "description": "dry-bulb temperature", "unit": "degC"}, "si7021_373a_02": {"reading_time": 1641072775.1065621, "sensor_value": 48.55, "description": "relative humidity", "unit": "%"}}, {"si7021_373a_01": {"reading_time": 1641072805.1501012, "sensor_value": 16.24, "description": "dry-bulb temperature", "unit": "degC"}, "si7021_373a_02": {"reading_time": 1641072805.1501012, "sensor_value": 48.56, "description": "relative humidity", "unit": "%"}}, {"si7021_373a_01": {"reading_time": 1641072835.1862817, "sensor_value": 16.25, "description": "dry-bulb temperature", "unit": "degC"}, "si7021_373a_02": {"reading_time": 1641072835.1862817, "sensor_value": 48.55, "description": "relative humidity", "unit": "%"}}][{"si7021_373a_01": {"reading_time": 1641072865.2480378, "sensor_value": 16.26, "description": "dry-bulb temperature", "unit": "degC"}, "si7021_373a_02": {"reading_time": 1641072865.2480378, "sensor_value": 48.56, "description": "relative humidity", "unit": "%"}}, {"si7021_373a_01": {"reading_time": 1641072895.2835581, "sensor_value": 16.24, "description": "dry-bulb temperature", "unit": "degC"}, "si7021_373a_02": {"reading_time": 1641072895.2835581, "sensor_value": 48.55, "description": "relative humidity", "unit": "%"}}, {"si7021_373a_01": {"reading_time": 1641072925.3413148, "sensor_value": 16.25, "description": "dry-bulb temperature", "unit": "degC"}, "si7021_373a_02": {"reading_time": 1641072925.3413148, "sensor_value": 48.55, "description": "relative humidity", "unit": "%"}}, {"si7021_373a_01": {"reading_time": 1641072955.397997, "sensor_value": 16.25, "description": "dry-bulb temperature", "unit": "degC"}, "si7021_373a_02": {"reading_time": 1641072955.397997, "sensor_value": 48.55, "description": "relative humidity", "unit": "%"}}][{"si7021_373a_01": {"reading_time": 1641072985.4423964, "sensor_value": 16.25, "description": "dry-bulb temperature", "unit": "degC"}, "si7021_373a_02": {"reading_time": 1641072985.4423964, "sensor_value": 48.57, "description": "relative humidity", "unit": "%"}}, {"si7021_373a_01": {"reading_time": 1641073015.501029, "sensor_value": 16.26, "description": "dry-bulb temperature", "unit": "degC"}, "si7021_373a_02": {"reading_time": 1641073015.501029, "sensor_value": 48.55, "description": "relative humidity", "unit": "%"}}, {"si7021_373a_01": {"reading_time": 1641073045.5605357, "sensor_value": 16.26, "description": "dry-bulb temperature", "unit": "degC"}, "si7021_373a_02": {"reading_time": 1641073045.5605357, "sensor_value": 48.55, "description": "relative humidity", "unit": "%"}}, {"si7021_373a_01": {"reading_time": 1641073075.5970583, "sensor_value": 16.25, "description": "dry-bulb temperature", "unit": "degC"}, "si7021_373a_02": {"reading_time": 1641073075.5970583, "sensor_value": 48.56, "description": "relative humidity", "unit": "%"}}][{"si7021_373a_01": {"reading_time": 1641073105.6293426, "sensor_value": 16.26, "description": "dry-bulb temperature", "unit": "degC"}, "si7021_373a_02": {"reading_time": 1641073105.6293426, "sensor_value": 48.55, "description": "relative humidity", "unit": "%"}}, {"si7021_373a_01": {"reading_time": 1641073135.6885653, "sensor_value": 16.25, "description": "dry-bulb temperature", "unit": "degC"}, "si7021_373a_02": {"reading_time": 1641073135.6885653, "sensor_value": 48.55, "description": "relative humidity", "unit": "%"}}, {"si7021_373a_01": {"reading_time": 1641073165.7480738, "sensor_value": 16.26, "description": "dry-bulb temperature", "unit": "degC"}, "si7021_373a_02": {"reading_time": 1641073165.7480738, "sensor_value": 48.57, "description": "relative humidity", "unit": "%"}}, {"si7021_373a_01": {"reading_time": 1641073195.7779264, "sensor_value": 16.25, "description": "dry-bulb temperature", "unit": "degC"}, "si7021_373a_02": {"reading_time": 1641073195.7779264, "sensor_value": 48.55, "description": "relative humidity", "unit": "%"}}][{"si7021_373a_01": {"reading_time": 1641073225.8180003, "sensor_value": 16.22, "description": "dry-bulb temperature", "unit": "degC"}, "si7021_373a_02": {"reading_time": 1641073225.8180003, "sensor_value": 48.56, "description": "relative humidity", "unit": "%"}}, {"si7021_373a_01": {"reading_time": 1641073255.8771946, "sensor_value": 16.25, "description": "dry-bulb temperature", "unit": "degC"}, "si7021_373a_02": {"reading_time": 1641073255.8771946, "sensor_value": 48.56, "description": "relative humidity", "unit": "%"}}, {"si7021_373a_01": {"reading_time": 1641073285.9199135, "sensor_value": 16.26, "description": "dry-bulb temperature", "unit": "degC"}, "si7021_373a_02": {"reading_time": 1641073285.9199135, "sensor_value": 48.57, "description": "relative humidity", "unit": "%"}}, {"si7021_373a_01": {"reading_time": 1641073315.9556336, "sensor_value": 16.26, "description": "dry-bulb temperature", "unit": "degC"}, "si7021_373a_02": {"reading_time": 1641073315.9556336, "sensor_value": 48.55, "description": "relative humidity", "unit": "%"}}][{"si7021_373a_01": {"reading_time": 1641073345.9976144, "sensor_value": 16.27, "description": "dry-bulb temperature", "unit": "degC"}, "si7021_373a_02": {"reading_time": 1641073345.9976144, "sensor_value": 48.55, "description": "relative humidity", "unit": "%"}}, {"si7021_373a_01": {"reading_time": 1641073376.0571997, "sensor_value": 16.25, "description": "dry-bulb temperature", "unit": "degC"}, "si7021_373a_02": {"reading_time": 1641073376.0571997, "sensor_value": 48.57, "description": "relative humidity", "unit": "%"}}, {"si7021_373a_01": {"reading_time": 1641073406.0904505, "sensor_value": 16.26, "description": "dry-bulb temperature", "unit": "degC"}, "si7021_373a_02": {"reading_time": 1641073406.0904505, "sensor_value": 48.56, "description": "relative humidity", "unit": "%"}}, {"si7021_373a_01": {"reading_time": 1641073436.133669, "sensor_value": 16.26, "description": "dry-bulb temperature", "unit": "degC"}, "si7021_373a_02": {"reading_time": 1641073436.133669, "sensor_value": 48.55, "description": "relative humidity", "unit": "%"}}][{"si7021_373a_01": {"reading_time": 1641073466.1875894, "sensor_value": 16.26, "description": "dry-bulb temperature", "unit": "degC"}, "si7021_373a_02": {"reading_time": 1641073466.1875894, "sensor_value": 48.57, "description": "relative humidity", "unit": "%"}}, {"si7021_373a_01": {"reading_time": 1641073496.2478304, "sensor_value": 16.24, "description": "dry-bulb temperature", "unit": "degC"}, "si7021_373a_02": {"reading_time": 1641073496.2478304, "sensor_value": 48.56, "description": "relative humidity", "unit": "%"}}, {"si7021_373a_01": {"reading_time": 1641073526.2866461, "sensor_value": 16.25, "description": "dry-bulb temperature", "unit": "degC"}, "si7021_373a_02": {"reading_time": 1641073526.2866461, "sensor_value": 48.57, "description": "relative humidity", "unit": "%"}}, {"si7021_373a_01": {"reading_time": 1641073556.3262465, "sensor_value": 16.26, "description": "dry-bulb temperature", "unit": "degC"}, "si7021_373a_02": {"reading_time": 1641073556.3262465, "sensor_value": 48.55, "description": "relative humidity", "unit": "%"}}][{"si7021_373a_01": {"reading_time": 1641073586.3882084, "sensor_value": 16.26, "description": "dry-bulb temperature", "unit": "degC"}, "si7021_373a_02": {"reading_time": 1641073586.3882084, "sensor_value": 48.55, "description": "relative humidity", "unit": "%"}}, {"si7021_373a_01": {"reading_time": 1641073616.4477203, "sensor_value": 16.26, "description": "dry-bulb temperature", "unit": "degC"}, "si7021_373a_02": {"reading_time": 1641073616.4477203, "sensor_value": 48.57, "description": "relative humidity", "unit": "%"}}, {"si7021_373a_01": {"reading_time": 1641073646.485957, "sensor_value": 16.26, "description": "dry-bulb temperature", "unit": "degC"}, "si7021_373a_02": {"reading_time": 1641073646.485957, "sensor_value": 48.56, "description": "relative humidity", "unit": "%"}}, {"si7021_373a_01": {"reading_time": 1641073676.5462394, "sensor_value": 16.25, "description": "dry-bulb temperature", "unit": "degC"}, "si7021_373a_02": {"reading_time": 1641073676.5462394, "sensor_value": 48.55, "description": "relative humidity", "unit": "%"}}][{"si7021_373a_01": {"reading_time": 1641073706.603346, "sensor_value": 16.27, "description": "dry-bulb temperature", "unit": "degC"}, "si7021_373a_02": {"reading_time": 1641073706.603346, "sensor_value": 48.55, "description": "relative humidity", "unit": "%"}}, {"si7021_373a_01": {"reading_time": 1641073736.66214, "sensor_value": 16.26, "description": "dry-bulb temperature", "unit": "degC"}, "si7021_373a_02": {"reading_time": 1641073736.66214, "sensor_value": 48.55, "description": "relative humidity", "unit": "%"}}, {"si7021_373a_01": {"reading_time": 1641073766.7163544, "sensor_value": 16.22, "description": "dry-bulb temperature", "unit": "degC"}, "si7021_373a_02": {"reading_time": 1641073766.7163544, "sensor_value": 48.54, "description": "relative humidity", "unit": "%"}}, {"si7021_373a_01": {"reading_time": 1641073796.7545917, "sensor_value": 16.27, "description": "dry-bulb temperature", "unit": "degC"}, "si7021_373a_02": {"reading_time": 1641073796.7545917, "sensor_value": 48.55, "description": "relative humidity", "unit": "%"}}][{"si7021_373a_01": {"reading_time": 1641073826.7923803, "sensor_value": 16.27, "description": "dry-bulb temperature", "unit": "degC"}, "si7021_373a_02": {"reading_time": 1641073826.7923803, "sensor_value": 48.55, "description": "relative humidity", "unit": "%"}}, {"si7021_373a_01": {"reading_time": 1641073856.844567, "sensor_value": 16.25, "description": "dry-bulb temperature", "unit": "degC"}, "si7021_373a_02": {"reading_time": 1641073856.844567, "sensor_value": 48.55, "description": "relative humidity", "unit": "%"}}, {"si7021_373a_01": {"reading_time": 1641073886.903217, "sensor_value": 16.25, "description": "dry-bulb temperature", "unit": "degC"}, "si7021_373a_02": {"reading_time": 1641073886.903217, "sensor_value": 48.57, "description": "relative humidity", "unit": "%"}}, {"si7021_373a_01": {"reading_time": 1641073916.962151, "sensor_value": 16.25, "description": "dry-bulb temperature", "unit": "degC"}, "si7021_373a_02": {"reading_time": 1641073916.962151, "sensor_value": 48.54, "description": "relative humidity", "unit": "%"}}][{"si7021_373a_01": {"reading_time": 1641073947.0236964, "sensor_value": 16.27, "description": "dry-bulb temperature", "unit": "degC"}, "si7021_373a_02": {"reading_time": 1641073947.0236964, "sensor_value": 48.55, "description": "relative humidity", "unit": "%"}}, {"si7021_373a_01": {"reading_time": 1641073977.0826547, "sensor_value": 16.27, "description": "dry-bulb temperature", "unit": "degC"}, "si7021_373a_02": {"reading_time": 1641073977.0826547, "sensor_value": 48.56, "description": "relative humidity", "unit": "%"}}, {"si7021_373a_01": {"reading_time": 1641074007.141521, "sensor_value": 16.24, "description": "dry-bulb temperature", "unit": "degC"}, "si7021_373a_02": {"reading_time": 1641074007.141521, "sensor_value": 48.55, "description": "relative humidity", "unit": "%"}}, {"si7021_373a_01": {"reading_time": 1641074037.174589, "sensor_value": 16.26, "description": "dry-bulb temperature", "unit": "degC"}, "si7021_373a_02": {"reading_time": 1641074037.174589, "sensor_value": 48.55, "description": "relative humidity", "unit": "%"}}][{"si7021_373a_01": {"reading_time": 1641074067.2180033, "sensor_value": 16.25, "description": "dry-bulb temperature", "unit": "degC"}, "si7021_373a_02": {"reading_time": 1641074067.2180033, "sensor_value": 48.56, "description": "relative humidity", "unit": "%"}}, {"si7021_373a_01": {"reading_time": 1641074097.2783425, "sensor_value": 16.27, "description": "dry-bulb temperature", "unit": "degC"}, "si7021_373a_02": {"reading_time": 1641074097.2783425, "sensor_value": 48.58, "description": "relative humidity", "unit": "%"}}, {"si7021_373a_01": {"reading_time": 1641074127.3380792, "sensor_value": 16.25, "description": "dry-bulb temperature", "unit": "degC"}, "si7021_373a_02": {"reading_time": 1641074127.3380792, "sensor_value": 48.55, "description": "relative humidity", "unit": "%"}}, {"si7021_373a_01": {"reading_time": 1641074157.391, "sensor_value": 16.26, "description": "dry-bulb temperature", "unit": "degC"}, "si7021_373a_02": {"reading_time": 1641074157.391, "sensor_value": 48.55, "description": "relative humidity", "unit": "%"}}][{"si7021_373a_01": {"reading_time": 1641074187.4296536, "sensor_value": 16.27, "description": "dry-bulb temperature", "unit": "degC"}, "si7021_373a_02": {"reading_time": 1641074187.4296536, "sensor_value": 48.55, "description": "relative humidity", "unit": "%"}}, {"si7021_373a_01": {"reading_time": 1641074217.488475, "sensor_value": 16.25, "description": "dry-bulb temperature", "unit": "degC"}, "si7021_373a_02": {"reading_time": 1641074217.488475, "sensor_value": 48.54, "description": "relative humidity", "unit": "%"}}, {"si7021_373a_01": {"reading_time": 1641074247.5454092, "sensor_value": 16.24, "description": "dry-bulb temperature", "unit": "degC"}, "si7021_373a_02": {"reading_time": 1641074247.5454092, "sensor_value": 48.53, "description": "relative humidity", "unit": "%"}}, {"si7021_373a_01": {"reading_time": 1641074277.60207, "sensor_value": 16.26, "description": "dry-bulb temperature", "unit": "degC"}, "si7021_373a_02": {"reading_time": 1641074277.60207, "sensor_value": 48.54, "description": "relative humidity", "unit": "%"}}]