[{"si7021_373a_01": {"reading_time": 1641045578.3850965, "sensor_value": 15.59, "description": "dry-bulb temperature", "unit": "degC"}, "si7021_373a_02": {"reading_time": 1641045578.3850965, "sensor_value": 50.31, "description": "relative humidity", "unit": "%"}}, {"si7021_373a_01": {"reading_time": 1641045608.4435422, "sensor_value": 15.56, "description": "dry-bulb temperature", "unit": "degC"}, "si7021_373a_02": {"reading_time": 1641045608.4435422, "sensor_value": 50.32, "description": "relative humidity", "unit": "%"}}, {"si7021_373a_01": {"reading_time": 1641045638.5025563, "sensor_value": 15.55, "description": "dry-bulb temperature", "unit": "degC"}, "si7021_373a_02": {"reading_time": 1641045638.5025563, "sensor_value": 50.31, "description": "relative humidity", "unit": "%"}}, {"si7021_373a_01": {"reading_time": 1641045668.5616097, "sensor_value": 15.57, "description": "dry-bulb temperature", "unit": "degC"}, "si7021_373a_02": {"reading_time": 1641045668.5616097, "sensor_value": 50.32, "description": "relative humidity", "unit": "%"}}][{"si7021_373a_01": {"reading_time": 1641045698.6239173, "sensor_value": 15.58, "description": "dry-bulb temperature", "unit": "degC"}, "si7021_373a_02": {"reading_time": 1641045698.6239173, "sensor_value": 50.29, "description": "relative humidity", "unit": "%"}}, {"si7021_373a_01": {"reading_time": 1641045728.6832328, "sensor_value": 15.57, "description": "dry-bulb temperature", "unit": "degC"}, "si7021_373a_02": {"reading_time": 1641045728.6832328, "sensor_value": 50.28, "description": "relative humidity", "unit": "%"}}, {"si7021_373a_01": {"reading_time": 1641045758.7157698, "sensor_value": 15.57, "description": "dry-bulb temperature", "unit": "degC"}, "si7021_373a_02": {"reading_time": 1641045758.7157698, "sensor_value": 50.26, "description": "relative humidity", "unit": "%"}}, {"si7021_373a_01": {"reading_time": 1641045788.7750962, "sensor_value": 15.56, "description": "dry-bulb temperature", "unit": "degC"}, "si7021_373a_02": {"reading_time": 1641045788.7750962, "sensor_value": 50.26, "description": "relative humidity", "unit": "%"}}][{"si7021_373a_01": {"reading_time": 1641045818.836759, "sensor_value": 15.57, "description": "dry-bulb temperature", "unit": "degC"}, "si7021_373a_02": {"reading_time": 1641045818.836759, "sensor_value": 50.26, "description": "relative humidity", "unit": "%"}}, {"si7021_373a_01": {"reading_time": 1641045848.8959017, "sensor_value": 15.57, "description": "dry-bulb temperature", "unit": "degC"}, "si7021_373a_02": {"reading_time": 1641045848.8959017, "sensor_value": 50.26, "description": "relative humidity", "unit": "%"}}, {"si7021_373a_01": {"reading_time": 1641045878.9551241, "sensor_value": 15.55, "description": "dry-bulb temperature", "unit": "degC"}, "si7021_373a_02": {"reading_time": 1641045878.9551241, "sensor_value": 50.26, "description": "relative humidity", "unit": "%"}}, {"si7021_373a_01": {"reading_time": 1641045909.0141795, "sensor_value": 15.55, "description": "dry-bulb temperature", "unit": "degC"}, "si7021_373a_02": {"reading_time": 1641045909.0141795, "sensor_value": 50.23, "description": "relative humidity", "unit": "%"}}][{"si7021_373a_01": {"reading_time": 1641045939.0758982, "sensor_value": 15.56, "description": "dry-bulb temperature", "unit": "degC"}, "si7021_373a_02": {"reading_time": 1641045939.0758982, "sensor_value": 50.23, "description": "relative humidity", "unit": "%"}}, {"si7021_373a_01": {"reading_time": 1641045969.1350412, "sensor_value": 15.54, "description": "dry-bulb temperature", "unit": "degC"}, "si7021_373a_02": {"reading_time": 1641045969.1350412, "sensor_value": 50.22, "description": "relative humidity", "unit": "%"}}, {"si7021_373a_01": {"reading_time": 1641045999.1745899, "sensor_value": 15.55, "description": "dry-bulb temperature", "unit": "degC"}, "si7021_373a_02": {"reading_time": 1641045999.1745899, "sensor_value": 50.22, "description": "relative humidity", "unit": "%"}}, {"si7021_373a_01": {"reading_time": 1641046029.2334738, "sensor_value": 15.54, "description": "dry-bulb temperature", "unit": "degC"}, "si7021_373a_02": {"reading_time": 1641046029.2334738, "sensor_value": 50.2, "description": "relative humidity", "unit": "%"}}][{"si7021_373a_01": {"reading_time": 1641046059.2952673, "sensor_value": 15.57, "description": "dry-bulb temperature", "unit": "degC"}, "si7021_373a_02": {"reading_time": 1641046059.2952673, "sensor_value": 50.19, "description": "relative humidity", "unit": "%"}}, {"si7021_373a_01": {"reading_time": 1641046089.355422, "sensor_value": 15.57, "description": "dry-bulb temperature", "unit": "degC"}, "si7021_373a_02": {"reading_time": 1641046089.355422, "sensor_value": 50.19, "description": "relative humidity", "unit": "%"}}, {"si7021_373a_01": {"reading_time": 1641046119.414369, "sensor_value": 15.55, "description": "dry-bulb temperature", "unit": "degC"}, "si7021_373a_02": {"reading_time": 1641046119.414369, "sensor_value": 50.16, "description": "relative humidity", "unit": "%"}}, {"si7021_373a_01": {"reading_time": 1641046149.4732635, "sensor_value": 15.55, "description": "dry-bulb temperature", "unit": "degC"}, "si7021_373a_02": {"reading_time": 1641046149.4732635, "sensor_value": 50.15, "description": "relative humidity", "unit": "%"}}][{"si7021_373a_01": {"reading_time": 1641046179.5272472, "sensor_value": 15.56, "description": "dry-bulb temperature", "unit": "degC"}, "si7021_373a_02": {"reading_time": 1641046179.5272472, "sensor_value": 50.14, "description": "relative humidity", "unit": "%"}}, {"si7021_373a_01": {"reading_time": 1641046209.5864542, "sensor_value": 15.53, "description": "dry-bulb temperature", "unit": "degC"}, "si7021_373a_02": {"reading_time": 1641046209.5864542, "sensor_value": 50.15, "description": "relative humidity", "unit": "%"}}, {"si7021_373a_01": {"reading_time": 1641046239.6497009, "sensor_value": 15.56, "description": "dry-bulb temperature", "unit": "degC"}, "si7021_373a_02": {"reading_time": 1641046239.6497009, "sensor_value": 50.16, "description": "relative humidity", "unit": "%"}}, {"si7021_373a_01": {"reading_time": 1641046269.6815195, "sensor_value": 15.56, "description": "dry-bulb temperature", "unit": "degC"}, "si7021_373a_02": {"reading_time": 1641046269.6815195, "sensor_value": 50.16, "description": "relative humidity", "unit": "%"}}][{"si7021_373a_01": {"reading_time": 1641046299.7328172, "sensor_value": 15.56, "description": "dry-bulb temperature", "unit": "degC"}, "si7021_373a_02": {"reading_time": 1641046299.7328172, "sensor_value": 50.11, "description": "relative humidity", "unit": "%"}}, {"si7021_373a_01": {"reading_time": 1641046329.7919397, "sensor_value": 15.57, "description": "dry-bulb temperature", "unit": "degC"}, "si7021_373a_02": {"reading_time": 1641046329.7919397, "sensor_value": 50.12, "description": "relative humidity", "unit": "%"}}, {"si7021_373a_01": {"reading_time": 1641046359.834578, "sensor_value": 15.56, "description": "dry-bulb temperature", "unit": "degC"}, "si7021_373a_02": {"reading_time": 1641046359.834578, "sensor_value": 50.09, "description": "relative humidity", "unit": "%"}}, {"si7021_373a_01": {"reading_time": 1641046389.8972383, "sensor_value": 15.55, "description": "dry-bulb temperature", "unit": "degC"}, "si7021_373a_02": {"reading_time": 1641046389.8972383, "sensor_value": 50.07, "description": "relative humidity", "unit": "%"}}][{"si7021_373a_01": {"reading_time": 1641046419.958795, "sensor_value": 15.56, "description": "dry-bulb temperature", "unit": "degC"}, "si7021_373a_02": {"reading_time": 1641046419.958795, "sensor_value": 50.06, "description": "relative humidity", "unit": "%"}}, {"si7021_373a_01": {"reading_time": 1641046449.9983401, "sensor_value": 15.54, "description": "dry-bulb temperature", "unit": "degC"}, "si7021_373a_02": {"reading_time": 1641046449.9983401, "sensor_value": 50.07, "description": "relative humidity", "unit": "%"}}, {"si7021_373a_01": {"reading_time": 1641046480.0570323, "sensor_value": 15.55, "description": "dry-bulb temperature", "unit": "degC"}, "si7021_373a_02": {"reading_time": 1641046480.0570323, "sensor_value": 50.06, "description": "relative humidity", "unit": "%"}}, {"si7021_373a_01": {"reading_time": 1641046510.1156788, "sensor_value": 15.56, "description": "dry-bulb temperature", "unit": "degC"}, "si7021_373a_02": {"reading_time": 1641046510.1156788, "sensor_value": 50.05, "description": "relative humidity", "unit": "%"}}][{"si7021_373a_01": {"reading_time": 1641046540.1770315, "sensor_value": 15.56, "description": "dry-bulb temperature", "unit": "degC"}, "si7021_373a_02": {"reading_time": 1641046540.1770315, "sensor_value": 50.04, "description": "relative humidity", "unit": "%"}}, {"si7021_373a_01": {"reading_time": 1641046570.236581, "sensor_value": 15.55, "description": "dry-bulb temperature", "unit": "degC"}, "si7021_373a_02": {"reading_time": 1641046570.236581, "sensor_value": 50.03, "description": "relative humidity", "unit": "%"}}, {"si7021_373a_01": {"reading_time": 1641046600.2954388, "sensor_value": 15.57, "description": "dry-bulb temperature", "unit": "degC"}, "si7021_373a_02": {"reading_time": 1641046600.2954388, "sensor_value": 50.04, "description": "relative humidity", "unit": "%"}}, {"si7021_373a_01": {"reading_time": 1641046630.356068, "sensor_value": 15.55, "description": "dry-bulb temperature", "unit": "degC"}, "si7021_373a_02": {"reading_time": 1641046630.356068, "sensor_value": 50.02, "description": "relative humidity", "unit": "%"}}][{"si7021_373a_01": {"reading_time": 1641046660.4177403, "sensor_value": 15.55, "description": "dry-bulb temperature", "unit": "degC"}, "si7021_373a_02": {"reading_time": 1641046660.4177403, "sensor_value": 50.03, "description": "relative humidity", "unit": "%"}}, {"si7021_373a_01": {"reading_time": 1641046690.4745855, "sensor_value": 15.55, "description": "dry-bulb temperature", "unit": "degC"}, "si7021_373a_02": {"reading_time": 1641046690.4745855, "sensor_value": 50.04, "description": "relative humidity", "unit": "%"}}, {"si7021_373a_01": {"reading_time": 1641046720.5338166, "sensor_value": 15.55, "description": "dry-bulb temperature", "unit": "degC"}, "si7021_373a_02": {"reading_time": 1641046720.5338166, "sensor_value": 50.01, "description": "relative humidity", "unit": "%"}}, {"si7021_373a_01": {"reading_time": 1641046750.5680263, "sensor_value": 15.55, "description": "dry-bulb temperature", "unit": "degC"}, "si7021_373a_02": {"reading_time": 1641046750.5680263, "sensor_value": 49.99, "description": "relative humidity", "unit": "%"}}][{"si7021_373a_01": {"reading_time": 1641046780.6032503, "sensor_value": 15.55, "description": "dry-bulb temperature", "unit": "degC"}, "si7021_373a_02": {"reading_time": 1641046780.6032503, "sensor_value": 49.97, "description": "relative humidity", "unit": "%"}}, {"si7021_373a_01": {"reading_time": 1641046810.6327589, "sensor_value": 15.57, "description": "dry-bulb temperature", "unit": "degC"}, "si7021_373a_02": {"reading_time": 1641046810.6327589, "sensor_value": 49.96, "description": "relative humidity", "unit": "%"}}, {"si7021_373a_01": {"reading_time": 1641046840.6653621, "sensor_value": 15.54, "description": "dry-bulb temperature", "unit": "degC"}, "si7021_373a_02": {"reading_time": 1641046840.6653621, "sensor_value": 49.98, "description": "relative humidity", "unit": "%"}}, {"si7021_373a_01": {"reading_time": 1641046870.6973648, "sensor_value": 15.54, "description": "dry-bulb temperature", "unit": "degC"}, "si7021_373a_02": {"reading_time": 1641046870.6973648, "sensor_value": 49.96, "description": "relative humidity", "unit": "%"}}][{"si7021_373a_01": {"reading_time": 1641046900.7325504, "sensor_value": 15.54, "description": "dry-bulb temperature", "unit": "degC"}, "si7021_373a_02": {"reading_time": 1641046900.7325504, "sensor_value": 49.95, "description": "relative humidity", "unit": "%"}}, {"si7021_373a_01": {"reading_time": 1641046930.7647002, "sensor_value": 15.54, "description": "dry-bulb temperature", "unit": "degC"}, "si7021_373a_02": {"reading_time": 1641046930.7647002, "sensor_value": 49.93, "description": "relative humidity", "unit": "%"}}, {"si7021_373a_01": {"reading_time": 1641046960.7972803, "sensor_value": 15.53, "description": "dry-bulb temperature", "unit": "degC"}, "si7021_373a_02": {"reading_time": 1641046960.7972803, "sensor_value": 49.91, "description": "relative humidity", "unit": "%"}}, {"si7021_373a_01": {"reading_time": 1641046990.8402994, "sensor_value": 15.53, "description": "dry-bulb temperature", "unit": "degC"}, "si7021_373a_02": {"reading_time": 1641046990.8402994, "sensor_value": 49.91, "description": "relative humidity", "unit": "%"}}][{"si7021_373a_01": {"reading_time": 1641047020.9072068, "sensor_value": 15.53, "description": "dry-bulb temperature", "unit": "degC"}, "si7021_373a_02": {"reading_time": 1641047020.9072068, "sensor_value": 49.89, "description": "relative humidity", "unit": "%"}}, {"si7021_373a_01": {"reading_time": 1641047050.9645827, "sensor_value": 15.53, "description": "dry-bulb temperature", "unit": "degC"}, "si7021_373a_02": {"reading_time": 1641047050.9645827, "sensor_value": 49.91, "description": "relative humidity", "unit": "%"}}, {"si7021_373a_01": {"reading_time": 1641047081.0229015, "sensor_value": 15.53, "description": "dry-bulb temperature", "unit": "degC"}, "si7021_373a_02": {"reading_time": 1641047081.0229015, "sensor_value": 49.9, "description": "relative humidity", "unit": "%"}}, {"si7021_373a_01": {"reading_time": 1641047111.0812714, "sensor_value": 15.53, "description": "dry-bulb temperature", "unit": "degC"}, "si7021_373a_02": {"reading_time": 1641047111.0812714, "sensor_value": 49.88, "description": "relative humidity", "unit": "%"}}][{"si7021_373a_01": {"reading_time": 1641047141.142462, "sensor_value": 15.54, "description": "dry-bulb temperature", "unit": "degC"}, "si7021_373a_02": {"reading_time": 1641047141.142462, "sensor_value": 49.87, "description": "relative humidity", "unit": "%"}}, {"si7021_373a_01": {"reading_time": 1641047171.1888855, "sensor_value": 15.54, "description": "dry-bulb temperature", "unit": "degC"}, "si7021_373a_02": {"reading_time": 1641047171.1888855, "sensor_value": 49.87, "description": "relative humidity", "unit": "%"}}, {"si7021_373a_01": {"reading_time": 1641047201.2335672, "sensor_value": 15.53, "description": "dry-bulb temperature", "unit": "degC"}, "si7021_373a_02": {"reading_time": 1641047201.2335672, "sensor_value": 49.85, "description": "relative humidity", "unit": "%"}}, {"si7021_373a_01": {"reading_time": 1641047231.2651837, "sensor_value": 15.52, "description": "dry-bulb temperature", "unit": "degC"}, "si7021_373a_02": {"reading_time": 1641047231.2651837, "sensor_value": 49.84, "description": "relative humidity", "unit": "%"}}][{"si7021_373a_01": {"reading_time": 1641047261.317163, "sensor_value": 15.53, "description": "dry-bulb temperature", "unit": "degC"}, "si7021_373a_02": {"reading_time": 1641047261.317163, "sensor_value": 49.83, "description": "relative humidity", "unit": "%"}}, {"si7021_373a_01": {"reading_time": 1641047291.3753524, "sensor_value": 15.51, "description": "dry-bulb temperature", "unit": "degC"}, "si7021_373a_02": {"reading_time": 1641047291.3753524, "sensor_value": 49.81, "description": "relative humidity", "unit": "%"}}, {"si7021_373a_01": {"reading_time": 1641047321.4171567, "sensor_value": 15.52, "description": "dry-bulb temperature", "unit": "degC"}, "si7021_373a_02": {"reading_time": 1641047321.4171567, "sensor_value": 49.81, "description": "relative humidity", "unit": "%"}}, {"si7021_373a_01": {"reading_time": 1641047351.4645724, "sensor_value": 15.52, "description": "dry-bulb temperature", "unit": "degC"}, "si7021_373a_02": {"reading_time": 1641047351.4645724, "sensor_value": 49.81, "description": "relative humidity", "unit": "%"}}][{"si7021_373a_01": {"reading_time": 1641047381.4976957, "sensor_value": 15.52, "description": "dry-bulb temperature", "unit": "degC"}, "si7021_373a_02": {"reading_time": 1641047381.4976957, "sensor_value": 49.81, "description": "relative humidity", "unit": "%"}}, {"si7021_373a_01": {"reading_time": 1641047411.5558205, "sensor_value": 15.52, "description": "dry-bulb temperature", "unit": "degC"}, "si7021_373a_02": {"reading_time": 1641047411.5558205, "sensor_value": 49.77, "description": "relative humidity", "unit": "%"}}, {"si7021_373a_01": {"reading_time": 1641047441.613933, "sensor_value": 15.51, "description": "dry-bulb temperature", "unit": "degC"}, "si7021_373a_02": {"reading_time": 1641047441.613933, "sensor_value": 49.76, "description": "relative humidity", "unit": "%"}}, {"si7021_373a_01": {"reading_time": 1641047471.6708806, "sensor_value": 15.49, "description": "dry-bulb temperature", "unit": "degC"}, "si7021_373a_02": {"reading_time": 1641047471.6708806, "sensor_value": 49.74, "description": "relative humidity", "unit": "%"}}][{"si7021_373a_01": {"reading_time": 1641047501.730207, "sensor_value": 15.53, "description": "dry-bulb temperature", "unit": "degC"}, "si7021_373a_02": {"reading_time": 1641047501.730207, "sensor_value": 49.74, "description": "relative humidity", "unit": "%"}}, {"si7021_373a_01": {"reading_time": 1641047531.7887492, "sensor_value": 15.51, "description": "dry-bulb temperature", "unit": "degC"}, "si7021_373a_02": {"reading_time": 1641047531.7887492, "sensor_value": 49.74, "description": "relative humidity", "unit": "%"}}, {"si7021_373a_01": {"reading_time": 1641047561.8471549, "sensor_value": 15.51, "description": "dry-bulb temperature", "unit": "degC"}, "si7021_373a_02": {"reading_time": 1641047561.8471549, "sensor_value": 49.71, "description": "relative humidity", "unit": "%"}}, {"si7021_373a_01": {"reading_time": 1641047591.905866, "sensor_value": 15.52, "description": "dry-bulb temperature", "unit": "degC"}, "si7021_373a_02": {"reading_time": 1641047591.905866, "sensor_value": 49.71, "description": "relative humidity", "unit": "%"}}][{"si7021_373a_01": {"reading_time": 1641047621.9668603, "sensor_value": 15.51, "description": "dry-bulb temperature", "unit": "degC"}, "si7021_373a_02": {"reading_time": 1641047621.9668603, "sensor_value": 49.7, "description": "relative humidity", "unit": "%"}}, {"si7021_373a_01": {"reading_time": 1641047652.0249584, "sensor_value": 15.48, "description": "dry-bulb temperature", "unit": "degC"}, "si7021_373a_02": {"reading_time": 1641047652.0249584, "sensor_value": 49.7, "description": "relative humidity", "unit": "%"}}, {"si7021_373a_01": {"reading_time": 1641047682.0833108, "sensor_value": 15.51, "description": "dry-bulb temperature", "unit": "degC"}, "si7021_373a_02": {"reading_time": 1641047682.0833108, "sensor_value": 49.67, "description": "relative humidity", "unit": "%"}}, {"si7021_373a_01": {"reading_time": 1641047712.1417074, "sensor_value": 15.51, "description": "dry-bulb temperature", "unit": "degC"}, "si7021_373a_02": {"reading_time": 1641047712.1417074, "sensor_value": 49.65, "description": "relative humidity", "unit": "%"}}][{"si7021_373a_01": {"reading_time": 1641047742.2026978, "sensor_value": 15.49, "description": "dry-bulb temperature", "unit": "degC"}, "si7021_373a_02": {"reading_time": 1641047742.2026978, "sensor_value": 49.68, "description": "relative humidity", "unit": "%"}}, {"si7021_373a_01": {"reading_time": 1641047772.2610948, "sensor_value": 15.49, "description": "dry-bulb temperature", "unit": "degC"}, "si7021_373a_02": {"reading_time": 1641047772.2610948, "sensor_value": 49.67, "description": "relative humidity", "unit": "%"}}, {"si7021_373a_01": {"reading_time": 1641047802.3194764, "sensor_value": 15.48, "description": "dry-bulb temperature", "unit": "degC"}, "si7021_373a_02": {"reading_time": 1641047802.3194764, "sensor_value": 49.68, "description": "relative humidity", "unit": "%"}}, {"si7021_373a_01": {"reading_time": 1641047832.377872, "sensor_value": 15.48, "description": "dry-bulb temperature", "unit": "degC"}, "si7021_373a_02": {"reading_time": 1641047832.377872, "sensor_value": 49.63, "description": "relative humidity", "unit": "%"}}][{"si7021_373a_01": {"reading_time": 1641047862.4391623, "sensor_value": 15.51, "description": "dry-bulb temperature", "unit": "degC"}, "si7021_373a_02": {"reading_time": 1641047862.4391623, "sensor_value": 49.59, "description": "relative humidity", "unit": "%"}}, {"si7021_373a_01": {"reading_time": 1641047892.4976463, "sensor_value": 15.49, "description": "dry-bulb temperature", "unit": "degC"}, "si7021_373a_02": {"reading_time": 1641047892.4976463, "sensor_value": 49.61, "description": "relative humidity", "unit": "%"}}, {"si7021_373a_01": {"reading_time": 1641047922.5561497, "sensor_value": 15.47, "description": "dry-bulb temperature", "unit": "degC"}, "si7021_373a_02": {"reading_time": 1641047922.5561497, "sensor_value": 49.63, "description": "relative humidity", "unit": "%"}}, {"si7021_373a_01": {"reading_time": 1641047952.615562, "sensor_value": 15.49, "description": "dry-bulb temperature", "unit": "degC"}, "si7021_373a_02": {"reading_time": 1641047952.615562, "sensor_value": 49.61, "description": "relative humidity", "unit": "%"}}][{"si7021_373a_01": {"reading_time": 1641047982.6770363, "sensor_value": 15.48, "description": "dry-bulb temperature", "unit": "degC"}, "si7021_373a_02": {"reading_time": 1641047982.6770363, "sensor_value": 49.6, "description": "relative humidity", "unit": "%"}}, {"si7021_373a_01": {"reading_time": 1641048012.7145703, "sensor_value": 15.48, "description": "dry-bulb temperature", "unit": "degC"}, "si7021_373a_02": {"reading_time": 1641048012.7145703, "sensor_value": 49.61, "description": "relative humidity", "unit": "%"}}, {"si7021_373a_01": {"reading_time": 1641048042.7733994, "sensor_value": 15.49, "description": "dry-bulb temperature", "unit": "degC"}, "si7021_373a_02": {"reading_time": 1641048042.7733994, "sensor_value": 49.61, "description": "relative humidity", "unit": "%"}}, {"si7021_373a_01": {"reading_time": 1641048072.8172534, "sensor_value": 15.51, "description": "dry-bulb temperature", "unit": "degC"}, "si7021_373a_02": {"reading_time": 1641048072.8172534, "sensor_value": 49.58, "description": "relative humidity", "unit": "%"}}][{"si7021_373a_01": {"reading_time": 1641048102.8789504, "sensor_value": 15.49, "description": "dry-bulb temperature", "unit": "degC"}, "si7021_373a_02": {"reading_time": 1641048102.8789504, "sensor_value": 49.56, "description": "relative humidity", "unit": "%"}}, {"si7021_373a_01": {"reading_time": 1641048132.9291325, "sensor_value": 15.49, "description": "dry-bulb temperature", "unit": "degC"}, "si7021_373a_02": {"reading_time": 1641048132.9291325, "sensor_value": 49.54, "description": "relative humidity", "unit": "%"}}, {"si7021_373a_01": {"reading_time": 1641048162.964569, "sensor_value": 15.51, "description": "dry-bulb temperature", "unit": "degC"}, "si7021_373a_02": {"reading_time": 1641048162.964569, "sensor_value": 49.54, "description": "relative humidity", "unit": "%"}}, {"si7021_373a_01": {"reading_time": 1641048193.018161, "sensor_value": 15.48, "description": "dry-bulb temperature", "unit": "degC"}, "si7021_373a_02": {"reading_time": 1641048193.018161, "sensor_value": 49.52, "description": "relative humidity", "unit": "%"}}][{"si7021_373a_01": {"reading_time": 1641048223.0800831, "sensor_value": 15.48, "description": "dry-bulb temperature", "unit": "degC"}, "si7021_373a_02": {"reading_time": 1641048223.0800831, "sensor_value": 49.51, "description": "relative humidity", "unit": "%"}}, {"si7021_373a_01": {"reading_time": 1641048253.1340559, "sensor_value": 15.51, "description": "dry-bulb temperature", "unit": "degC"}, "si7021_373a_02": {"reading_time": 1641048253.1340559, "sensor_value": 49.55, "description": "relative humidity", "unit": "%"}}, {"si7021_373a_01": {"reading_time": 1641048283.1666706, "sensor_value": 15.49, "description": "dry-bulb temperature", "unit": "degC"}, "si7021_373a_02": {"reading_time": 1641048283.1666706, "sensor_value": 49.52, "description": "relative humidity", "unit": "%"}}, {"si7021_373a_01": {"reading_time": 1641048313.2145748, "sensor_value": 15.48, "description": "dry-bulb temperature", "unit": "degC"}, "si7021_373a_02": {"reading_time": 1641048313.2145748, "sensor_value": 49.52, "description": "relative humidity", "unit": "%"}}][{"si7021_373a_01": {"reading_time": 1641048343.2671974, "sensor_value": 15.51, "description": "dry-bulb temperature", "unit": "degC"}, "si7021_373a_02": {"reading_time": 1641048343.2671974, "sensor_value": 49.51, "description": "relative humidity", "unit": "%"}}, {"si7021_373a_01": {"reading_time": 1641048373.3260264, "sensor_value": 15.51, "description": "dry-bulb temperature", "unit": "degC"}, "si7021_373a_02": {"reading_time": 1641048373.3260264, "sensor_value": 49.51, "description": "relative humidity", "unit": "%"}}, {"si7021_373a_01": {"reading_time": 1641048403.3845534, "sensor_value": 15.49, "description": "dry-bulb temperature", "unit": "degC"}, "si7021_373a_02": {"reading_time": 1641048403.3845534, "sensor_value": 49.51, "description": "relative humidity", "unit": "%"}}, {"si7021_373a_01": {"reading_time": 1641048433.4432359, "sensor_value": 15.51, "description": "dry-bulb temperature", "unit": "degC"}, "si7021_373a_02": {"reading_time": 1641048433.4432359, "sensor_value": 49.45, "description": "relative humidity", "unit": "%"}}][{"si7021_373a_01": {"reading_time": 1641048463.5050464, "sensor_value": 15.49, "description": "dry-bulb temperature", "unit": "degC"}, "si7021_373a_02": {"reading_time": 1641048463.5050464, "sensor_value": 49.45, "description": "relative humidity", "unit": "%"}}, {"si7021_373a_01": {"reading_time": 1641048493.5639281, "sensor_value": 15.48, "description": "dry-bulb temperature", "unit": "degC"}, "si7021_373a_02": {"reading_time": 1641048493.5639281, "sensor_value": 49.45, "description": "relative humidity", "unit": "%"}}, {"si7021_373a_01": {"reading_time": 1641048523.6190205, "sensor_value": 15.52, "description": "dry-bulb temperature", "unit": "degC"}, "si7021_373a_02": {"reading_time": 1641048523.6190205, "sensor_value": 49.44, "description": "relative humidity", "unit": "%"}}, {"si7021_373a_01": {"reading_time": 1641048553.6507638, "sensor_value": 15.48, "description": "dry-bulb temperature", "unit": "degC"}, "si7021_373a_02": {"reading_time": 1641048553.6507638, "sensor_value": 49.44, "description": "relative humidity", "unit": "%"}}][{"si7021_373a_01": {"reading_time": 1641048583.7130585, "sensor_value": 15.49, "description": "dry-bulb temperature", "unit": "degC"}, "si7021_373a_02": {"reading_time": 1641048583.7130585, "sensor_value": 49.42, "description": "relative humidity", "unit": "%"}}, {"si7021_373a_01": {"reading_time": 1641048613.7714727, "sensor_value": 15.48, "description": "dry-bulb temperature", "unit": "degC"}, "si7021_373a_02": {"reading_time": 1641048613.7714727, "sensor_value": 49.42, "description": "relative humidity", "unit": "%"}}, {"si7021_373a_01": {"reading_time": 1641048643.8303685, "sensor_value": 15.48, "description": "dry-bulb temperature", "unit": "degC"}, "si7021_373a_02": {"reading_time": 1641048643.8303685, "sensor_value": 49.42, "description": "relative humidity", "unit": "%"}}, {"si7021_373a_01": {"reading_time": 1641048673.87458, "sensor_value": 15.47, "description": "dry-bulb temperature", "unit": "degC"}, "si7021_373a_02": {"reading_time": 1641048673.87458, "sensor_value": 49.39, "description": "relative humidity", "unit": "%"}}][{"si7021_373a_01": {"reading_time": 1641048703.9272008, "sensor_value": 15.48, "description": "dry-bulb temperature", "unit": "degC"}, "si7021_373a_02": {"reading_time": 1641048703.9272008, "sensor_value": 49.39, "description": "relative humidity", "unit": "%"}}, {"si7021_373a_01": {"reading_time": 1641048733.964592, "sensor_value": 15.46, "description": "dry-bulb temperature", "unit": "degC"}, "si7021_373a_02": {"reading_time": 1641048733.964592, "sensor_value": 49.36, "description": "relative humidity", "unit": "%"}}, {"si7021_373a_01": {"reading_time": 1641048764.0232213, "sensor_value": 15.49, "description": "dry-bulb temperature", "unit": "degC"}, "si7021_373a_02": {"reading_time": 1641048764.0232213, "sensor_value": 49.36, "description": "relative humidity", "unit": "%"}}, {"si7021_373a_01": {"reading_time": 1641048794.0874326, "sensor_value": 15.51, "description": "dry-bulb temperature", "unit": "degC"}, "si7021_373a_02": {"reading_time": 1641048794.0874326, "sensor_value": 49.36, "description": "relative humidity", "unit": "%"}}][{"si7021_373a_01": {"reading_time": 1641048824.1492174, "sensor_value": 15.47, "description": "dry-bulb temperature", "unit": "degC"}, "si7021_373a_02": {"reading_time": 1641048824.1492174, "sensor_value": 49.34, "description": "relative humidity", "unit": "%"}}, {"si7021_373a_01": {"reading_time": 1641048854.208163, "sensor_value": 15.47, "description": "dry-bulb temperature", "unit": "degC"}, "si7021_373a_02": {"reading_time": 1641048854.208163, "sensor_value": 49.34, "description": "relative humidity", "unit": "%"}}, {"si7021_373a_01": {"reading_time": 1641048884.2721922, "sensor_value": 15.48, "description": "dry-bulb temperature", "unit": "degC"}, "si7021_373a_02": {"reading_time": 1641048884.2721922, "sensor_value": 49.32, "description": "relative humidity", "unit": "%"}}, {"si7021_373a_01": {"reading_time": 1641048914.330884, "sensor_value": 15.47, "description": "dry-bulb temperature", "unit": "degC"}, "si7021_373a_02": {"reading_time": 1641048914.330884, "sensor_value": 49.33, "description": "relative humidity", "unit": "%"}}][{"si7021_373a_01": {"reading_time": 1641048944.3925693, "sensor_value": 15.48, "description": "dry-bulb temperature", "unit": "degC"}, "si7021_373a_02": {"reading_time": 1641048944.3925693, "sensor_value": 49.32, "description": "relative humidity", "unit": "%"}}, {"si7021_373a_01": {"reading_time": 1641048974.4509714, "sensor_value": 15.47, "description": "dry-bulb temperature", "unit": "degC"}, "si7021_373a_02": {"reading_time": 1641048974.4509714, "sensor_value": 49.32, "description": "relative humidity", "unit": "%"}}, {"si7021_373a_01": {"reading_time": 1641049004.5094495, "sensor_value": 15.48, "description": "dry-bulb temperature", "unit": "degC"}, "si7021_373a_02": {"reading_time": 1641049004.5094495, "sensor_value": 49.33, "description": "relative humidity", "unit": "%"}}, {"si7021_373a_01": {"reading_time": 1641049034.568001, "sensor_value": 15.49, "description": "dry-bulb temperature", "unit": "degC"}, "si7021_373a_02": {"reading_time": 1641049034.568001, "sensor_value": 49.32, "description": "relative humidity", "unit": "%"}}][{"si7021_373a_01": {"reading_time": 1641049064.629826, "sensor_value": 15.48, "description": "dry-bulb temperature", "unit": "degC"}, "si7021_373a_02": {"reading_time": 1641049064.629826, "sensor_value": 49.29, "description": "relative humidity", "unit": "%"}}, {"si7021_373a_01": {"reading_time": 1641049094.678429, "sensor_value": 15.51, "description": "dry-bulb temperature", "unit": "degC"}, "si7021_373a_02": {"reading_time": 1641049094.678429, "sensor_value": 49.29, "description": "relative humidity", "unit": "%"}}, {"si7021_373a_01": {"reading_time": 1641049124.7171378, "sensor_value": 15.48, "description": "dry-bulb temperature", "unit": "degC"}, "si7021_373a_02": {"reading_time": 1641049124.7171378, "sensor_value": 49.27, "description": "relative humidity", "unit": "%"}}, {"si7021_373a_01": {"reading_time": 1641049154.7763798, "sensor_value": 15.49, "description": "dry-bulb temperature", "unit": "degC"}, "si7021_373a_02": {"reading_time": 1641049154.7763798, "sensor_value": 49.28, "description": "relative humidity", "unit": "%"}}]