[{"si7021_373a_01": {"reading_time": 1641059883.1857362, "sensor_value": 15.93, "description": "dry-bulb temperature", "unit": "degC"}, "si7021_373a_02": {"reading_time": 1641059883.1857362, "sensor_value": 48.32, "description": "relative humidity", "unit": "%"}}, {"si7021_373a_01": {"reading_time": 1641059913.2151704, "sensor_value": 15.96, "description": "dry-bulb temperature", "unit": "degC"}, "si7021_373a_02": {"reading_time": 1641059913.2151704, "sensor_value": 48.33, "description": "relative humidity", "unit": "%"}}, {"si7021_373a_01": {"reading_time": 1641059943.2665703, "sensor_value": 15.96, "description": "dry-bulb temperature", "unit": "degC"}, "si7021_373a_02": {"reading_time": 1641059943.2665703, "sensor_value": 48.34, "description": "relative humidity", "unit": "%"}}, {"si7021_373a_01": {"reading_time": 1641059973.3253303, "sensor_value": 15.95, "description": "dry-bulb temperature", "unit": "degC"}, "si7021_373a_02": {"reading_time": 1641059973.3253303, "sensor_value": 48.33, "description": "relative humidity", "unit": "%"}}][{"si7021_373a_01": {"reading_time": 1641060003.3877182, "sensor_value": 15.95, "description": "dry-bulb temperature", "unit": "degC"}, "si7021_373a_02": {"reading_time": 1641060003.3877182, "sensor_value": 48.33, "description": "relative humidity", "unit": "%"}}, {"si7021_373a_01": {"reading_time": 1641060033.4468732, "sensor_value": 15.98, "description": "dry-bulb temperature", "unit": "degC"}, "si7021_373a_02": {"reading_time": 1641060033.4468732, "sensor_value": 48.35, "description": "relative humidity", "unit": "%"}}, {"si7021_373a_01": {"reading_time": 1641060063.5058644, "sensor_value": 15.95, "description": "dry-bulb temperature", "unit": "degC"}, "si7021_373a_02": {"reading_time": 1641060063.5058644, "sensor_value": 48.33, "description": "relative humidity", "unit": "%"}}, {"si7021_373a_01": {"reading_time": 1641060093.564931, "sensor_value": 15.97, "description": "dry-bulb temperature", "unit": "degC"}, "si7021_373a_02": {"reading_time": 1641060093.564931, "sensor_value": 48.32, "description": "relative humidity", "unit": "%"}}][{"si7021_373a_01": {"reading_time": 1641060123.6266644, "sensor_value": 15.96, "description": "dry-bulb temperature", "unit": "degC"}, "si7021_373a_02": {"reading_time": 1641060123.6266644, "sensor_value": 48.3, "description": "relative humidity", "unit": "%"}}, {"si7021_373a_01": {"reading_time": 1641060153.6769655, "sensor_value": 15.95, "description": "dry-bulb temperature", "unit": "degC"}, "si7021_373a_02": {"reading_time": 1641060153.6769655, "sensor_value": 48.27, "description": "relative humidity", "unit": "%"}}, {"si7021_373a_01": {"reading_time": 1641060183.7155926, "sensor_value": 15.95, "description": "dry-bulb temperature", "unit": "degC"}, "si7021_373a_02": {"reading_time": 1641060183.7155926, "sensor_value": 48.29, "description": "relative humidity", "unit": "%"}}, {"si7021_373a_01": {"reading_time": 1641060213.7750962, "sensor_value": 15.96, "description": "dry-bulb temperature", "unit": "degC"}, "si7021_373a_02": {"reading_time": 1641060213.7750962, "sensor_value": 48.28, "description": "relative humidity", "unit": "%"}}][{"si7021_373a_01": {"reading_time": 1641060243.8371239, "sensor_value": 15.96, "description": "dry-bulb temperature", "unit": "degC"}, "si7021_373a_02": {"reading_time": 1641060243.8371239, "sensor_value": 48.29, "description": "relative humidity", "unit": "%"}}, {"si7021_373a_01": {"reading_time": 1641060273.896018, "sensor_value": 15.97, "description": "dry-bulb temperature", "unit": "degC"}, "si7021_373a_02": {"reading_time": 1641060273.896018, "sensor_value": 48.29, "description": "relative humidity", "unit": "%"}}, {"si7021_373a_01": {"reading_time": 1641060303.9552479, "sensor_value": 15.97, "description": "dry-bulb temperature", "unit": "degC"}, "si7021_373a_02": {"reading_time": 1641060303.9552479, "sensor_value": 48.31, "description": "relative humidity", "unit": "%"}}, {"si7021_373a_01": {"reading_time": 1641060334.0143003, "sensor_value": 15.96, "description": "dry-bulb temperature", "unit": "degC"}, "si7021_373a_02": {"reading_time": 1641060334.0143003, "sensor_value": 48.29, "description": "relative humidity", "unit": "%"}}][{"si7021_373a_01": {"reading_time": 1641060364.076203, "sensor_value": 15.97, "description": "dry-bulb temperature", "unit": "degC"}, "si7021_373a_02": {"reading_time": 1641060364.076203, "sensor_value": 48.29, "description": "relative humidity", "unit": "%"}}, {"si7021_373a_01": {"reading_time": 1641060394.1356502, "sensor_value": 15.99, "description": "dry-bulb temperature", "unit": "degC"}, "si7021_373a_02": {"reading_time": 1641060394.1356502, "sensor_value": 48.29, "description": "relative humidity", "unit": "%"}}, {"si7021_373a_01": {"reading_time": 1641060424.17152, "sensor_value": 15.98, "description": "dry-bulb temperature", "unit": "degC"}, "si7021_373a_02": {"reading_time": 1641060424.17152, "sensor_value": 48.26, "description": "relative humidity", "unit": "%"}}, {"si7021_373a_01": {"reading_time": 1641060454.2145712, "sensor_value": 15.98, "description": "dry-bulb temperature", "unit": "degC"}, "si7021_373a_02": {"reading_time": 1641060454.2145712, "sensor_value": 48.28, "description": "relative humidity", "unit": "%"}}][{"si7021_373a_01": {"reading_time": 1641060484.276994, "sensor_value": 15.96, "description": "dry-bulb temperature", "unit": "degC"}, "si7021_373a_02": {"reading_time": 1641060484.276994, "sensor_value": 48.28, "description": "relative humidity", "unit": "%"}}, {"si7021_373a_01": {"reading_time": 1641060514.3167331, "sensor_value": 15.99, "description": "dry-bulb temperature", "unit": "degC"}, "si7021_373a_02": {"reading_time": 1641060514.3167331, "sensor_value": 48.3, "description": "relative humidity", "unit": "%"}}, {"si7021_373a_01": {"reading_time": 1641060544.375923, "sensor_value": 15.96, "description": "dry-bulb temperature", "unit": "degC"}, "si7021_373a_02": {"reading_time": 1641060544.375923, "sensor_value": 48.28, "description": "relative humidity", "unit": "%"}}, {"si7021_373a_01": {"reading_time": 1641060574.435189, "sensor_value": 15.97, "description": "dry-bulb temperature", "unit": "degC"}, "si7021_373a_02": {"reading_time": 1641060574.435189, "sensor_value": 48.27, "description": "relative humidity", "unit": "%"}}][{"si7021_373a_01": {"reading_time": 1641060604.467156, "sensor_value": 15.98, "description": "dry-bulb temperature", "unit": "degC"}, "si7021_373a_02": {"reading_time": 1641060604.467156, "sensor_value": 48.23, "description": "relative humidity", "unit": "%"}}, {"si7021_373a_01": {"reading_time": 1641060634.5222611, "sensor_value": 15.97, "description": "dry-bulb temperature", "unit": "degC"}, "si7021_373a_02": {"reading_time": 1641060634.5222611, "sensor_value": 48.25, "description": "relative humidity", "unit": "%"}}, {"si7021_373a_01": {"reading_time": 1641060664.5674393, "sensor_value": 16.0, "description": "dry-bulb temperature", "unit": "degC"}, "si7021_373a_02": {"reading_time": 1641060664.5674393, "sensor_value": 48.25, "description": "relative humidity", "unit": "%"}}, {"si7021_373a_01": {"reading_time": 1641060694.6245587, "sensor_value": 16.0, "description": "dry-bulb temperature", "unit": "degC"}, "si7021_373a_02": {"reading_time": 1641060694.6245587, "sensor_value": 48.26, "description": "relative humidity", "unit": "%"}}][{"si7021_373a_01": {"reading_time": 1641060724.6612515, "sensor_value": 15.99, "description": "dry-bulb temperature", "unit": "degC"}, "si7021_373a_02": {"reading_time": 1641060724.6612515, "sensor_value": 48.28, "description": "relative humidity", "unit": "%"}}, {"si7021_373a_01": {"reading_time": 1641060754.714577, "sensor_value": 15.97, "description": "dry-bulb temperature", "unit": "degC"}, "si7021_373a_02": {"reading_time": 1641060754.714577, "sensor_value": 48.25, "description": "relative humidity", "unit": "%"}}, {"si7021_373a_01": {"reading_time": 1641060784.7645652, "sensor_value": 15.98, "description": "dry-bulb temperature", "unit": "degC"}, "si7021_373a_02": {"reading_time": 1641060784.7645652, "sensor_value": 48.25, "description": "relative humidity", "unit": "%"}}, {"si7021_373a_01": {"reading_time": 1641060814.7976642, "sensor_value": 16.0, "description": "dry-bulb temperature", "unit": "degC"}, "si7021_373a_02": {"reading_time": 1641060814.7976642, "sensor_value": 48.26, "description": "relative humidity", "unit": "%"}}][{"si7021_373a_01": {"reading_time": 1641060844.8572302, "sensor_value": 15.99, "description": "dry-bulb temperature", "unit": "degC"}, "si7021_373a_02": {"reading_time": 1641060844.8572302, "sensor_value": 48.27, "description": "relative humidity", "unit": "%"}}, {"si7021_373a_01": {"reading_time": 1641060874.8874922, "sensor_value": 15.99, "description": "dry-bulb temperature", "unit": "degC"}, "si7021_373a_02": {"reading_time": 1641060874.8874922, "sensor_value": 48.29, "description": "relative humidity", "unit": "%"}}, {"si7021_373a_01": {"reading_time": 1641060904.944548, "sensor_value": 16.0, "description": "dry-bulb temperature", "unit": "degC"}, "si7021_373a_02": {"reading_time": 1641060904.944548, "sensor_value": 48.29, "description": "relative humidity", "unit": "%"}}, {"si7021_373a_01": {"reading_time": 1641060934.9788022, "sensor_value": 15.99, "description": "dry-bulb temperature", "unit": "degC"}, "si7021_373a_02": {"reading_time": 1641060934.9788022, "sensor_value": 48.29, "description": "relative humidity", "unit": "%"}}][{"si7021_373a_01": {"reading_time": 1641060965.0396607, "sensor_value": 16.0, "description": "dry-bulb temperature", "unit": "degC"}, "si7021_373a_02": {"reading_time": 1641060965.0396607, "sensor_value": 48.29, "description": "relative humidity", "unit": "%"}}, {"si7021_373a_01": {"reading_time": 1641060995.0731468, "sensor_value": 16.01, "description": "dry-bulb temperature", "unit": "degC"}, "si7021_373a_02": {"reading_time": 1641060995.0731468, "sensor_value": 48.3, "description": "relative humidity", "unit": "%"}}, {"si7021_373a_01": {"reading_time": 1641061025.1145625, "sensor_value": 15.99, "description": "dry-bulb temperature", "unit": "degC"}, "si7021_373a_02": {"reading_time": 1641061025.1145625, "sensor_value": 48.3, "description": "relative humidity", "unit": "%"}}, {"si7021_373a_01": {"reading_time": 1641061055.166157, "sensor_value": 16.0, "description": "dry-bulb temperature", "unit": "degC"}, "si7021_373a_02": {"reading_time": 1641061055.166157, "sensor_value": 48.31, "description": "relative humidity", "unit": "%"}}][{"si7021_373a_01": {"reading_time": 1641061085.2179885, "sensor_value": 16.01, "description": "dry-bulb temperature", "unit": "degC"}, "si7021_373a_02": {"reading_time": 1641061085.2179885, "sensor_value": 48.27, "description": "relative humidity", "unit": "%"}}, {"si7021_373a_01": {"reading_time": 1641061115.2745676, "sensor_value": 16.02, "description": "dry-bulb temperature", "unit": "degC"}, "si7021_373a_02": {"reading_time": 1641061115.2745676, "sensor_value": 48.29, "description": "relative humidity", "unit": "%"}}, {"si7021_373a_01": {"reading_time": 1641061145.3045433, "sensor_value": 16.0, "description": "dry-bulb temperature", "unit": "degC"}, "si7021_373a_02": {"reading_time": 1641061145.3045433, "sensor_value": 48.29, "description": "relative humidity", "unit": "%"}}, {"si7021_373a_01": {"reading_time": 1641061175.3503878, "sensor_value": 16.02, "description": "dry-bulb temperature", "unit": "degC"}, "si7021_373a_02": {"reading_time": 1641061175.3503878, "sensor_value": 48.26, "description": "relative humidity", "unit": "%"}}][{"si7021_373a_01": {"reading_time": 1641061205.4004905, "sensor_value": 16.01, "description": "dry-bulb temperature", "unit": "degC"}, "si7021_373a_02": {"reading_time": 1641061205.4004905, "sensor_value": 48.26, "description": "relative humidity", "unit": "%"}}, {"si7021_373a_01": {"reading_time": 1641061235.4545925, "sensor_value": 16.01, "description": "dry-bulb temperature", "unit": "degC"}, "si7021_373a_02": {"reading_time": 1641061235.4545925, "sensor_value": 48.25, "description": "relative humidity", "unit": "%"}}, {"si7021_373a_01": {"reading_time": 1641061265.5141094, "sensor_value": 16.01, "description": "dry-bulb temperature", "unit": "degC"}, "si7021_373a_02": {"reading_time": 1641061265.5141094, "sensor_value": 48.25, "description": "relative humidity", "unit": "%"}}, {"si7021_373a_01": {"reading_time": 1641061295.564579, "sensor_value": 16.03, "description": "dry-bulb temperature", "unit": "degC"}, "si7021_373a_02": {"reading_time": 1641061295.564579, "sensor_value": 48.25, "description": "relative humidity", "unit": "%"}}][{"si7021_373a_01": {"reading_time": 1641061325.607271, "sensor_value": 16.01, "description": "dry-bulb temperature", "unit": "degC"}, "si7021_373a_02": {"reading_time": 1641061325.607271, "sensor_value": 48.23, "description": "relative humidity", "unit": "%"}}, {"si7021_373a_01": {"reading_time": 1641061355.66674, "sensor_value": 16.0, "description": "dry-bulb temperature", "unit": "degC"}, "si7021_373a_02": {"reading_time": 1641061355.66674, "sensor_value": 48.23, "description": "relative humidity", "unit": "%"}}, {"si7021_373a_01": {"reading_time": 1641061385.7246335, "sensor_value": 16.01, "description": "dry-bulb temperature", "unit": "degC"}, "si7021_373a_02": {"reading_time": 1641061385.7246335, "sensor_value": 48.23, "description": "relative humidity", "unit": "%"}}, {"si7021_373a_01": {"reading_time": 1641061415.7645764, "sensor_value": 16.0, "description": "dry-bulb temperature", "unit": "degC"}, "si7021_373a_02": {"reading_time": 1641061415.7645764, "sensor_value": 48.2, "description": "relative humidity", "unit": "%"}}][{"si7021_373a_01": {"reading_time": 1641061445.8267846, "sensor_value": 16.01, "description": "dry-bulb temperature", "unit": "degC"}, "si7021_373a_02": {"reading_time": 1641061445.8267846, "sensor_value": 48.22, "description": "relative humidity", "unit": "%"}}, {"si7021_373a_01": {"reading_time": 1641061475.8865573, "sensor_value": 16.03, "description": "dry-bulb temperature", "unit": "degC"}, "si7021_373a_02": {"reading_time": 1641061475.8865573, "sensor_value": 48.24, "description": "relative humidity", "unit": "%"}}, {"si7021_373a_01": {"reading_time": 1641061505.946334, "sensor_value": 16.02, "description": "dry-bulb temperature", "unit": "degC"}, "si7021_373a_02": {"reading_time": 1641061505.946334, "sensor_value": 48.23, "description": "relative humidity", "unit": "%"}}, {"si7021_373a_01": {"reading_time": 1641061536.0051477, "sensor_value": 16.01, "description": "dry-bulb temperature", "unit": "degC"}, "si7021_373a_02": {"reading_time": 1641061536.0051477, "sensor_value": 48.23, "description": "relative humidity", "unit": "%"}}][{"si7021_373a_01": {"reading_time": 1641061566.0670416, "sensor_value": 16.01, "description": "dry-bulb temperature", "unit": "degC"}, "si7021_373a_02": {"reading_time": 1641061566.0670416, "sensor_value": 48.26, "description": "relative humidity", "unit": "%"}}, {"si7021_373a_01": {"reading_time": 1641061596.1267946, "sensor_value": 16.01, "description": "dry-bulb temperature", "unit": "degC"}, "si7021_373a_02": {"reading_time": 1641061596.1267946, "sensor_value": 48.26, "description": "relative humidity", "unit": "%"}}, {"si7021_373a_01": {"reading_time": 1641061626.1596828, "sensor_value": 16.03, "description": "dry-bulb temperature", "unit": "degC"}, "si7021_373a_02": {"reading_time": 1641061626.1596828, "sensor_value": 48.25, "description": "relative humidity", "unit": "%"}}, {"si7021_373a_01": {"reading_time": 1641061656.2045743, "sensor_value": 16.02, "description": "dry-bulb temperature", "unit": "degC"}, "si7021_373a_02": {"reading_time": 1641061656.2045743, "sensor_value": 48.25, "description": "relative humidity", "unit": "%"}}][{"si7021_373a_01": {"reading_time": 1641061686.2475379, "sensor_value": 16.02, "description": "dry-bulb temperature", "unit": "degC"}, "si7021_373a_02": {"reading_time": 1641061686.2475379, "sensor_value": 48.26, "description": "relative humidity", "unit": "%"}}, {"si7021_373a_01": {"reading_time": 1641061716.3064942, "sensor_value": 16.04, "description": "dry-bulb temperature", "unit": "degC"}, "si7021_373a_02": {"reading_time": 1641061716.3064942, "sensor_value": 48.23, "description": "relative humidity", "unit": "%"}}, {"si7021_373a_01": {"reading_time": 1641061746.3417156, "sensor_value": 16.04, "description": "dry-bulb temperature", "unit": "degC"}, "si7021_373a_02": {"reading_time": 1641061746.3417156, "sensor_value": 48.22, "description": "relative humidity", "unit": "%"}}, {"si7021_373a_01": {"reading_time": 1641061776.4073713, "sensor_value": 16.02, "description": "dry-bulb temperature", "unit": "degC"}, "si7021_373a_02": {"reading_time": 1641061776.4073713, "sensor_value": 48.2, "description": "relative humidity", "unit": "%"}}][{"si7021_373a_01": {"reading_time": 1641061806.4672632, "sensor_value": 16.02, "description": "dry-bulb temperature", "unit": "degC"}, "si7021_373a_02": {"reading_time": 1641061806.4672632, "sensor_value": 48.2, "description": "relative humidity", "unit": "%"}}, {"si7021_373a_01": {"reading_time": 1641061836.5261464, "sensor_value": 16.03, "description": "dry-bulb temperature", "unit": "degC"}, "si7021_373a_02": {"reading_time": 1641061836.5261464, "sensor_value": 48.2, "description": "relative humidity", "unit": "%"}}, {"si7021_373a_01": {"reading_time": 1641061866.5852733, "sensor_value": 16.04, "description": "dry-bulb temperature", "unit": "degC"}, "si7021_373a_02": {"reading_time": 1641061866.5852733, "sensor_value": 48.19, "description": "relative humidity", "unit": "%"}}, {"si7021_373a_01": {"reading_time": 1641061896.638238, "sensor_value": 16.04, "description": "dry-bulb temperature", "unit": "degC"}, "si7021_373a_02": {"reading_time": 1641061896.638238, "sensor_value": 48.19, "description": "relative humidity", "unit": "%"}}][{"si7021_373a_01": {"reading_time": 1641061926.6990814, "sensor_value": 16.02, "description": "dry-bulb temperature", "unit": "degC"}, "si7021_373a_02": {"reading_time": 1641061926.6990814, "sensor_value": 48.18, "description": "relative humidity", "unit": "%"}}, {"si7021_373a_01": {"reading_time": 1641061956.7275457, "sensor_value": 16.02, "description": "dry-bulb temperature", "unit": "degC"}, "si7021_373a_02": {"reading_time": 1641061956.7275457, "sensor_value": 48.2, "description": "relative humidity", "unit": "%"}}, {"si7021_373a_01": {"reading_time": 1641061986.7671797, "sensor_value": 16.03, "description": "dry-bulb temperature", "unit": "degC"}, "si7021_373a_02": {"reading_time": 1641061986.7671797, "sensor_value": 48.21, "description": "relative humidity", "unit": "%"}}, {"si7021_373a_01": {"reading_time": 1641062016.8256235, "sensor_value": 16.04, "description": "dry-bulb temperature", "unit": "degC"}, "si7021_373a_02": {"reading_time": 1641062016.8256235, "sensor_value": 48.2, "description": "relative humidity", "unit": "%"}}][{"si7021_373a_01": {"reading_time": 1641062046.8869503, "sensor_value": 16.04, "description": "dry-bulb temperature", "unit": "degC"}, "si7021_373a_02": {"reading_time": 1641062046.8869503, "sensor_value": 48.19, "description": "relative humidity", "unit": "%"}}, {"si7021_373a_01": {"reading_time": 1641062076.9245954, "sensor_value": 16.04, "description": "dry-bulb temperature", "unit": "degC"}, "si7021_373a_02": {"reading_time": 1641062076.9245954, "sensor_value": 48.18, "description": "relative humidity", "unit": "%"}}, {"si7021_373a_01": {"reading_time": 1641062106.9645734, "sensor_value": 16.05, "description": "dry-bulb temperature", "unit": "degC"}, "si7021_373a_02": {"reading_time": 1641062106.9645734, "sensor_value": 48.18, "description": "relative humidity", "unit": "%"}}, {"si7021_373a_01": {"reading_time": 1641062137.023904, "sensor_value": 16.02, "description": "dry-bulb temperature", "unit": "degC"}, "si7021_373a_02": {"reading_time": 1641062137.023904, "sensor_value": 48.21, "description": "relative humidity", "unit": "%"}}][{"si7021_373a_01": {"reading_time": 1641062167.0834944, "sensor_value": 16.03, "description": "dry-bulb temperature", "unit": "degC"}, "si7021_373a_02": {"reading_time": 1641062167.0834944, "sensor_value": 48.2, "description": "relative humidity", "unit": "%"}}, {"si7021_373a_01": {"reading_time": 1641062197.1283221, "sensor_value": 16.02, "description": "dry-bulb temperature", "unit": "degC"}, "si7021_373a_02": {"reading_time": 1641062197.1283221, "sensor_value": 48.2, "description": "relative humidity", "unit": "%"}}, {"si7021_373a_01": {"reading_time": 1641062227.168823, "sensor_value": 16.03, "description": "dry-bulb temperature", "unit": "degC"}, "si7021_373a_02": {"reading_time": 1641062227.168823, "sensor_value": 48.19, "description": "relative humidity", "unit": "%"}}, {"si7021_373a_01": {"reading_time": 1641062257.214574, "sensor_value": 16.04, "description": "dry-bulb temperature", "unit": "degC"}, "si7021_373a_02": {"reading_time": 1641062257.214574, "sensor_value": 48.16, "description": "relative humidity", "unit": "%"}}][{"si7021_373a_01": {"reading_time": 1641062287.2775238, "sensor_value": 16.04, "description": "dry-bulb temperature", "unit": "degC"}, "si7021_373a_02": {"reading_time": 1641062287.2775238, "sensor_value": 48.17, "description": "relative humidity", "unit": "%"}}, {"si7021_373a_01": {"reading_time": 1641062317.336464, "sensor_value": 16.03, "description": "dry-bulb temperature", "unit": "degC"}, "si7021_373a_02": {"reading_time": 1641062317.336464, "sensor_value": 48.16, "description": "relative humidity", "unit": "%"}}, {"si7021_373a_01": {"reading_time": 1641062347.3745713, "sensor_value": 16.03, "description": "dry-bulb temperature", "unit": "degC"}, "si7021_373a_02": {"reading_time": 1641062347.3745713, "sensor_value": 48.17, "description": "relative humidity", "unit": "%"}}, {"si7021_373a_01": {"reading_time": 1641062377.433058, "sensor_value": 16.02, "description": "dry-bulb temperature", "unit": "degC"}, "si7021_373a_02": {"reading_time": 1641062377.433058, "sensor_value": 48.16, "description": "relative humidity", "unit": "%"}}][{"si7021_373a_01": {"reading_time": 1641062407.4671674, "sensor_value": 16.03, "description": "dry-bulb temperature", "unit": "degC"}, "si7021_373a_02": {"reading_time": 1641062407.4671674, "sensor_value": 48.13, "description": "relative humidity", "unit": "%"}}, {"si7021_373a_01": {"reading_time": 1641062437.5254145, "sensor_value": 16.02, "description": "dry-bulb temperature", "unit": "degC"}, "si7021_373a_02": {"reading_time": 1641062437.5254145, "sensor_value": 48.15, "description": "relative humidity", "unit": "%"}}, {"si7021_373a_01": {"reading_time": 1641062467.5640686, "sensor_value": 16.04, "description": "dry-bulb temperature", "unit": "degC"}, "si7021_373a_02": {"reading_time": 1641062467.5640686, "sensor_value": 48.14, "description": "relative humidity", "unit": "%"}}, {"si7021_373a_01": {"reading_time": 1641062497.622914, "sensor_value": 16.04, "description": "dry-bulb temperature", "unit": "degC"}, "si7021_373a_02": {"reading_time": 1641062497.622914, "sensor_value": 48.13, "description": "relative humidity", "unit": "%"}}][{"si7021_373a_01": {"reading_time": 1641062527.683594, "sensor_value": 16.03, "description": "dry-bulb temperature", "unit": "degC"}, "si7021_373a_02": {"reading_time": 1641062527.683594, "sensor_value": 48.16, "description": "relative humidity", "unit": "%"}}, {"si7021_373a_01": {"reading_time": 1641062557.7156162, "sensor_value": 16.03, "description": "dry-bulb temperature", "unit": "degC"}, "si7021_373a_02": {"reading_time": 1641062557.7156162, "sensor_value": 48.16, "description": "relative humidity", "unit": "%"}}, {"si7021_373a_01": {"reading_time": 1641062587.7747076, "sensor_value": 16.04, "description": "dry-bulb temperature", "unit": "degC"}, "si7021_373a_02": {"reading_time": 1641062587.7747076, "sensor_value": 48.17, "description": "relative humidity", "unit": "%"}}, {"si7021_373a_01": {"reading_time": 1641062617.8221369, "sensor_value": 16.03, "description": "dry-bulb temperature", "unit": "degC"}, "si7021_373a_02": {"reading_time": 1641062617.8221369, "sensor_value": 48.14, "description": "relative humidity", "unit": "%"}}][{"si7021_373a_01": {"reading_time": 1641062647.8837614, "sensor_value": 16.05, "description": "dry-bulb temperature", "unit": "degC"}, "si7021_373a_02": {"reading_time": 1641062647.8837614, "sensor_value": 48.15, "description": "relative humidity", "unit": "%"}}, {"si7021_373a_01": {"reading_time": 1641062677.93459, "sensor_value": 16.03, "description": "dry-bulb temperature", "unit": "degC"}, "si7021_373a_02": {"reading_time": 1641062677.93459, "sensor_value": 48.11, "description": "relative humidity", "unit": "%"}}, {"si7021_373a_01": {"reading_time": 1641062707.9931817, "sensor_value": 16.03, "description": "dry-bulb temperature", "unit": "degC"}, "si7021_373a_02": {"reading_time": 1641062707.9931817, "sensor_value": 48.13, "description": "relative humidity", "unit": "%"}}, {"si7021_373a_01": {"reading_time": 1641062738.0345848, "sensor_value": 16.03, "description": "dry-bulb temperature", "unit": "degC"}, "si7021_373a_02": {"reading_time": 1641062738.0345848, "sensor_value": 48.13, "description": "relative humidity", "unit": "%"}}][{"si7021_373a_01": {"reading_time": 1641062768.0872958, "sensor_value": 16.05, "description": "dry-bulb temperature", "unit": "degC"}, "si7021_373a_02": {"reading_time": 1641062768.0872958, "sensor_value": 48.13, "description": "relative humidity", "unit": "%"}}, {"si7021_373a_01": {"reading_time": 1641062798.146504, "sensor_value": 16.04, "description": "dry-bulb temperature", "unit": "degC"}, "si7021_373a_02": {"reading_time": 1641062798.146504, "sensor_value": 48.11, "description": "relative humidity", "unit": "%"}}, {"si7021_373a_01": {"reading_time": 1641062828.1854932, "sensor_value": 16.04, "description": "dry-bulb temperature", "unit": "degC"}, "si7021_373a_02": {"reading_time": 1641062828.1854932, "sensor_value": 48.1, "description": "relative humidity", "unit": "%"}}, {"si7021_373a_01": {"reading_time": 1641062858.2325962, "sensor_value": 16.04, "description": "dry-bulb temperature", "unit": "degC"}, "si7021_373a_02": {"reading_time": 1641062858.2325962, "sensor_value": 48.1, "description": "relative humidity", "unit": "%"}}][{"si7021_373a_01": {"reading_time": 1641062888.2959714, "sensor_value": 16.04, "description": "dry-bulb temperature", "unit": "degC"}, "si7021_373a_02": {"reading_time": 1641062888.2959714, "sensor_value": 48.1, "description": "relative humidity", "unit": "%"}}, {"si7021_373a_01": {"reading_time": 1641062918.3552358, "sensor_value": 16.02, "description": "dry-bulb temperature", "unit": "degC"}, "si7021_373a_02": {"reading_time": 1641062918.3552358, "sensor_value": 48.11, "description": "relative humidity", "unit": "%"}}, {"si7021_373a_01": {"reading_time": 1641062948.4092534, "sensor_value": 16.06, "description": "dry-bulb temperature", "unit": "degC"}, "si7021_373a_02": {"reading_time": 1641062948.4092534, "sensor_value": 48.11, "description": "relative humidity", "unit": "%"}}, {"si7021_373a_01": {"reading_time": 1641062978.4682348, "sensor_value": 16.04, "description": "dry-bulb temperature", "unit": "degC"}, "si7021_373a_02": {"reading_time": 1641062978.4682348, "sensor_value": 48.12, "description": "relative humidity", "unit": "%"}}][{"si7021_373a_01": {"reading_time": 1641063008.530108, "sensor_value": 16.06, "description": "dry-bulb temperature", "unit": "degC"}, "si7021_373a_02": {"reading_time": 1641063008.530108, "sensor_value": 48.07, "description": "relative humidity", "unit": "%"}}, {"si7021_373a_01": {"reading_time": 1641063038.588431, "sensor_value": 16.06, "description": "dry-bulb temperature", "unit": "degC"}, "si7021_373a_02": {"reading_time": 1641063038.588431, "sensor_value": 48.09, "description": "relative humidity", "unit": "%"}}, {"si7021_373a_01": {"reading_time": 1641063068.619551, "sensor_value": 16.04, "description": "dry-bulb temperature", "unit": "degC"}, "si7021_373a_02": {"reading_time": 1641063068.619551, "sensor_value": 48.1, "description": "relative humidity", "unit": "%"}}, {"si7021_373a_01": {"reading_time": 1641063098.6788898, "sensor_value": 16.05, "description": "dry-bulb temperature", "unit": "degC"}, "si7021_373a_02": {"reading_time": 1641063098.6788898, "sensor_value": 48.09, "description": "relative humidity", "unit": "%"}}][{"si7021_373a_01": {"reading_time": 1641063128.7272005, "sensor_value": 16.06, "description": "dry-bulb temperature", "unit": "degC"}, "si7021_373a_02": {"reading_time": 1641063128.7272005, "sensor_value": 48.09, "description": "relative humidity", "unit": "%"}}, {"si7021_373a_01": {"reading_time": 1641063158.7864418, "sensor_value": 16.07, "description": "dry-bulb temperature", "unit": "degC"}, "si7021_373a_02": {"reading_time": 1641063158.7864418, "sensor_value": 48.1, "description": "relative humidity", "unit": "%"}}, {"si7021_373a_01": {"reading_time": 1641063188.8455908, "sensor_value": 16.05, "description": "dry-bulb temperature", "unit": "degC"}, "si7021_373a_02": {"reading_time": 1641063188.8455908, "sensor_value": 48.1, "description": "relative humidity", "unit": "%"}}, {"si7021_373a_01": {"reading_time": 1641063218.9047375, "sensor_value": 16.06, "description": "dry-bulb temperature", "unit": "degC"}, "si7021_373a_02": {"reading_time": 1641063218.9047375, "sensor_value": 48.08, "description": "relative humidity", "unit": "%"}}][{"si7021_373a_01": {"reading_time": 1641063248.9714174, "sensor_value": 16.05, "description": "dry-bulb temperature", "unit": "degC"}, "si7021_373a_02": {"reading_time": 1641063248.9714174, "sensor_value": 48.08, "description": "relative humidity", "unit": "%"}}, {"si7021_373a_01": {"reading_time": 1641063279.030095, "sensor_value": 16.04, "description": "dry-bulb temperature", "unit": "degC"}, "si7021_373a_02": {"reading_time": 1641063279.030095, "sensor_value": 48.09, "description": "relative humidity", "unit": "%"}}, {"si7021_373a_01": {"reading_time": 1641063309.0893776, "sensor_value": 16.06, "description": "dry-bulb temperature", "unit": "degC"}, "si7021_373a_02": {"reading_time": 1641063309.0893776, "sensor_value": 48.1, "description": "relative humidity", "unit": "%"}}, {"si7021_373a_01": {"reading_time": 1641063339.1195352, "sensor_value": 16.06, "description": "dry-bulb temperature", "unit": "degC"}, "si7021_373a_02": {"reading_time": 1641063339.1195352, "sensor_value": 48.09, "description": "relative humidity", "unit": "%"}}][{"si7021_373a_01": {"reading_time": 1641063369.1816463, "sensor_value": 16.06, "description": "dry-bulb temperature", "unit": "degC"}, "si7021_373a_02": {"reading_time": 1641063369.1816463, "sensor_value": 48.09, "description": "relative humidity", "unit": "%"}}, {"si7021_373a_01": {"reading_time": 1641063399.2251153, "sensor_value": 16.05, "description": "dry-bulb temperature", "unit": "degC"}, "si7021_373a_02": {"reading_time": 1641063399.2251153, "sensor_value": 48.1, "description": "relative humidity", "unit": "%"}}, {"si7021_373a_01": {"reading_time": 1641063429.2555952, "sensor_value": 16.1, "description": "dry-bulb temperature", "unit": "degC"}, "si7021_373a_02": {"reading_time": 1641063429.2555952, "sensor_value": 48.1, "description": "relative humidity", "unit": "%"}}, {"si7021_373a_01": {"reading_time": 1641063459.2864587, "sensor_value": 16.05, "description": "dry-bulb temperature", "unit": "degC"}, "si7021_373a_02": {"reading_time": 1641063459.2864587, "sensor_value": 48.1, "description": "relative humidity", "unit": "%"}}]