[{"si7021_373a_01": {"reading_time": 1641074307.6409492, "sensor_value": 16.25, "description": "dry-bulb temperature", "unit": "degC"}, "si7021_373a_02": {"reading_time": 1641074307.6409492, "sensor_value": 48.54, "description": "relative humidity", "unit": "%"}}, {"si7021_373a_01": {"reading_time": 1641074337.6873531, "sensor_value": 16.26, "description": "dry-bulb temperature", "unit": "degC"}, "si7021_373a_02": {"reading_time": 1641074337.6873531, "sensor_value": 48.55, "description": "relative humidity", "unit": "%"}}, {"si7021_373a_01": {"reading_time": 1641074367.734464, "sensor_value": 16.26, "description": "dry-bulb temperature", "unit": "degC"}, "si7021_373a_02": {"reading_time": 1641074367.734464, "sensor_value": 48.52, "description": "relative humidity", "unit": "%"}}, {"si7021_373a_01": {"reading_time": 1641074397.779593, "sensor_value": 16.24, "description": "dry-bulb temperature", "unit": "degC"}, "si7021_373a_02": {"reading_time": 1641074397.779593, "sensor_value": 48.54, "description": "relative humidity", "unit": "%"}}][{"si7021_373a_01": {"reading_time": 1641074427.841392, "sensor_value": 16.25, "description": "dry-bulb temperature", "unit": "degC"}, "si7021_373a_02": {"reading_time": 1641074427.841392, "sensor_value": 48.54, "description": "relative humidity", "unit": "%"}}, {"si7021_373a_01": {"reading_time": 1641074457.8706815, "sensor_value": 16.22, "description": "dry-bulb temperature", "unit": "degC"}, "si7021_373a_02": {"reading_time": 1641074457.8706815, "sensor_value": 48.55, "description": "relative humidity", "unit": "%"}}, {"si7021_373a_01": {"reading_time": 1641074487.9298537, "sensor_value": 16.25, "description": "dry-bulb temperature", "unit": "degC"}, "si7021_373a_02": {"reading_time": 1641074487.9298537, "sensor_value": 48.55, "description": "relative humidity", "unit": "%"}}, {"si7021_373a_01": {"reading_time": 1641074517.9645696, "sensor_value": 16.24, "description": "dry-bulb temperature", "unit": "degC"}, "si7021_373a_02": {"reading_time": 1641074517.9645696, "sensor_value": 48.54, "description": "relative humidity", "unit": "%"}}][{"si7021_373a_01": {"reading_time": 1641074548.0181396, "sensor_value": 16.25, "description": "dry-bulb temperature", "unit": "degC"}, "si7021_373a_02": {"reading_time": 1641074548.0181396, "sensor_value": 48.54, "description": "relative humidity", "unit": "%"}}, {"si7021_373a_01": {"reading_time": 1641074578.0769985, "sensor_value": 16.22, "description": "dry-bulb temperature", "unit": "degC"}, "si7021_373a_02": {"reading_time": 1641074578.0769985, "sensor_value": 48.55, "description": "relative humidity", "unit": "%"}}, {"si7021_373a_01": {"reading_time": 1641074608.1361747, "sensor_value": 16.25, "description": "dry-bulb temperature", "unit": "degC"}, "si7021_373a_02": {"reading_time": 1641074608.1361747, "sensor_value": 48.55, "description": "relative humidity", "unit": "%"}}, {"si7021_373a_01": {"reading_time": 1641074638.194577, "sensor_value": 16.25, "description": "dry-bulb temperature", "unit": "degC"}, "si7021_373a_02": {"reading_time": 1641074638.194577, "sensor_value": 48.55, "description": "relative humidity", "unit": "%"}}][{"si7021_373a_01": {"reading_time": 1641074668.2574825, "sensor_value": 16.24, "description": "dry-bulb temperature", "unit": "degC"}, "si7021_373a_02": {"reading_time": 1641074668.2574825, "sensor_value": 48.54, "description": "relative humidity", "unit": "%"}}, {"si7021_373a_01": {"reading_time": 1641074698.314568, "sensor_value": 16.25, "description": "dry-bulb temperature", "unit": "degC"}, "si7021_373a_02": {"reading_time": 1641074698.314568, "sensor_value": 48.52, "description": "relative humidity", "unit": "%"}}, {"si7021_373a_01": {"reading_time": 1641074728.3752103, "sensor_value": 16.22, "description": "dry-bulb temperature", "unit": "degC"}, "si7021_373a_02": {"reading_time": 1641074728.3752103, "sensor_value": 48.54, "description": "relative humidity", "unit": "%"}}, {"si7021_373a_01": {"reading_time": 1641074758.4035394, "sensor_value": 16.25, "description": "dry-bulb temperature", "unit": "degC"}, "si7021_373a_02": {"reading_time": 1641074758.4035394, "sensor_value": 48.54, "description": "relative humidity", "unit": "%"}}][{"si7021_373a_01": {"reading_time": 1641074788.437226, "sensor_value": 16.24, "description": "dry-bulb temperature", "unit": "degC"}, "si7021_373a_02": {"reading_time": 1641074788.437226, "sensor_value": 48.55, "description": "relative humidity", "unit": "%"}}, {"si7021_373a_01": {"reading_time": 1641074818.495786, "sensor_value": 16.26, "description": "dry-bulb temperature", "unit": "degC"}, "si7021_373a_02": {"reading_time": 1641074818.495786, "sensor_value": 48.55, "description": "relative humidity", "unit": "%"}}, {"si7021_373a_01": {"reading_time": 1641074848.5542605, "sensor_value": 16.26, "description": "dry-bulb temperature", "unit": "degC"}, "si7021_373a_02": {"reading_time": 1641074848.5542605, "sensor_value": 48.55, "description": "relative humidity", "unit": "%"}}, {"si7021_373a_01": {"reading_time": 1641074878.6046407, "sensor_value": 16.27, "description": "dry-bulb temperature", "unit": "degC"}, "si7021_373a_02": {"reading_time": 1641074878.6046407, "sensor_value": 48.56, "description": "relative humidity", "unit": "%"}}][{"si7021_373a_01": {"reading_time": 1641074908.6667786, "sensor_value": 16.22, "description": "dry-bulb temperature", "unit": "degC"}, "si7021_373a_02": {"reading_time": 1641074908.6667786, "sensor_value": 48.55, "description": "relative humidity", "unit": "%"}}, {"si7021_373a_01": {"reading_time": 1641074938.704577, "sensor_value": 16.24, "description": "dry-bulb temperature", "unit": "degC"}, "si7021_373a_02": {"reading_time": 1641074938.704577, "sensor_value": 48.54, "description": "relative humidity", "unit": "%"}}, {"si7021_373a_01": {"reading_time": 1641074968.7646554, "sensor_value": 16.25, "description": "dry-bulb temperature", "unit": "degC"}, "si7021_373a_02": {"reading_time": 1641074968.7646554, "sensor_value": 48.54, "description": "relative humidity", "unit": "%"}}, {"si7021_373a_01": {"reading_time": 1641074998.823254, "sensor_value": 16.26, "description": "dry-bulb temperature", "unit": "degC"}, "si7021_373a_02": {"reading_time": 1641074998.823254, "sensor_value": 48.54, "description": "relative humidity", "unit": "%"}}][{"si7021_373a_01": {"reading_time": 1641075028.8862422, "sensor_value": 16.25, "description": "dry-bulb temperature", "unit": "degC"}, "si7021_373a_02": {"reading_time": 1641075028.8862422, "sensor_value": 48.54, "description": "relative humidity", "unit": "%"}}, {"si7021_373a_01": {"reading_time": 1641075058.94509, "sensor_value": 16.24, "description": "dry-bulb temperature", "unit": "degC"}, "si7021_373a_02": {"reading_time": 1641075058.94509, "sensor_value": 48.53, "description": "relative humidity", "unit": "%"}}, {"si7021_373a_01": {"reading_time": 1641075089.0040784, "sensor_value": 16.25, "description": "dry-bulb temperature", "unit": "degC"}, "si7021_373a_02": {"reading_time": 1641075089.0040784, "sensor_value": 48.52, "description": "relative humidity", "unit": "%"}}, {"si7021_373a_01": {"reading_time": 1641075119.0640144, "sensor_value": 16.25, "description": "dry-bulb temperature", "unit": "degC"}, "si7021_373a_02": {"reading_time": 1641075119.0640144, "sensor_value": 48.55, "description": "relative humidity", "unit": "%"}}][{"si7021_373a_01": {"reading_time": 1641075149.105373, "sensor_value": 16.27, "description": "dry-bulb temperature", "unit": "degC"}, "si7021_373a_02": {"reading_time": 1641075149.105373, "sensor_value": 48.53, "description": "relative humidity", "unit": "%"}}, {"si7021_373a_01": {"reading_time": 1641075179.1645374, "sensor_value": 16.25, "description": "dry-bulb temperature", "unit": "degC"}, "si7021_373a_02": {"reading_time": 1641075179.1645374, "sensor_value": 48.55, "description": "relative humidity", "unit": "%"}}, {"si7021_373a_01": {"reading_time": 1641075209.2245991, "sensor_value": 16.26, "description": "dry-bulb temperature", "unit": "degC"}, "si7021_373a_02": {"reading_time": 1641075209.2245991, "sensor_value": 48.54, "description": "relative humidity", "unit": "%"}}, {"si7021_373a_01": {"reading_time": 1641075239.2842658, "sensor_value": 16.25, "description": "dry-bulb temperature", "unit": "degC"}, "si7021_373a_02": {"reading_time": 1641075239.2842658, "sensor_value": 48.55, "description": "relative humidity", "unit": "%"}}][{"si7021_373a_01": {"reading_time": 1641075269.346288, "sensor_value": 16.26, "description": "dry-bulb temperature", "unit": "degC"}, "si7021_373a_02": {"reading_time": 1641075269.346288, "sensor_value": 48.55, "description": "relative humidity", "unit": "%"}}, {"si7021_373a_01": {"reading_time": 1641075299.4051578, "sensor_value": 16.25, "description": "dry-bulb temperature", "unit": "degC"}, "si7021_373a_02": {"reading_time": 1641075299.4051578, "sensor_value": 48.55, "description": "relative humidity", "unit": "%"}}, {"si7021_373a_01": {"reading_time": 1641075329.4641407, "sensor_value": 16.25, "description": "dry-bulb temperature", "unit": "degC"}, "si7021_373a_02": {"reading_time": 1641075329.4641407, "sensor_value": 48.55, "description": "relative humidity", "unit": "%"}}, {"si7021_373a_01": {"reading_time": 1641075359.524607, "sensor_value": 16.25, "description": "dry-bulb temperature", "unit": "degC"}, "si7021_373a_02": {"reading_time": 1641075359.524607, "sensor_value": 48.55, "description": "relative humidity", "unit": "%"}}][{"si7021_373a_01": {"reading_time": 1641075389.5858257, "sensor_value": 16.25, "description": "dry-bulb temperature", "unit": "degC"}, "si7021_373a_02": {"reading_time": 1641075389.5858257, "sensor_value": 48.55, "description": "relative humidity", "unit": "%"}}, {"si7021_373a_01": {"reading_time": 1641075419.6446576, "sensor_value": 16.24, "description": "dry-bulb temperature", "unit": "degC"}, "si7021_373a_02": {"reading_time": 1641075419.6446576, "sensor_value": 48.55, "description": "relative humidity", "unit": "%"}}, {"si7021_373a_01": {"reading_time": 1641075449.7037623, "sensor_value": 16.25, "description": "dry-bulb temperature", "unit": "degC"}, "si7021_373a_02": {"reading_time": 1641075449.7037623, "sensor_value": 48.54, "description": "relative humidity", "unit": "%"}}, {"si7021_373a_01": {"reading_time": 1641075479.7545846, "sensor_value": 16.27, "description": "dry-bulb temperature", "unit": "degC"}, "si7021_373a_02": {"reading_time": 1641075479.7545846, "sensor_value": 48.55, "description": "relative humidity", "unit": "%"}}][{"si7021_373a_01": {"reading_time": 1641075509.8152153, "sensor_value": 16.26, "description": "dry-bulb temperature", "unit": "degC"}, "si7021_373a_02": {"reading_time": 1641075509.8152153, "sensor_value": 48.56, "description": "relative humidity", "unit": "%"}}, {"si7021_373a_01": {"reading_time": 1641075539.8742034, "sensor_value": 16.22, "description": "dry-bulb temperature", "unit": "degC"}, "si7021_373a_02": {"reading_time": 1641075539.8742034, "sensor_value": 48.55, "description": "relative humidity", "unit": "%"}}, {"si7021_373a_01": {"reading_time": 1641075569.933407, "sensor_value": 16.24, "description": "dry-bulb temperature", "unit": "degC"}, "si7021_373a_02": {"reading_time": 1641075569.933407, "sensor_value": 48.57, "description": "relative humidity", "unit": "%"}}, {"si7021_373a_01": {"reading_time": 1641075599.9925215, "sensor_value": 16.25, "description": "dry-bulb temperature", "unit": "degC"}, "si7021_373a_02": {"reading_time": 1641075599.9925215, "sensor_value": 48.57, "description": "relative humidity", "unit": "%"}}][{"si7021_373a_01": {"reading_time": 1641075630.0539544, "sensor_value": 16.25, "description": "dry-bulb temperature", "unit": "degC"}, "si7021_373a_02": {"reading_time": 1641075630.0539544, "sensor_value": 48.57, "description": "relative humidity", "unit": "%"}}, {"si7021_373a_01": {"reading_time": 1641075660.1129265, "sensor_value": 16.27, "description": "dry-bulb temperature", "unit": "degC"}, "si7021_373a_02": {"reading_time": 1641075660.1129265, "sensor_value": 48.55, "description": "relative humidity", "unit": "%"}}, {"si7021_373a_01": {"reading_time": 1641075690.1597993, "sensor_value": 16.24, "description": "dry-bulb temperature", "unit": "degC"}, "si7021_373a_02": {"reading_time": 1641075690.1597993, "sensor_value": 48.57, "description": "relative humidity", "unit": "%"}}, {"si7021_373a_01": {"reading_time": 1641075720.2145689, "sensor_value": 16.27, "description": "dry-bulb temperature", "unit": "degC"}, "si7021_373a_02": {"reading_time": 1641075720.2145689, "sensor_value": 48.55, "description": "relative humidity", "unit": "%"}}][{"si7021_373a_01": {"reading_time": 1641075750.2767735, "sensor_value": 16.26, "description": "dry-bulb temperature", "unit": "degC"}, "si7021_373a_02": {"reading_time": 1641075750.2767735, "sensor_value": 48.55, "description": "relative humidity", "unit": "%"}}, {"si7021_373a_01": {"reading_time": 1641075780.307586, "sensor_value": 16.25, "description": "dry-bulb temperature", "unit": "degC"}, "si7021_373a_02": {"reading_time": 1641075780.307586, "sensor_value": 48.55, "description": "relative humidity", "unit": "%"}}, {"si7021_373a_01": {"reading_time": 1641075810.3666952, "sensor_value": 16.24, "description": "dry-bulb temperature", "unit": "degC"}, "si7021_373a_02": {"reading_time": 1641075810.3666952, "sensor_value": 48.55, "description": "relative humidity", "unit": "%"}}, {"si7021_373a_01": {"reading_time": 1641075840.4245694, "sensor_value": 16.25, "description": "dry-bulb temperature", "unit": "degC"}, "si7021_373a_02": {"reading_time": 1641075840.4245694, "sensor_value": 48.58, "description": "relative humidity", "unit": "%"}}][{"si7021_373a_01": {"reading_time": 1641075870.4679914, "sensor_value": 16.27, "description": "dry-bulb temperature", "unit": "degC"}, "si7021_373a_02": {"reading_time": 1641075870.4679914, "sensor_value": 48.56, "description": "relative humidity", "unit": "%"}}, {"si7021_373a_01": {"reading_time": 1641075900.506973, "sensor_value": 16.26, "description": "dry-bulb temperature", "unit": "degC"}, "si7021_373a_02": {"reading_time": 1641075900.506973, "sensor_value": 48.55, "description": "relative humidity", "unit": "%"}}, {"si7021_373a_01": {"reading_time": 1641075930.5666945, "sensor_value": 16.25, "description": "dry-bulb temperature", "unit": "degC"}, "si7021_373a_02": {"reading_time": 1641075930.5666945, "sensor_value": 48.56, "description": "relative humidity", "unit": "%"}}, {"si7021_373a_01": {"reading_time": 1641075960.6256876, "sensor_value": 16.26, "description": "dry-bulb temperature", "unit": "degC"}, "si7021_373a_02": {"reading_time": 1641075960.6256876, "sensor_value": 48.56, "description": "relative humidity", "unit": "%"}}][{"si7021_373a_01": {"reading_time": 1641075990.6875625, "sensor_value": 16.25, "description": "dry-bulb temperature", "unit": "degC"}, "si7021_373a_02": {"reading_time": 1641075990.6875625, "sensor_value": 48.55, "description": "relative humidity", "unit": "%"}}, {"si7021_373a_01": {"reading_time": 1641076020.74566, "sensor_value": 16.25, "description": "dry-bulb temperature", "unit": "degC"}, "si7021_373a_02": {"reading_time": 1641076020.74566, "sensor_value": 48.55, "description": "relative humidity", "unit": "%"}}, {"si7021_373a_01": {"reading_time": 1641076050.8039012, "sensor_value": 16.25, "description": "dry-bulb temperature", "unit": "degC"}, "si7021_373a_02": {"reading_time": 1641076050.8039012, "sensor_value": 48.58, "description": "relative humidity", "unit": "%"}}, {"si7021_373a_01": {"reading_time": 1641076080.8645854, "sensor_value": 16.22, "description": "dry-bulb temperature", "unit": "degC"}, "si7021_373a_02": {"reading_time": 1641076080.8645854, "sensor_value": 48.55, "description": "relative humidity", "unit": "%"}}][{"si7021_373a_01": {"reading_time": 1641076110.9172304, "sensor_value": 16.26, "description": "dry-bulb temperature", "unit": "degC"}, "si7021_373a_02": {"reading_time": 1641076110.9172304, "sensor_value": 48.57, "description": "relative humidity", "unit": "%"}}, {"si7021_373a_01": {"reading_time": 1641076140.9763408, "sensor_value": 16.25, "description": "dry-bulb temperature", "unit": "degC"}, "si7021_373a_02": {"reading_time": 1641076140.9763408, "sensor_value": 48.58, "description": "relative humidity", "unit": "%"}}, {"si7021_373a_01": {"reading_time": 1641076171.0096228, "sensor_value": 16.26, "description": "dry-bulb temperature", "unit": "degC"}, "si7021_373a_02": {"reading_time": 1641076171.0096228, "sensor_value": 48.58, "description": "relative humidity", "unit": "%"}}, {"si7021_373a_01": {"reading_time": 1641076201.0688474, "sensor_value": 16.26, "description": "dry-bulb temperature", "unit": "degC"}, "si7021_373a_02": {"reading_time": 1641076201.0688474, "sensor_value": 48.56, "description": "relative humidity", "unit": "%"}}][{"si7021_373a_01": {"reading_time": 1641076231.130706, "sensor_value": 16.26, "description": "dry-bulb temperature", "unit": "degC"}, "si7021_373a_02": {"reading_time": 1641076231.130706, "sensor_value": 48.57, "description": "relative humidity", "unit": "%"}}, {"si7021_373a_01": {"reading_time": 1641076261.1825695, "sensor_value": 16.26, "description": "dry-bulb temperature", "unit": "degC"}, "si7021_373a_02": {"reading_time": 1641076261.1825695, "sensor_value": 48.57, "description": "relative humidity", "unit": "%"}}, {"si7021_373a_01": {"reading_time": 1641076291.2273254, "sensor_value": 16.25, "description": "dry-bulb temperature", "unit": "degC"}, "si7021_373a_02": {"reading_time": 1641076291.2273254, "sensor_value": 48.55, "description": "relative humidity", "unit": "%"}}, {"si7021_373a_01": {"reading_time": 1641076321.2847164, "sensor_value": 16.24, "description": "dry-bulb temperature", "unit": "degC"}, "si7021_373a_02": {"reading_time": 1641076321.2847164, "sensor_value": 48.55, "description": "relative humidity", "unit": "%"}}][{"si7021_373a_01": {"reading_time": 1641076351.321748, "sensor_value": 16.26, "description": "dry-bulb temperature", "unit": "degC"}, "si7021_373a_02": {"reading_time": 1641076351.321748, "sensor_value": 48.59, "description": "relative humidity", "unit": "%"}}, {"si7021_373a_01": {"reading_time": 1641076381.3745687, "sensor_value": 16.24, "description": "dry-bulb temperature", "unit": "degC"}, "si7021_373a_02": {"reading_time": 1641076381.3745687, "sensor_value": 48.58, "description": "relative humidity", "unit": "%"}}, {"si7021_373a_01": {"reading_time": 1641076411.424664, "sensor_value": 16.25, "description": "dry-bulb temperature", "unit": "degC"}, "si7021_373a_02": {"reading_time": 1641076411.424664, "sensor_value": 48.58, "description": "relative humidity", "unit": "%"}}, {"si7021_373a_01": {"reading_time": 1641076441.4645925, "sensor_value": 16.25, "description": "dry-bulb temperature", "unit": "degC"}, "si7021_373a_02": {"reading_time": 1641076441.4645925, "sensor_value": 48.58, "description": "relative humidity", "unit": "%"}}][{"si7021_373a_01": {"reading_time": 1641076471.5277734, "sensor_value": 16.26, "description": "dry-bulb temperature", "unit": "degC"}, "si7021_373a_02": {"reading_time": 1641076471.5277734, "sensor_value": 48.58, "description": "relative humidity", "unit": "%"}}, {"si7021_373a_01": {"reading_time": 1641076501.5646365, "sensor_value": 16.25, "description": "dry-bulb temperature", "unit": "degC"}, "si7021_373a_02": {"reading_time": 1641076501.5646365, "sensor_value": 48.57, "description": "relative humidity", "unit": "%"}}, {"si7021_373a_01": {"reading_time": 1641076531.6281881, "sensor_value": 16.25, "description": "dry-bulb temperature", "unit": "degC"}, "si7021_373a_02": {"reading_time": 1641076531.6281881, "sensor_value": 48.58, "description": "relative humidity", "unit": "%"}}, {"si7021_373a_01": {"reading_time": 1641076561.6646252, "sensor_value": 16.27, "description": "dry-bulb temperature", "unit": "degC"}, "si7021_373a_02": {"reading_time": 1641076561.6646252, "sensor_value": 48.58, "description": "relative humidity", "unit": "%"}}][{"si7021_373a_01": {"reading_time": 1641076591.719292, "sensor_value": 16.24, "description": "dry-bulb temperature", "unit": "degC"}, "si7021_373a_02": {"reading_time": 1641076591.719292, "sensor_value": 48.57, "description": "relative humidity", "unit": "%"}}, {"si7021_373a_01": {"reading_time": 1641076621.7745657, "sensor_value": 16.26, "description": "dry-bulb temperature", "unit": "degC"}, "si7021_373a_02": {"reading_time": 1641076621.7745657, "sensor_value": 48.57, "description": "relative humidity", "unit": "%"}}, {"si7021_373a_01": {"reading_time": 1641076651.8249848, "sensor_value": 16.25, "description": "dry-bulb temperature", "unit": "degC"}, "si7021_373a_02": {"reading_time": 1641076651.8249848, "sensor_value": 48.58, "description": "relative humidity", "unit": "%"}}, {"si7021_373a_01": {"reading_time": 1641076681.8749862, "sensor_value": 16.25, "description": "dry-bulb temperature", "unit": "degC"}, "si7021_373a_02": {"reading_time": 1641076681.8749862, "sensor_value": 48.58, "description": "relative humidity", "unit": "%"}}][{"si7021_373a_01": {"reading_time": 1641076711.9358134, "sensor_value": 16.25, "description": "dry-bulb temperature", "unit": "degC"}, "si7021_373a_02": {"reading_time": 1641076711.9358134, "sensor_value": 48.6, "description": "relative humidity", "unit": "%"}}, {"si7021_373a_01": {"reading_time": 1641076741.99386, "sensor_value": 16.25, "description": "dry-bulb temperature", "unit": "degC"}, "si7021_373a_02": {"reading_time": 1641076741.99386, "sensor_value": 48.58, "description": "relative humidity", "unit": "%"}}, {"si7021_373a_01": {"reading_time": 1641076772.0549917, "sensor_value": 16.25, "description": "dry-bulb temperature", "unit": "degC"}, "si7021_373a_02": {"reading_time": 1641076772.0549917, "sensor_value": 48.58, "description": "relative humidity", "unit": "%"}}, {"si7021_373a_01": {"reading_time": 1641076802.0858173, "sensor_value": 16.22, "description": "dry-bulb temperature", "unit": "degC"}, "si7021_373a_02": {"reading_time": 1641076802.0858173, "sensor_value": 48.6, "description": "relative humidity", "unit": "%"}}][{"si7021_373a_01": {"reading_time": 1641076832.1468916, "sensor_value": 16.25, "description": "dry-bulb temperature", "unit": "degC"}, "si7021_373a_02": {"reading_time": 1641076832.1468916, "sensor_value": 48.6, "description": "relative humidity", "unit": "%"}}, {"si7021_373a_01": {"reading_time": 1641076862.2050586, "sensor_value": 16.25, "description": "dry-bulb temperature", "unit": "degC"}, "si7021_373a_02": {"reading_time": 1641076862.2050586, "sensor_value": 48.59, "description": "relative humidity", "unit": "%"}}, {"si7021_373a_01": {"reading_time": 1641076892.235401, "sensor_value": 16.24, "description": "dry-bulb temperature", "unit": "degC"}, "si7021_373a_02": {"reading_time": 1641076892.235401, "sensor_value": 48.6, "description": "relative humidity", "unit": "%"}}, {"si7021_373a_01": {"reading_time": 1641076922.2845762, "sensor_value": 16.24, "description": "dry-bulb temperature", "unit": "degC"}, "si7021_373a_02": {"reading_time": 1641076922.2845762, "sensor_value": 48.58, "description": "relative humidity", "unit": "%"}}][{"si7021_373a_01": {"reading_time": 1641076952.3449383, "sensor_value": 16.24, "description": "dry-bulb temperature", "unit": "degC"}, "si7021_373a_02": {"reading_time": 1641076952.3449383, "sensor_value": 48.59, "description": "relative humidity", "unit": "%"}}, {"si7021_373a_01": {"reading_time": 1641076982.3762329, "sensor_value": 16.26, "description": "dry-bulb temperature", "unit": "degC"}, "si7021_373a_02": {"reading_time": 1641076982.3762329, "sensor_value": 48.58, "description": "relative humidity", "unit": "%"}}, {"si7021_373a_01": {"reading_time": 1641077012.4349334, "sensor_value": 16.26, "description": "dry-bulb temperature", "unit": "degC"}, "si7021_373a_02": {"reading_time": 1641077012.4349334, "sensor_value": 48.6, "description": "relative humidity", "unit": "%"}}, {"si7021_373a_01": {"reading_time": 1641077042.46625, "sensor_value": 16.24, "description": "dry-bulb temperature", "unit": "degC"}, "si7021_373a_02": {"reading_time": 1641077042.46625, "sensor_value": 48.58, "description": "relative humidity", "unit": "%"}}][{"si7021_373a_01": {"reading_time": 1641077072.5199118, "sensor_value": 16.26, "description": "dry-bulb temperature", "unit": "degC"}, "si7021_373a_02": {"reading_time": 1641077072.5199118, "sensor_value": 48.59, "description": "relative humidity", "unit": "%"}}, {"si7021_373a_01": {"reading_time": 1641077102.5522346, "sensor_value": 16.25, "description": "dry-bulb temperature", "unit": "degC"}, "si7021_373a_02": {"reading_time": 1641077102.5522346, "sensor_value": 48.6, "description": "relative humidity", "unit": "%"}}, {"si7021_373a_01": {"reading_time": 1641077132.59335, "sensor_value": 16.28, "description": "dry-bulb temperature", "unit": "degC"}, "si7021_373a_02": {"reading_time": 1641077132.59335, "sensor_value": 48.6, "description": "relative humidity", "unit": "%"}}, {"si7021_373a_01": {"reading_time": 1641077162.6516378, "sensor_value": 16.24, "description": "dry-bulb temperature", "unit": "degC"}, "si7021_373a_02": {"reading_time": 1641077162.6516378, "sensor_value": 48.6, "description": "relative humidity", "unit": "%"}}][{"si7021_373a_01": {"reading_time": 1641077192.7068644, "sensor_value": 16.24, "description": "dry-bulb temperature", "unit": "degC"}, "si7021_373a_02": {"reading_time": 1641077192.7068644, "sensor_value": 48.62, "description": "relative humidity", "unit": "%"}}, {"si7021_373a_01": {"reading_time": 1641077222.7462535, "sensor_value": 16.27, "description": "dry-bulb temperature", "unit": "degC"}, "si7021_373a_02": {"reading_time": 1641077222.7462535, "sensor_value": 48.6, "description": "relative humidity", "unit": "%"}}, {"si7021_373a_01": {"reading_time": 1641077252.8068738, "sensor_value": 16.26, "description": "dry-bulb temperature", "unit": "degC"}, "si7021_373a_02": {"reading_time": 1641077252.8068738, "sensor_value": 48.62, "description": "relative humidity", "unit": "%"}}, {"si7021_373a_01": {"reading_time": 1641077282.8609924, "sensor_value": 16.24, "description": "dry-bulb temperature", "unit": "degC"}, "si7021_373a_02": {"reading_time": 1641077282.8609924, "sensor_value": 48.6, "description": "relative humidity", "unit": "%"}}][{"si7021_373a_01": {"reading_time": 1641077312.8940594, "sensor_value": 16.25, "description": "dry-bulb temperature", "unit": "degC"}, "si7021_373a_02": {"reading_time": 1641077312.8940594, "sensor_value": 48.59, "description": "relative humidity", "unit": "%"}}, {"si7021_373a_01": {"reading_time": 1641077342.953124, "sensor_value": 16.24, "description": "dry-bulb temperature", "unit": "degC"}, "si7021_373a_02": {"reading_time": 1641077342.953124, "sensor_value": 48.61, "description": "relative humidity", "unit": "%"}}, {"si7021_373a_01": {"reading_time": 1641077373.004865, "sensor_value": 16.24, "description": "dry-bulb temperature", "unit": "degC"}, "si7021_373a_02": {"reading_time": 1641077373.004865, "sensor_value": 48.58, "description": "relative humidity", "unit": "%"}}, {"si7021_373a_01": {"reading_time": 1641077403.0651698, "sensor_value": 16.25, "description": "dry-bulb temperature", "unit": "degC"}, "si7021_373a_02": {"reading_time": 1641077403.0651698, "sensor_value": 48.61, "description": "relative humidity", "unit": "%"}}][{"si7021_373a_01": {"reading_time": 1641077433.1261625, "sensor_value": 16.24, "description": "dry-bulb temperature", "unit": "degC"}, "si7021_373a_02": {"reading_time": 1641077433.1261625, "sensor_value": 48.59, "description": "relative humidity", "unit": "%"}}, {"si7021_373a_01": {"reading_time": 1641077463.1850507, "sensor_value": 16.22, "description": "dry-bulb temperature", "unit": "degC"}, "si7021_373a_02": {"reading_time": 1641077463.1850507, "sensor_value": 48.6, "description": "relative humidity", "unit": "%"}}, {"si7021_373a_01": {"reading_time": 1641077493.245168, "sensor_value": 16.26, "description": "dry-bulb temperature", "unit": "degC"}, "si7021_373a_02": {"reading_time": 1641077493.245168, "sensor_value": 48.58, "description": "relative humidity", "unit": "%"}}, {"si7021_373a_01": {"reading_time": 1641077523.3045375, "sensor_value": 16.24, "description": "dry-bulb temperature", "unit": "degC"}, "si7021_373a_02": {"reading_time": 1641077523.3045375, "sensor_value": 48.59, "description": "relative humidity", "unit": "%"}}][{"si7021_373a_01": {"reading_time": 1641077553.3657653, "sensor_value": 16.24, "description": "dry-bulb temperature", "unit": "degC"}, "si7021_373a_02": {"reading_time": 1641077553.3657653, "sensor_value": 48.6, "description": "relative humidity", "unit": "%"}}, {"si7021_373a_01": {"reading_time": 1641077583.4028385, "sensor_value": 16.24, "description": "dry-bulb temperature", "unit": "degC"}, "si7021_373a_02": {"reading_time": 1641077583.4028385, "sensor_value": 48.61, "description": "relative humidity", "unit": "%"}}, {"si7021_373a_01": {"reading_time": 1641077613.4397538, "sensor_value": 16.25, "description": "dry-bulb temperature", "unit": "degC"}, "si7021_373a_02": {"reading_time": 1641077613.4397538, "sensor_value": 48.62, "description": "relative humidity", "unit": "%"}}, {"si7021_373a_01": {"reading_time": 1641077643.4991484, "sensor_value": 16.24, "description": "dry-bulb temperature", "unit": "degC"}, "si7021_373a_02": {"reading_time": 1641077643.4991484, "sensor_value": 48.6, "description": "relative humidity", "unit": "%"}}][{"si7021_373a_01": {"reading_time": 1641077673.535407, "sensor_value": 16.25, "description": "dry-bulb temperature", "unit": "degC"}, "si7021_373a_02": {"reading_time": 1641077673.535407, "sensor_value": 48.6, "description": "relative humidity", "unit": "%"}}, {"si7021_373a_01": {"reading_time": 1641077703.5683131, "sensor_value": 16.25, "description": "dry-bulb temperature", "unit": "degC"}, "si7021_373a_02": {"reading_time": 1641077703.5683131, "sensor_value": 48.6, "description": "relative humidity", "unit": "%"}}, {"si7021_373a_01": {"reading_time": 1641077733.6045692, "sensor_value": 16.24, "description": "dry-bulb temperature", "unit": "degC"}, "si7021_373a_02": {"reading_time": 1641077733.6045692, "sensor_value": 48.6, "description": "relative humidity", "unit": "%"}}, {"si7021_373a_01": {"reading_time": 1641077763.6628919, "sensor_value": 16.24, "description": "dry-bulb temperature", "unit": "degC"}, "si7021_373a_02": {"reading_time": 1641077763.6628919, "sensor_value": 48.6, "description": "relative humidity", "unit": "%"}}][{"si7021_373a_01": {"reading_time": 1641077793.7186177, "sensor_value": 16.25, "description": "dry-bulb temperature", "unit": "degC"}, "si7021_373a_02": {"reading_time": 1641077793.7186177, "sensor_value": 48.59, "description": "relative humidity", "unit": "%"}}, {"si7021_373a_01": {"reading_time": 1641077823.7572634, "sensor_value": 16.26, "description": "dry-bulb temperature", "unit": "degC"}, "si7021_373a_02": {"reading_time": 1641077823.7572634, "sensor_value": 48.62, "description": "relative humidity", "unit": "%"}}, {"si7021_373a_01": {"reading_time": 1641077853.8173385, "sensor_value": 16.25, "description": "dry-bulb temperature", "unit": "degC"}, "si7021_373a_02": {"reading_time": 1641077853.8173385, "sensor_value": 48.6, "description": "relative humidity", "unit": "%"}}, {"si7021_373a_01": {"reading_time": 1641077883.881334, "sensor_value": 16.24, "description": "dry-bulb temperature", "unit": "degC"}, "si7021_373a_02": {"reading_time": 1641077883.881334, "sensor_value": 48.59, "description": "relative humidity", "unit": "%"}}]