[{"si7021_373a_01": {"reading_time": 1641081520.306407, "sensor_value": 16.11, "description": "dry-bulb temperature", "unit": "degC"}, "si7021_373a_02": {"reading_time": 1641081520.306407, "sensor_value": 48.85, "description": "relative humidity", "unit": "%"}}, {"si7021_373a_01": {"reading_time": 1641081550.364954, "sensor_value": 16.1, "description": "dry-bulb temperature", "unit": "degC"}, "si7021_373a_02": {"reading_time": 1641081550.364954, "sensor_value": 48.84, "description": "relative humidity", "unit": "%"}}, {"si7021_373a_01": {"reading_time": 1641081580.4231243, "sensor_value": 16.1, "description": "dry-bulb temperature", "unit": "degC"}, "si7021_373a_02": {"reading_time": 1641081580.4231243, "sensor_value": 48.84, "description": "relative humidity", "unit": "%"}}, {"si7021_373a_01": {"reading_time": 1641081610.4645727, "sensor_value": 16.1, "description": "dry-bulb temperature", "unit": "degC"}, "si7021_373a_02": {"reading_time": 1641081610.4645727, "sensor_value": 48.84, "description": "relative humidity", "unit": "%"}}][{"si7021_373a_01": {"reading_time": 1641081640.526484, "sensor_value": 16.1, "description": "dry-bulb temperature", "unit": "degC"}, "si7021_373a_02": {"reading_time": 1641081640.526484, "sensor_value": 48.86, "description": "relative humidity", "unit": "%"}}, {"si7021_373a_01": {"reading_time": 1641081670.5855572, "sensor_value": 16.12, "description": "dry-bulb temperature", "unit": "degC"}, "si7021_373a_02": {"reading_time": 1641081670.5855572, "sensor_value": 48.85, "description": "relative humidity", "unit": "%"}}, {"si7021_373a_01": {"reading_time": 1641081700.6443796, "sensor_value": 16.1, "description": "dry-bulb temperature", "unit": "degC"}, "si7021_373a_02": {"reading_time": 1641081700.6443796, "sensor_value": 48.84, "description": "relative humidity", "unit": "%"}}, {"si7021_373a_01": {"reading_time": 1641081730.7034924, "sensor_value": 16.1, "description": "dry-bulb temperature", "unit": "degC"}, "si7021_373a_02": {"reading_time": 1641081730.7034924, "sensor_value": 48.84, "description": "relative humidity", "unit": "%"}}][{"si7021_373a_01": {"reading_time": 1641081760.7433758, "sensor_value": 16.08, "description": "dry-bulb temperature", "unit": "degC"}, "si7021_373a_02": {"reading_time": 1641081760.7433758, "sensor_value": 48.84, "description": "relative humidity", "unit": "%"}}, {"si7021_373a_01": {"reading_time": 1641081790.802523, "sensor_value": 16.08, "description": "dry-bulb temperature", "unit": "degC"}, "si7021_373a_02": {"reading_time": 1641081790.802523, "sensor_value": 48.84, "description": "relative humidity", "unit": "%"}}, {"si7021_373a_01": {"reading_time": 1641081820.8616676, "sensor_value": 16.07, "description": "dry-bulb temperature", "unit": "degC"}, "si7021_373a_02": {"reading_time": 1641081820.8616676, "sensor_value": 48.86, "description": "relative humidity", "unit": "%"}}, {"si7021_373a_01": {"reading_time": 1641081850.9205587, "sensor_value": 16.08, "description": "dry-bulb temperature", "unit": "degC"}, "si7021_373a_02": {"reading_time": 1641081850.9205587, "sensor_value": 48.84, "description": "relative humidity", "unit": "%"}}][{"si7021_373a_01": {"reading_time": 1641081880.9768827, "sensor_value": 16.07, "description": "dry-bulb temperature", "unit": "degC"}, "si7021_373a_02": {"reading_time": 1641081880.9768827, "sensor_value": 48.84, "description": "relative humidity", "unit": "%"}}, {"si7021_373a_01": {"reading_time": 1641081911.0054457, "sensor_value": 16.06, "description": "dry-bulb temperature", "unit": "degC"}, "si7021_373a_02": {"reading_time": 1641081911.0054457, "sensor_value": 48.84, "description": "relative humidity", "unit": "%"}}, {"si7021_373a_01": {"reading_time": 1641081941.0644934, "sensor_value": 16.08, "description": "dry-bulb temperature", "unit": "degC"}, "si7021_373a_02": {"reading_time": 1641081941.0644934, "sensor_value": 48.84, "description": "relative humidity", "unit": "%"}}, {"si7021_373a_01": {"reading_time": 1641081971.1236353, "sensor_value": 16.1, "description": "dry-bulb temperature", "unit": "degC"}, "si7021_373a_02": {"reading_time": 1641081971.1236353, "sensor_value": 48.82, "description": "relative humidity", "unit": "%"}}][{"si7021_373a_01": {"reading_time": 1641082001.1858718, "sensor_value": 16.1, "description": "dry-bulb temperature", "unit": "degC"}, "si7021_373a_02": {"reading_time": 1641082001.1858718, "sensor_value": 48.83, "description": "relative humidity", "unit": "%"}}, {"si7021_373a_01": {"reading_time": 1641082031.2403843, "sensor_value": 16.06, "description": "dry-bulb temperature", "unit": "degC"}, "si7021_373a_02": {"reading_time": 1641082031.2403843, "sensor_value": 48.83, "description": "relative humidity", "unit": "%"}}, {"si7021_373a_01": {"reading_time": 1641082061.2995732, "sensor_value": 16.06, "description": "dry-bulb temperature", "unit": "degC"}, "si7021_373a_02": {"reading_time": 1641082061.2995732, "sensor_value": 48.82, "description": "relative humidity", "unit": "%"}}, {"si7021_373a_01": {"reading_time": 1641082091.3590183, "sensor_value": 16.08, "description": "dry-bulb temperature", "unit": "degC"}, "si7021_373a_02": {"reading_time": 1641082091.3590183, "sensor_value": 48.82, "description": "relative humidity", "unit": "%"}}][{"si7021_373a_01": {"reading_time": 1641082121.420875, "sensor_value": 16.06, "description": "dry-bulb temperature", "unit": "degC"}, "si7021_373a_02": {"reading_time": 1641082121.420875, "sensor_value": 48.81, "description": "relative humidity", "unit": "%"}}, {"si7021_373a_01": {"reading_time": 1641082151.4645748, "sensor_value": 16.06, "description": "dry-bulb temperature", "unit": "degC"}, "si7021_373a_02": {"reading_time": 1641082151.4645748, "sensor_value": 48.81, "description": "relative humidity", "unit": "%"}}, {"si7021_373a_01": {"reading_time": 1641082181.5233533, "sensor_value": 16.06, "description": "dry-bulb temperature", "unit": "degC"}, "si7021_373a_02": {"reading_time": 1641082181.5233533, "sensor_value": 48.8, "description": "relative humidity", "unit": "%"}}, {"si7021_373a_01": {"reading_time": 1641082211.5837243, "sensor_value": 16.03, "description": "dry-bulb temperature", "unit": "degC"}, "si7021_373a_02": {"reading_time": 1641082211.5837243, "sensor_value": 48.81, "description": "relative humidity", "unit": "%"}}][{"si7021_373a_01": {"reading_time": 1641082241.645527, "sensor_value": 16.06, "description": "dry-bulb temperature", "unit": "degC"}, "si7021_373a_02": {"reading_time": 1641082241.645527, "sensor_value": 48.8, "description": "relative humidity", "unit": "%"}}, {"si7021_373a_01": {"reading_time": 1641082271.7041652, "sensor_value": 16.04, "description": "dry-bulb temperature", "unit": "degC"}, "si7021_373a_02": {"reading_time": 1641082271.7041652, "sensor_value": 48.78, "description": "relative humidity", "unit": "%"}}, {"si7021_373a_01": {"reading_time": 1641082301.7631803, "sensor_value": 16.04, "description": "dry-bulb temperature", "unit": "degC"}, "si7021_373a_02": {"reading_time": 1641082301.7631803, "sensor_value": 48.81, "description": "relative humidity", "unit": "%"}}, {"si7021_373a_01": {"reading_time": 1641082331.8223777, "sensor_value": 16.05, "description": "dry-bulb temperature", "unit": "degC"}, "si7021_373a_02": {"reading_time": 1641082331.8223777, "sensor_value": 48.8, "description": "relative humidity", "unit": "%"}}][{"si7021_373a_01": {"reading_time": 1641082361.8841465, "sensor_value": 16.05, "description": "dry-bulb temperature", "unit": "degC"}, "si7021_373a_02": {"reading_time": 1641082361.8841465, "sensor_value": 48.78, "description": "relative humidity", "unit": "%"}}, {"si7021_373a_01": {"reading_time": 1641082391.9161549, "sensor_value": 16.02, "description": "dry-bulb temperature", "unit": "degC"}, "si7021_373a_02": {"reading_time": 1641082391.9161549, "sensor_value": 48.81, "description": "relative humidity", "unit": "%"}}, {"si7021_373a_01": {"reading_time": 1641082421.9645805, "sensor_value": 16.04, "description": "dry-bulb temperature", "unit": "degC"}, "si7021_373a_02": {"reading_time": 1641082421.9645805, "sensor_value": 48.78, "description": "relative humidity", "unit": "%"}}, {"si7021_373a_01": {"reading_time": 1641082452.0104995, "sensor_value": 16.01, "description": "dry-bulb temperature", "unit": "degC"}, "si7021_373a_02": {"reading_time": 1641082452.0104995, "sensor_value": 48.79, "description": "relative humidity", "unit": "%"}}][{"si7021_373a_01": {"reading_time": 1641082482.0677187, "sensor_value": 16.0, "description": "dry-bulb temperature", "unit": "degC"}, "si7021_373a_02": {"reading_time": 1641082482.0677187, "sensor_value": 48.81, "description": "relative humidity", "unit": "%"}}, {"si7021_373a_01": {"reading_time": 1641082512.128999, "sensor_value": 16.02, "description": "dry-bulb temperature", "unit": "degC"}, "si7021_373a_02": {"reading_time": 1641082512.128999, "sensor_value": 48.82, "description": "relative humidity", "unit": "%"}}, {"si7021_373a_01": {"reading_time": 1641082542.1887903, "sensor_value": 16.0, "description": "dry-bulb temperature", "unit": "degC"}, "si7021_373a_02": {"reading_time": 1641082542.1887903, "sensor_value": 48.82, "description": "relative humidity", "unit": "%"}}, {"si7021_373a_01": {"reading_time": 1641082572.2341428, "sensor_value": 16.01, "description": "dry-bulb temperature", "unit": "degC"}, "si7021_373a_02": {"reading_time": 1641082572.2341428, "sensor_value": 48.81, "description": "relative humidity", "unit": "%"}}][{"si7021_373a_01": {"reading_time": 1641082602.2967682, "sensor_value": 16.02, "description": "dry-bulb temperature", "unit": "degC"}, "si7021_373a_02": {"reading_time": 1641082602.2967682, "sensor_value": 48.81, "description": "relative humidity", "unit": "%"}}, {"si7021_373a_01": {"reading_time": 1641082632.354655, "sensor_value": 16.05, "description": "dry-bulb temperature", "unit": "degC"}, "si7021_373a_02": {"reading_time": 1641082632.354655, "sensor_value": 48.81, "description": "relative humidity", "unit": "%"}}, {"si7021_373a_01": {"reading_time": 1641082662.404587, "sensor_value": 16.0, "description": "dry-bulb temperature", "unit": "degC"}, "si7021_373a_02": {"reading_time": 1641082662.404587, "sensor_value": 48.81, "description": "relative humidity", "unit": "%"}}, {"si7021_373a_01": {"reading_time": 1641082692.4632444, "sensor_value": 16.01, "description": "dry-bulb temperature", "unit": "degC"}, "si7021_373a_02": {"reading_time": 1641082692.4632444, "sensor_value": 48.81, "description": "relative humidity", "unit": "%"}}][{"si7021_373a_01": {"reading_time": 1641082722.5243196, "sensor_value": 16.02, "description": "dry-bulb temperature", "unit": "degC"}, "si7021_373a_02": {"reading_time": 1641082722.5243196, "sensor_value": 48.8, "description": "relative humidity", "unit": "%"}}, {"si7021_373a_01": {"reading_time": 1641082752.5694025, "sensor_value": 16.02, "description": "dry-bulb temperature", "unit": "degC"}, "si7021_373a_02": {"reading_time": 1641082752.5694025, "sensor_value": 48.79, "description": "relative humidity", "unit": "%"}}, {"si7021_373a_01": {"reading_time": 1641082782.6277966, "sensor_value": 16.01, "description": "dry-bulb temperature", "unit": "degC"}, "si7021_373a_02": {"reading_time": 1641082782.6277966, "sensor_value": 48.78, "description": "relative humidity", "unit": "%"}}, {"si7021_373a_01": {"reading_time": 1641082812.6865976, "sensor_value": 16.01, "description": "dry-bulb temperature", "unit": "degC"}, "si7021_373a_02": {"reading_time": 1641082812.6865976, "sensor_value": 48.78, "description": "relative humidity", "unit": "%"}}][{"si7021_373a_01": {"reading_time": 1641082842.749029, "sensor_value": 16.01, "description": "dry-bulb temperature", "unit": "degC"}, "si7021_373a_02": {"reading_time": 1641082842.749029, "sensor_value": 48.76, "description": "relative humidity", "unit": "%"}}, {"si7021_373a_01": {"reading_time": 1641082872.807446, "sensor_value": 16.01, "description": "dry-bulb temperature", "unit": "degC"}, "si7021_373a_02": {"reading_time": 1641082872.807446, "sensor_value": 48.76, "description": "relative humidity", "unit": "%"}}, {"si7021_373a_01": {"reading_time": 1641082902.8661706, "sensor_value": 15.98, "description": "dry-bulb temperature", "unit": "degC"}, "si7021_373a_02": {"reading_time": 1641082902.8661706, "sensor_value": 48.76, "description": "relative humidity", "unit": "%"}}, {"si7021_373a_01": {"reading_time": 1641082932.9249856, "sensor_value": 15.99, "description": "dry-bulb temperature", "unit": "degC"}, "si7021_373a_02": {"reading_time": 1641082932.9249856, "sensor_value": 48.75, "description": "relative humidity", "unit": "%"}}][{"si7021_373a_01": {"reading_time": 1641082962.981157, "sensor_value": 15.99, "description": "dry-bulb temperature", "unit": "degC"}, "si7021_373a_02": {"reading_time": 1641082962.981157, "sensor_value": 48.74, "description": "relative humidity", "unit": "%"}}, {"si7021_373a_01": {"reading_time": 1641082993.0398264, "sensor_value": 15.99, "description": "dry-bulb temperature", "unit": "degC"}, "si7021_373a_02": {"reading_time": 1641082993.0398264, "sensor_value": 48.74, "description": "relative humidity", "unit": "%"}}, {"si7021_373a_01": {"reading_time": 1641083023.091332, "sensor_value": 16.0, "description": "dry-bulb temperature", "unit": "degC"}, "si7021_373a_02": {"reading_time": 1641083023.091332, "sensor_value": 48.73, "description": "relative humidity", "unit": "%"}}, {"si7021_373a_01": {"reading_time": 1641083053.1432755, "sensor_value": 16.0, "description": "dry-bulb temperature", "unit": "degC"}, "si7021_373a_02": {"reading_time": 1641083053.1432755, "sensor_value": 48.72, "description": "relative humidity", "unit": "%"}}][{"si7021_373a_01": {"reading_time": 1641083083.2051349, "sensor_value": 15.99, "description": "dry-bulb temperature", "unit": "degC"}, "si7021_373a_02": {"reading_time": 1641083083.2051349, "sensor_value": 48.73, "description": "relative humidity", "unit": "%"}}, {"si7021_373a_01": {"reading_time": 1641083113.2642446, "sensor_value": 15.99, "description": "dry-bulb temperature", "unit": "degC"}, "si7021_373a_02": {"reading_time": 1641083113.2642446, "sensor_value": 48.72, "description": "relative humidity", "unit": "%"}}, {"si7021_373a_01": {"reading_time": 1641083143.3234124, "sensor_value": 15.99, "description": "dry-bulb temperature", "unit": "degC"}, "si7021_373a_02": {"reading_time": 1641083143.3234124, "sensor_value": 48.73, "description": "relative humidity", "unit": "%"}}, {"si7021_373a_01": {"reading_time": 1641083173.3823054, "sensor_value": 15.98, "description": "dry-bulb temperature", "unit": "degC"}, "si7021_373a_02": {"reading_time": 1641083173.3823054, "sensor_value": 48.71, "description": "relative humidity", "unit": "%"}}][{"si7021_373a_01": {"reading_time": 1641083203.4444063, "sensor_value": 15.97, "description": "dry-bulb temperature", "unit": "degC"}, "si7021_373a_02": {"reading_time": 1641083203.4444063, "sensor_value": 48.71, "description": "relative humidity", "unit": "%"}}, {"si7021_373a_01": {"reading_time": 1641083233.4767497, "sensor_value": 15.97, "description": "dry-bulb temperature", "unit": "degC"}, "si7021_373a_02": {"reading_time": 1641083233.4767497, "sensor_value": 48.74, "description": "relative humidity", "unit": "%"}}, {"si7021_373a_01": {"reading_time": 1641083263.5115802, "sensor_value": 15.99, "description": "dry-bulb temperature", "unit": "degC"}, "si7021_373a_02": {"reading_time": 1641083263.5115802, "sensor_value": 48.73, "description": "relative humidity", "unit": "%"}}, {"si7021_373a_01": {"reading_time": 1641083293.571001, "sensor_value": 15.98, "description": "dry-bulb temperature", "unit": "degC"}, "si7021_373a_02": {"reading_time": 1641083293.571001, "sensor_value": 48.72, "description": "relative humidity", "unit": "%"}}][{"si7021_373a_01": {"reading_time": 1641083323.632597, "sensor_value": 15.99, "description": "dry-bulb temperature", "unit": "degC"}, "si7021_373a_02": {"reading_time": 1641083323.632597, "sensor_value": 48.7, "description": "relative humidity", "unit": "%"}}, {"si7021_373a_01": {"reading_time": 1641083353.6697571, "sensor_value": 15.97, "description": "dry-bulb temperature", "unit": "degC"}, "si7021_373a_02": {"reading_time": 1641083353.6697571, "sensor_value": 48.71, "description": "relative humidity", "unit": "%"}}, {"si7021_373a_01": {"reading_time": 1641083383.727705, "sensor_value": 15.97, "description": "dry-bulb temperature", "unit": "degC"}, "si7021_373a_02": {"reading_time": 1641083383.727705, "sensor_value": 48.7, "description": "relative humidity", "unit": "%"}}, {"si7021_373a_01": {"reading_time": 1641083413.7845635, "sensor_value": 15.96, "description": "dry-bulb temperature", "unit": "degC"}, "si7021_373a_02": {"reading_time": 1641083413.7845635, "sensor_value": 48.72, "description": "relative humidity", "unit": "%"}}][{"si7021_373a_01": {"reading_time": 1641083443.8397386, "sensor_value": 15.99, "description": "dry-bulb temperature", "unit": "degC"}, "si7021_373a_02": {"reading_time": 1641083443.8397386, "sensor_value": 48.71, "description": "relative humidity", "unit": "%"}}, {"si7021_373a_01": {"reading_time": 1641083473.8945599, "sensor_value": 15.99, "description": "dry-bulb temperature", "unit": "degC"}, "si7021_373a_02": {"reading_time": 1641083473.8945599, "sensor_value": 48.7, "description": "relative humidity", "unit": "%"}}, {"si7021_373a_01": {"reading_time": 1641083503.9283361, "sensor_value": 16.0, "description": "dry-bulb temperature", "unit": "degC"}, "si7021_373a_02": {"reading_time": 1641083503.9283361, "sensor_value": 48.7, "description": "relative humidity", "unit": "%"}}, {"si7021_373a_01": {"reading_time": 1641083533.9732127, "sensor_value": 15.98, "description": "dry-bulb temperature", "unit": "degC"}, "si7021_373a_02": {"reading_time": 1641083533.9732127, "sensor_value": 48.69, "description": "relative humidity", "unit": "%"}}][{"si7021_373a_01": {"reading_time": 1641083564.0371542, "sensor_value": 15.99, "description": "dry-bulb temperature", "unit": "degC"}, "si7021_373a_02": {"reading_time": 1641083564.0371542, "sensor_value": 48.69, "description": "relative humidity", "unit": "%"}}, {"si7021_373a_01": {"reading_time": 1641083594.0946434, "sensor_value": 15.95, "description": "dry-bulb temperature", "unit": "degC"}, "si7021_373a_02": {"reading_time": 1641083594.0946434, "sensor_value": 48.67, "description": "relative humidity", "unit": "%"}}, {"si7021_373a_01": {"reading_time": 1641083624.1445632, "sensor_value": 15.96, "description": "dry-bulb temperature", "unit": "degC"}, "si7021_373a_02": {"reading_time": 1641083624.1445632, "sensor_value": 48.68, "description": "relative humidity", "unit": "%"}}, {"si7021_373a_01": {"reading_time": 1641083654.2081654, "sensor_value": 15.95, "description": "dry-bulb temperature", "unit": "degC"}, "si7021_373a_02": {"reading_time": 1641083654.2081654, "sensor_value": 48.68, "description": "relative humidity", "unit": "%"}}][{"si7021_373a_01": {"reading_time": 1641083684.26986, "sensor_value": 15.96, "description": "dry-bulb temperature", "unit": "degC"}, "si7021_373a_02": {"reading_time": 1641083684.26986, "sensor_value": 48.68, "description": "relative humidity", "unit": "%"}}, {"si7021_373a_01": {"reading_time": 1641083714.3179183, "sensor_value": 15.97, "description": "dry-bulb temperature", "unit": "degC"}, "si7021_373a_02": {"reading_time": 1641083714.3179183, "sensor_value": 48.65, "description": "relative humidity", "unit": "%"}}, {"si7021_373a_01": {"reading_time": 1641083744.3772342, "sensor_value": 15.95, "description": "dry-bulb temperature", "unit": "degC"}, "si7021_373a_02": {"reading_time": 1641083744.3772342, "sensor_value": 48.63, "description": "relative humidity", "unit": "%"}}, {"si7021_373a_01": {"reading_time": 1641083774.4364965, "sensor_value": 15.93, "description": "dry-bulb temperature", "unit": "degC"}, "si7021_373a_02": {"reading_time": 1641083774.4364965, "sensor_value": 48.64, "description": "relative humidity", "unit": "%"}}][{"si7021_373a_01": {"reading_time": 1641083804.498348, "sensor_value": 15.96, "description": "dry-bulb temperature", "unit": "degC"}, "si7021_373a_02": {"reading_time": 1641083804.498348, "sensor_value": 48.62, "description": "relative humidity", "unit": "%"}}, {"si7021_373a_01": {"reading_time": 1641083834.5547144, "sensor_value": 15.95, "description": "dry-bulb temperature", "unit": "degC"}, "si7021_373a_02": {"reading_time": 1641083834.5547144, "sensor_value": 48.62, "description": "relative humidity", "unit": "%"}}, {"si7021_373a_01": {"reading_time": 1641083864.6141825, "sensor_value": 15.93, "description": "dry-bulb temperature", "unit": "degC"}, "si7021_373a_02": {"reading_time": 1641083864.6141825, "sensor_value": 48.62, "description": "relative humidity", "unit": "%"}}, {"si7021_373a_01": {"reading_time": 1641083894.6734376, "sensor_value": 15.96, "description": "dry-bulb temperature", "unit": "degC"}, "si7021_373a_02": {"reading_time": 1641083894.6734376, "sensor_value": 48.62, "description": "relative humidity", "unit": "%"}}][{"si7021_373a_01": {"reading_time": 1641083924.7353446, "sensor_value": 15.93, "description": "dry-bulb temperature", "unit": "degC"}, "si7021_373a_02": {"reading_time": 1641083924.7353446, "sensor_value": 48.6, "description": "relative humidity", "unit": "%"}}, {"si7021_373a_01": {"reading_time": 1641083954.794612, "sensor_value": 15.93, "description": "dry-bulb temperature", "unit": "degC"}, "si7021_373a_02": {"reading_time": 1641083954.794612, "sensor_value": 48.63, "description": "relative humidity", "unit": "%"}}, {"si7021_373a_01": {"reading_time": 1641083984.8531997, "sensor_value": 15.93, "description": "dry-bulb temperature", "unit": "degC"}, "si7021_373a_02": {"reading_time": 1641083984.8531997, "sensor_value": 48.62, "description": "relative humidity", "unit": "%"}}, {"si7021_373a_01": {"reading_time": 1641084014.9123, "sensor_value": 15.92, "description": "dry-bulb temperature", "unit": "degC"}, "si7021_373a_02": {"reading_time": 1641084014.9123, "sensor_value": 48.62, "description": "relative humidity", "unit": "%"}}][{"si7021_373a_01": {"reading_time": 1641084044.9671915, "sensor_value": 15.92, "description": "dry-bulb temperature", "unit": "degC"}, "si7021_373a_02": {"reading_time": 1641084044.9671915, "sensor_value": 48.62, "description": "relative humidity", "unit": "%"}}, {"si7021_373a_01": {"reading_time": 1641084075.0270145, "sensor_value": 15.92, "description": "dry-bulb temperature", "unit": "degC"}, "si7021_373a_02": {"reading_time": 1641084075.0270145, "sensor_value": 48.61, "description": "relative humidity", "unit": "%"}}, {"si7021_373a_01": {"reading_time": 1641084105.086227, "sensor_value": 15.91, "description": "dry-bulb temperature", "unit": "degC"}, "si7021_373a_02": {"reading_time": 1641084105.086227, "sensor_value": 48.6, "description": "relative humidity", "unit": "%"}}, {"si7021_373a_01": {"reading_time": 1641084135.1245759, "sensor_value": 15.92, "description": "dry-bulb temperature", "unit": "degC"}, "si7021_373a_02": {"reading_time": 1641084135.1245759, "sensor_value": 48.6, "description": "relative humidity", "unit": "%"}}][{"si7021_373a_01": {"reading_time": 1641084165.1859105, "sensor_value": 15.96, "description": "dry-bulb temperature", "unit": "degC"}, "si7021_373a_02": {"reading_time": 1641084165.1859105, "sensor_value": 48.6, "description": "relative humidity", "unit": "%"}}, {"si7021_373a_01": {"reading_time": 1641084195.2157552, "sensor_value": 15.91, "description": "dry-bulb temperature", "unit": "degC"}, "si7021_373a_02": {"reading_time": 1641084195.2157552, "sensor_value": 48.56, "description": "relative humidity", "unit": "%"}}, {"si7021_373a_01": {"reading_time": 1641084225.2745547, "sensor_value": 15.91, "description": "dry-bulb temperature", "unit": "degC"}, "si7021_373a_02": {"reading_time": 1641084225.2745547, "sensor_value": 48.58, "description": "relative humidity", "unit": "%"}}, {"si7021_373a_01": {"reading_time": 1641084255.3330662, "sensor_value": 15.9, "description": "dry-bulb temperature", "unit": "degC"}, "si7021_373a_02": {"reading_time": 1641084255.3330662, "sensor_value": 48.55, "description": "relative humidity", "unit": "%"}}][{"si7021_373a_01": {"reading_time": 1641084285.3943856, "sensor_value": 15.92, "description": "dry-bulb temperature", "unit": "degC"}, "si7021_373a_02": {"reading_time": 1641084285.3943856, "sensor_value": 48.58, "description": "relative humidity", "unit": "%"}}, {"si7021_373a_01": {"reading_time": 1641084315.4349787, "sensor_value": 15.92, "description": "dry-bulb temperature", "unit": "degC"}, "si7021_373a_02": {"reading_time": 1641084315.4349787, "sensor_value": 48.55, "description": "relative humidity", "unit": "%"}}, {"si7021_373a_01": {"reading_time": 1641084345.4912412, "sensor_value": 15.9, "description": "dry-bulb temperature", "unit": "degC"}, "si7021_373a_02": {"reading_time": 1641084345.4912412, "sensor_value": 48.53, "description": "relative humidity", "unit": "%"}}, {"si7021_373a_01": {"reading_time": 1641084375.525408, "sensor_value": 15.91, "description": "dry-bulb temperature", "unit": "degC"}, "si7021_373a_02": {"reading_time": 1641084375.525408, "sensor_value": 48.52, "description": "relative humidity", "unit": "%"}}][{"si7021_373a_01": {"reading_time": 1641084405.5739782, "sensor_value": 15.91, "description": "dry-bulb temperature", "unit": "degC"}, "si7021_373a_02": {"reading_time": 1641084405.5739782, "sensor_value": 48.52, "description": "relative humidity", "unit": "%"}}, {"si7021_373a_01": {"reading_time": 1641084435.6167622, "sensor_value": 15.91, "description": "dry-bulb temperature", "unit": "degC"}, "si7021_373a_02": {"reading_time": 1641084435.6167622, "sensor_value": 48.51, "description": "relative humidity", "unit": "%"}}, {"si7021_373a_01": {"reading_time": 1641084465.67626, "sensor_value": 15.9, "description": "dry-bulb temperature", "unit": "degC"}, "si7021_373a_02": {"reading_time": 1641084465.67626, "sensor_value": 48.52, "description": "relative humidity", "unit": "%"}}, {"si7021_373a_01": {"reading_time": 1641084495.7345738, "sensor_value": 15.9, "description": "dry-bulb temperature", "unit": "degC"}, "si7021_373a_02": {"reading_time": 1641084495.7345738, "sensor_value": 48.52, "description": "relative humidity", "unit": "%"}}][{"si7021_373a_01": {"reading_time": 1641084525.7919998, "sensor_value": 15.9, "description": "dry-bulb temperature", "unit": "degC"}, "si7021_373a_02": {"reading_time": 1641084525.7919998, "sensor_value": 48.52, "description": "relative humidity", "unit": "%"}}, {"si7021_373a_01": {"reading_time": 1641084555.8510792, "sensor_value": 15.88, "description": "dry-bulb temperature", "unit": "degC"}, "si7021_373a_02": {"reading_time": 1641084555.8510792, "sensor_value": 48.49, "description": "relative humidity", "unit": "%"}}, {"si7021_373a_01": {"reading_time": 1641084585.9099324, "sensor_value": 15.89, "description": "dry-bulb temperature", "unit": "degC"}, "si7021_373a_02": {"reading_time": 1641084585.9099324, "sensor_value": 48.47, "description": "relative humidity", "unit": "%"}}, {"si7021_373a_01": {"reading_time": 1641084615.9440198, "sensor_value": 15.9, "description": "dry-bulb temperature", "unit": "degC"}, "si7021_373a_02": {"reading_time": 1641084615.9440198, "sensor_value": 48.49, "description": "relative humidity", "unit": "%"}}][{"si7021_373a_01": {"reading_time": 1641084645.9976077, "sensor_value": 15.89, "description": "dry-bulb temperature", "unit": "degC"}, "si7021_373a_02": {"reading_time": 1641084645.9976077, "sensor_value": 48.49, "description": "relative humidity", "unit": "%"}}, {"si7021_373a_01": {"reading_time": 1641084676.0572438, "sensor_value": 15.89, "description": "dry-bulb temperature", "unit": "degC"}, "si7021_373a_02": {"reading_time": 1641084676.0572438, "sensor_value": 48.47, "description": "relative humidity", "unit": "%"}}, {"si7021_373a_01": {"reading_time": 1641084706.0943577, "sensor_value": 15.91, "description": "dry-bulb temperature", "unit": "degC"}, "si7021_373a_02": {"reading_time": 1641084706.0943577, "sensor_value": 48.51, "description": "relative humidity", "unit": "%"}}, {"si7021_373a_01": {"reading_time": 1641084736.1349916, "sensor_value": 15.89, "description": "dry-bulb temperature", "unit": "degC"}, "si7021_373a_02": {"reading_time": 1641084736.1349916, "sensor_value": 48.42, "description": "relative humidity", "unit": "%"}}][{"si7021_373a_01": {"reading_time": 1641084766.1728203, "sensor_value": 15.87, "description": "dry-bulb temperature", "unit": "degC"}, "si7021_373a_02": {"reading_time": 1641084766.1728203, "sensor_value": 48.45, "description": "relative humidity", "unit": "%"}}, {"si7021_373a_01": {"reading_time": 1641084796.2312295, "sensor_value": 15.88, "description": "dry-bulb temperature", "unit": "degC"}, "si7021_373a_02": {"reading_time": 1641084796.2312295, "sensor_value": 48.45, "description": "relative humidity", "unit": "%"}}, {"si7021_373a_01": {"reading_time": 1641084826.2846596, "sensor_value": 15.89, "description": "dry-bulb temperature", "unit": "degC"}, "si7021_373a_02": {"reading_time": 1641084826.2846596, "sensor_value": 48.45, "description": "relative humidity", "unit": "%"}}, {"si7021_373a_01": {"reading_time": 1641084856.3345642, "sensor_value": 15.89, "description": "dry-bulb temperature", "unit": "degC"}, "si7021_373a_02": {"reading_time": 1641084856.3345642, "sensor_value": 48.45, "description": "relative humidity", "unit": "%"}}][{"si7021_373a_01": {"reading_time": 1641084886.3874137, "sensor_value": 15.89, "description": "dry-bulb temperature", "unit": "degC"}, "si7021_373a_02": {"reading_time": 1641084886.3874137, "sensor_value": 48.42, "description": "relative humidity", "unit": "%"}}, {"si7021_373a_01": {"reading_time": 1641084916.4473758, "sensor_value": 15.87, "description": "dry-bulb temperature", "unit": "degC"}, "si7021_373a_02": {"reading_time": 1641084916.4473758, "sensor_value": 48.42, "description": "relative humidity", "unit": "%"}}, {"si7021_373a_01": {"reading_time": 1641084946.4939792, "sensor_value": 15.88, "description": "dry-bulb temperature", "unit": "degC"}, "si7021_373a_02": {"reading_time": 1641084946.4939792, "sensor_value": 48.42, "description": "relative humidity", "unit": "%"}}, {"si7021_373a_01": {"reading_time": 1641084976.5321271, "sensor_value": 15.89, "description": "dry-bulb temperature", "unit": "degC"}, "si7021_373a_02": {"reading_time": 1641084976.5321271, "sensor_value": 48.41, "description": "relative humidity", "unit": "%"}}][{"si7021_373a_01": {"reading_time": 1641085006.5941465, "sensor_value": 15.86, "description": "dry-bulb temperature", "unit": "degC"}, "si7021_373a_02": {"reading_time": 1641085006.5941465, "sensor_value": 48.41, "description": "relative humidity", "unit": "%"}}, {"si7021_373a_01": {"reading_time": 1641085036.6528053, "sensor_value": 15.87, "description": "dry-bulb temperature", "unit": "degC"}, "si7021_373a_02": {"reading_time": 1641085036.6528053, "sensor_value": 48.39, "description": "relative humidity", "unit": "%"}}, {"si7021_373a_01": {"reading_time": 1641085066.7119532, "sensor_value": 15.88, "description": "dry-bulb temperature", "unit": "degC"}, "si7021_373a_02": {"reading_time": 1641085066.7119532, "sensor_value": 48.39, "description": "relative humidity", "unit": "%"}}, {"si7021_373a_01": {"reading_time": 1641085096.770928, "sensor_value": 15.88, "description": "dry-bulb temperature", "unit": "degC"}, "si7021_373a_02": {"reading_time": 1641085096.770928, "sensor_value": 48.39, "description": "relative humidity", "unit": "%"}}]