Time,PACU_VAV_BOT:DesPer 1:Des Heat Mass Flow [kg/s],PACU_VAV_BOT:DesPer 1:Des Heat Cap [W],PACU_VAV_BOT:DesPer 1:Des Cool Mass Flow [kg/s],PACU_VAV_BOT:DesPer 1:Des Sens Cool Cap [W],PACU_VAV_BOT:DesPer 1:Des Tot Cool Cap [W],PACU_VAV_BOT:DesPer 2:Des Heat Mass Flow [kg/s],PACU_VAV_BOT:DesPer 2:Des Heat Cap [W],PACU_VAV_BOT:DesPer 2:Des Cool Mass Flow [kg/s],PACU_VAV_BOT:DesPer 2:Des Sens Cool Cap [W],PACU_VAV_BOT:DesPer 2:Des Tot Cool Cap [W],PACU_VAV_MID:DesPer 1:Des Heat Mass Flow [kg/s],PACU_VAV_MID:DesPer 1:Des Heat Cap [W],PACU_VAV_MID:DesPer 1:Des Cool Mass Flow [kg/s],PACU_VAV_MID:DesPer 1:Des Sens Cool Cap [W],PACU_VAV_MID:DesPer 1:Des Tot Cool Cap [W],PACU_VAV_MID:DesPer 2:Des Heat Mass Flow [kg/s],PACU_VAV_MID:DesPer 2:Des Heat Cap [W],PACU_VAV_MID:DesPer 2:Des Cool Mass Flow [kg/s],PACU_VAV_MID:DesPer 2:Des Sens Cool Cap [W],PACU_VAV_MID:DesPer 2:Des Tot Cool Cap [W],PACU_VAV_TOP:DesPer 1:Des Heat Mass Flow [kg/s],PACU_VAV_TOP:DesPer 1:Des Heat Cap [W],PACU_VAV_TOP:DesPer 1:Des Cool Mass Flow [kg/s],PACU_VAV_TOP:DesPer 1:Des Sens Cool Cap [W],PACU_VAV_TOP:DesPer 1:Des Tot Cool Cap [W],PACU_VAV_TOP:DesPer 2:Des Heat Mass Flow [kg/s],PACU_VAV_TOP:DesPer 2:Des Heat Cap [W],PACU_VAV_TOP:DesPer 2:Des Cool Mass Flow [kg/s],PACU_VAV_TOP:DesPer 2:Des Sens Cool Cap [W],PACU_VAV_TOP:DesPer 2:Des Tot Cool Cap [W]
00:10:00,8.474036E-01,7.663687E+03,8.474036E-01,0.000000E+00,0.000000E+00,8.474036E-01,0.000000E+00,1.897261E+00,2.333554E+04,2.306372E+04,8.474036E-01,7.663687E+03,8.474036E-01,0.000000E+00,0.000000E+00,8.474036E-01,0.000000E+00,8.474036E-01,9.462950E+03,8.969215E+03,8.474036E-01,7.663687E+03,8.474036E-01,0.000000E+00,0.000000E+00,8.474036E-01,0.000000E+00,8.474036E-01,9.462950E+03,8.969215E+03
00:20:00,8.474036E-01,7.663687E+03,8.474036E-01,0.000000E+00,0.000000E+00,8.474036E-01,0.000000E+00,1.906993E+00,2.337044E+04,2.307663E+04,8.474036E-01,7.663687E+03,8.474036E-01,0.000000E+00,0.000000E+00,8.474036E-01,0.000000E+00,8.474036E-01,9.387165E+03,8.892276E+03,8.474036E-01,7.663687E+03,8.474036E-01,0.000000E+00,0.000000E+00,8.474036E-01,0.000000E+00,8.474036E-01,9.387165E+03,8.892276E+03
00:30:00,8.474036E-01,7.663687E+03,8.474036E-01,0.000000E+00,0.000000E+00,8.474036E-01,0.000000E+00,1.915720E+00,2.339131E+04,2.307122E+04,8.474036E-01,7.663687E+03,8.474036E-01,0.000000E+00,0.000000E+00,8.474036E-01,0.000000E+00,8.474036E-01,9.311380E+03,8.815339E+03,8.474036E-01,7.663687E+03,8.474036E-01,0.000000E+00,0.000000E+00,8.474036E-01,0.000000E+00,8.474036E-01,9.311380E+03,8.815339E+03
00:40:00,8.474036E-01,7.663687E+03,8.474036E-01,0.000000E+00,0.000000E+00,8.474036E-01,0.000000E+00,1.923636E+00,2.340085E+04,2.305638E+04,8.474036E-01,7.663687E+03,8.474036E-01,0.000000E+00,0.000000E+00,8.474036E-01,0.000000E+00,8.474036E-01,9.235594E+03,8.738414E+03,8.474036E-01,7.663687E+03,8.474036E-01,0.000000E+00,0.000000E+00,8.474036E-01,0.000000E+00,8.474036E-01,9.235594E+03,8.738414E+03
00:50:00,8.474036E-01,7.663687E+03,8.474036E-01,0.000000E+00,0.000000E+00,8.474036E-01,0.000000E+00,1.930894E+00,2.340119E+04,2.303642E+04,8.474036E-01,7.663687E+03,8.474036E-01,0.000000E+00,0.000000E+00,8.474036E-01,0.000000E+00,8.474036E-01,9.159809E+03,8.661477E+03,8.474036E-01,7.663687E+03,8.474036E-01,0.000000E+00,0.000000E+00,8.474036E-01,0.000000E+00,8.474036E-01,9.159809E+03,8.661477E+03
01:00:00,8.474036E-01,7.663687E+03,8.474036E-01,0.000000E+00,0.000000E+00,8.474036E-01,0.000000E+00,1.937615E+00,2.339403E+04,2.301280E+04,8.474036E-01,7.663687E+03,8.474036E-01,0.000000E+00,0.000000E+00,8.474036E-01,0.000000E+00,8.474036E-01,9.084024E+03,8.584539E+03,8.474036E-01,7.663687E+03,8.474036E-01,0.000000E+00,0.000000E+00,8.474036E-01,0.000000E+00,8.474036E-01,9.084024E+03,8.584539E+03
01:10:00,8.474036E-01,7.663687E+03,8.474036E-01,0.000000E+00,0.000000E+00,8.474036E-01,0.000000E+00,1.945318E+00,2.343428E+04,2.304042E+04,8.474036E-01,7.663687E+03,8.474036E-01,0.000000E+00,0.000000E+00,8.474036E-01,0.000000E+00,8.474036E-01,9.033500E+03,8.533256E+03,8.474036E-01,7.663687E+03,8.474036E-01,0.000000E+00,0.000000E+00,8.474036E-01,0.000000E+00,8.474036E-01,9.033500E+03,8.533256E+03
01:20:00,8.474036E-01,7.663687E+03,8.474036E-01,0.000000E+00,0.000000E+00,8.474036E-01,0.000000E+00,1.952676E+00,2.346969E+04,2.306520E+04,8.474036E-01,7.663687E+03,8.474036E-01,0.000000E+00,0.000000E+00,8.474036E-01,0.000000E+00,8.474036E-01,8.982977E+03,8.481959E+03,8.474036E-01,7.663687E+03,8.474036E-01,0.000000E+00,0.000000E+00,8.474036E-01,0.000000E+00,8.474036E-01,8.982977E+03,8.481959E+03
01:30:00,8.474036E-01,7.663687E+03,8.474036E-01,0.000000E+00,0.000000E+00,8.474036E-01,0.000000E+00,1.959733E+00,2.350091E+04,2.308727E+04,8.474036E-01,7.663687E+03,8.474036E-01,0.000000E+00,0.000000E+00,8.474036E-01,0.000000E+00,8.474036E-01,8.932453E+03,8.430677E+03,8.474036E-01,7.663687E+03,8.474036E-01,0.000000E+00,0.000000E+00,8.474036E-01,0.000000E+00,8.474036E-01,8.932453E+03,8.430677E+03
01:40:00,8.474036E-01,7.663687E+03,8.474036E-01,0.000000E+00,0.000000E+00,8.474036E-01,0.000000E+00,1.966543E+00,2.352867E+04,2.310700E+04,8.474036E-01,7.663687E+03,8.474036E-01,0.000000E+00,0.000000E+00,8.474036E-01,0.000000E+00,8.474036E-01,8.881929E+03,8.379380E+03,8.474036E-01,7.663687E+03,8.474036E-01,0.000000E+00,0.000000E+00,8.474036E-01,0.000000E+00,8.474036E-01,8.881929E+03,8.379380E+03
01:50:00,8.474036E-01,7.663687E+03,8.474036E-01,0.000000E+00,0.000000E+00,8.474036E-01,0.000000E+00,1.973145E+00,2.355353E+04,2.312477E+04,8.474036E-01,7.663687E+03,8.474036E-01,0.000000E+00,0.000000E+00,8.474036E-01,0.000000E+00,8.474036E-01,8.831406E+03,8.328097E+03,8.474036E-01,7.663687E+03,8.474036E-01,0.000000E+00,0.000000E+00,8.474036E-01,0.000000E+00,8.474036E-01,8.831406E+03,8.328097E+03
02:00:00,8.474036E-01,7.663687E+03,8.474036E-01,0.000000E+00,0.000000E+00,8.474036E-01,0.000000E+00,1.979571E+00,2.357592E+04,2.314084E+04,8.474036E-01,7.663687E+03,8.474036E-01,0.000000E+00,0.000000E+00,8.474036E-01,0.000000E+00,8.516624E-01,8.825013E+03,8.318411E+03,8.474036E-01,7.663687E+03,8.474036E-01,0.000000E+00,0.000000E+00,8.474036E-01,0.000000E+00,8.474036E-01,8.780882E+03,8.276814E+03
02:10:00,8.474036E-01,7.663687E+03,8.474036E-01,0.000000E+00,0.000000E+00,8.474036E-01,0.000000E+00,1.985846E+00,2.361305E+04,2.317253E+04,8.474036E-01,7.663687E+03,8.474036E-01,0.000000E+00,0.000000E+00,8.474036E-01,0.000000E+00,8.568595E-01,8.840550E+03,8.330267E+03,8.474036E-01,7.663687E+03,8.474036E-01,0.000000E+00,0.000000E+00,8.474036E-01,0.000000E+00,8.474036E-01,8.742990E+03,8.238338E+03
02:20:00,8.474036E-01,7.663687E+03,8.474036E-01,0.000000E+00,0.000000E+00,8.474036E-01,0.000000E+00,1.992010E+00,2.364863E+04,2.320323E+04,8.474036E-01,7.663687E+03,8.474036E-01,0.000000E+00,0.000000E+00,8.474036E-01,0.000000E+00,8.619515E-01,8.854542E+03,8.340648E+03,8.474036E-01,7.663687E+03,8.474036E-01,0.000000E+00,0.000000E+00,8.474036E-01,0.000000E+00,8.474036E-01,8.705097E+03,8.199876E+03
02:30:00,8.474036E-01,7.663687E+03,8.474036E-01,0.000000E+00,0.000000E+00,8.474036E-01,0.000000E+00,1.998073E+00,2.368279E+04,2.323294E+04,8.474036E-01,7.663687E+03,8.474036E-01,0.000000E+00,0.000000E+00,8.474036E-01,0.000000E+00,8.669409E-01,8.867031E+03,8.349566E+03,8.474036E-01,7.663687E+03,8.474036E-01,0.000000E+00,0.000000E+00,8.474036E-01,0.000000E+00,8.474036E-01,8.667204E+03,8.161401E+03
02:40:00,8.474036E-01,7.663687E+03,8.474036E-01,0.000000E+00,0.000000E+00,8.474036E-01,0.000000E+00,2.004040E+00,2.371561E+04,2.326173E+04,8.474036E-01,7.663687E+03,8.474036E-01,0.000000E+00,0.000000E+00,8.474036E-01,0.000000E+00,8.718287E-01,8.878038E+03,8.357069E+03,8.474036E-01,7.663687E+03,8.474036E-01,0.000000E+00,0.000000E+00,8.474036E-01,0.000000E+00,8.474036E-01,8.629312E+03,8.122938E+03
02:50:00,8.474036E-01,7.663687E+03,8.474036E-01,0.000000E+00,0.000000E+00,8.474036E-01,0.000000E+00,2.009919E+00,2.374720E+04,2.328962E+04,8.474036E-01,7.663687E+03,8.474036E-01,0.000000E+00,0.000000E+00,8.474036E-01,0.000000E+00,8.766221E-01,8.887652E+03,8.363230E+03,8.474036E-01,7.663687E+03,8.474036E-01,0.000000E+00,0.000000E+00,8.474036E-01,0.000000E+00,8.474036E-01,8.591419E+03,8.084476E+03
03:00:00,8.474036E-01,7.663687E+03,8.474036E-01,0.000000E+00,0.000000E+00,8.474036E-01,0.000000E+00,2.015716E+00,2.377766E+04,2.331667E+04,8.474036E-01,7.663687E+03,8.474036E-01,0.000000E+00,0.000000E+00,8.474036E-01,0.000000E+00,8.813283E-01,8.895955E+03,8.368111E+03,8.474036E-01,7.663687E+03,8.474036E-01,0.000000E+00,0.000000E+00,8.474036E-01,0.000000E+00,8.474036E-01,8.553526E+03,8.046000E+03
03:10:00,8.474036E-01,7.663687E+03,8.474036E-01,0.000000E+00,0.000000E+00,8.474036E-01,0.000000E+00,2.021440E+00,2.380707E+04,2.334296E+04,8.474036E-01,7.663687E+03,8.474036E-01,0.000000E+00,0.000000E+00,8.474036E-01,0.000000E+00,8.859531E-01,8.903021E+03,8.371812E+03,8.474036E-01,7.663687E+03,8.474036E-01,0.000000E+00,0.000000E+00,8.474036E-01,0.000000E+00,8.474036E-01,8.515634E+03,8.007538E+03
03:20:00,8.474036E-01,7.663687E+03,8.474036E-01,0.000000E+00,0.000000E+00,8.474036E-01,0.000000E+00,2.027092E+00,2.383550E+04,2.336850E+04,8.474036E-01,7.663687E+03,8.474036E-01,0.000000E+00,0.000000E+00,8.474036E-01,0.000000E+00,8.905016E-01,8.908909E+03,8.374374E+03,8.474036E-01,7.663687E+03,8.474036E-01,0.000000E+00,0.000000E+00,8.474036E-01,0.000000E+00,8.474036E-01,8.477741E+03,7.969076E+03
03:30:00,8.474036E-01,7.663687E+03,8.474036E-01,0.000000E+00,0.000000E+00,8.474036E-01,0.000000E+00,2.032679E+00,2.386301E+04,2.339332E+04,8.474036E-01,7.663687E+03,8.474036E-01,0.000000E+00,0.000000E+00,8.474036E-01,0.000000E+00,8.949777E-01,8.913670E+03,8.375832E+03,8.474036E-01,7.663687E+03,8.474036E-01,0.000000E+00,0.000000E+00,8.474036E-01,0.000000E+00,8.474036E-01,8.439848E+03,7.930601E+03
03:40:00,8.474036E-01,7.663687E+03,8.474036E-01,0.000000E+00,0.000000E+00,8.474036E-01,0.000000E+00,2.038202E+00,2.388963E+04,2.341747E+04,8.474036E-01,7.663687E+03,8.474036E-01,0.000000E+00,0.000000E+00,8.474036E-01,0.000000E+00,8.993846E-01,8.917344E+03,8.376253E+03,8.474036E-01,7.663687E+03,8.474036E-01,0.000000E+00,0.000000E+00,8.474036E-01,0.000000E+00,8.474036E-01,8.401955E+03,7.892138E+03
03:50:00,8.474036E-01,7.663687E+03,8.474036E-01,0.000000E+00,0.000000E+00,8.474036E-01,0.000000E+00,2.043664E+00,2.391540E+04,2.344094E+04,8.474036E-01,7.663687E+03,8.474036E-01,0.000000E+00,0.000000E+00,8.474036E-01,0.000000E+00,9.037249E-01,8.919967E+03,8.375658E+03,8.474036E-01,7.663687E+03,8.474036E-01,0.000000E+00,0.000000E+00,8.474036E-01,0.000000E+00,8.474036E-01,8.364063E+03,7.853676E+03
04:00:00,8.474036E-01,7.663687E+03,8.474036E-01,0.000000E+00,0.000000E+00,8.474036E-01,0.000000E+00,2.049068E+00,2.394035E+04,2.346375E+04,8.474036E-01,7.663687E+03,8.474036E-01,0.000000E+00,0.000000E+00,8.474036E-01,0.000000E+00,9.080009E-01,8.921570E+03,8.374060E+03,8.474036E-01,7.663687E+03,8.474036E-01,0.000000E+00,0.000000E+00,8.474036E-01,0.000000E+00,8.474036E-01,8.326170E+03,7.815200E+03
04:10:00,8.474036E-01,7.663687E+03,8.474036E-01,0.000000E+00,0.000000E+00,8.474036E-01,0.000000E+00,2.054414E+00,2.398135E+04,2.350303E+04,8.474036E-01,7.663687E+03,8.474036E-01,0.000000E+00,0.000000E+00,8.474036E-01,0.000000E+00,9.122144E-01,8.935776E+03,8.385317E+03,8.474036E-01,7.663687E+03,8.474036E-01,0.000000E+00,0.000000E+00,8.474036E-01,0.000000E+00,8.474036E-01,8.300908E+03,7.789558E+03
04:20:00,8.474036E-01,7.663687E+03,8.474036E-01,0.000000E+00,0.000000E+00,8.474036E-01,0.000000E+00,2.059706E+00,2.402157E+04,2.354168E+04,8.474036E-01,7.663687E+03,8.474036E-01,0.000000E+00,0.000000E+00,8.474036E-01,0.000000E+00,9.163672E-01,8.949137E+03,8.395762E+03,8.474036E-01,7.663687E+03,8.474036E-01,0.000000E+00,0.000000E+00,8.474036E-01,0.000000E+00,8.474036E-01,8.275647E+03,7.763918E+03
04:30:00,8.474036E-01,7.663687E+03,8.474036E-01,0.000000E+00,0.000000E+00,8.474036E-01,0.000000E+00,2.064944E+00,2.406105E+04,2.357971E+04,8.474036E-01,7.663687E+03,8.474036E-01,0.000000E+00,0.000000E+00,8.474036E-01,0.000000E+00,9.204608E-01,8.961676E+03,8.405416E+03,8.474036E-01,7.663687E+03,8.474036E-01,0.000000E+00,0.000000E+00,8.474036E-01,0.000000E+00,8.474036E-01,8.250385E+03,7.738276E+03
04:40:00,8.474036E-01,7.663687E+03,8.474036E-01,0.000000E+00,0.000000E+00,8.474036E-01,0.000000E+00,2.070129E+00,2.409980E+04,2.361712E+04,8.474036E-01,7.663687E+03,8.474036E-01,0.000000E+00,0.000000E+00,8.474036E-01,0.000000E+00,9.244970E-01,8.973412E+03,8.414284E+03,8.474036E-01,7.663687E+03,8.474036E-01,0.000000E+00,0.000000E+00,8.474036E-01,0.000000E+00,8.474036E-01,8.225123E+03,7.712621E+03
04:50:00,8.474036E-01,7.663687E+03,8.474036E-01,0.000000E+00,0.000000E+00,8.474036E-01,0.000000E+00,2.075264E+00,2.413783E+04,2.365395E+04,8.474036E-01,7.663687E+03,8.474036E-01,0.000000E+00,0.000000E+00,8.474036E-01,0.000000E+00,9.284771E-01,8.984365E+03,8.422415E+03,8.474036E-01,7.663687E+03,8.474036E-01,0.000000E+00,0.000000E+00,8.474036E-01,0.000000E+00,8.474036E-01,8.199861E+03,7.686979E+03
05:00:00,8.474036E-01,7.663687E+03,8.474036E-01,0.000000E+00,0.000000E+00,8.474036E-01,0.000000E+00,2.080349E+00,2.417518E+04,2.369019E+04,8.474036E-01,7.663687E+03,8.474036E-01,0.000000E+00,0.000000E+00,8.474036E-01,0.000000E+00,9.324026E-01,8.994554E+03,8.429810E+03,8.474036E-01,7.663687E+03,8.474036E-01,0.000000E+00,0.000000E+00,8.474036E-01,0.000000E+00,8.493658E-01,8.193528E+03,7.679078E+03
05:10:00,8.474036E-01,7.663687E+03,8.474036E-01,0.000000E+00,0.000000E+00,8.474036E-01,0.000000E+00,2.085385E+00,2.427921E+04,2.379425E+04,8.474036E-01,7.663687E+03,8.474036E-01,0.000000E+00,0.000000E+00,8.474036E-01,0.000000E+00,9.362746E-01,9.059818E+03,8.493148E+03,8.474036E-01,7.663687E+03,8.474036E-01,0.000000E+00,0.000000E+00,8.474036E-01,0.000000E+00,8.521027E-01,8.245332E+03,7.729606E+03
05:20:00,8.474036E-01,7.663687E+03,8.474036E-01,0.000000E+00,0.000000E+00,8.474036E-01,0.000000E+00,2.090407E+00,2.438302E+04,2.389819E+04,8.474036E-01,7.663687E+03,8.474036E-01,0.000000E+00,0.000000E+00,8.474036E-01,0.000000E+00,9.401380E-01,9.125228E+03,8.556640E+03,8.474036E-01,7.663687E+03,8.474036E-01,0.000000E+00,0.000000E+00,8.474036E-01,0.000000E+00,8.548254E-01,8.297162E+03,7.780170E+03
05:30:00,8.474036E-01,7.663687E+03,8.474036E-01,0.000000E+00,0.000000E+00,8.474036E-01,0.000000E+00,2.095459E+00,2.448728E+04,2.400272E+04,8.474036E-01,7.663687E+03,8.474036E-01,0.000000E+00,0.000000E+00,8.474036E-01,0.000000E+00,9.440345E-01,9.191190E+03,8.620685E+03,8.474036E-01,7.663687E+03,8.474036E-01,0.000000E+00,0.000000E+00,8.474036E-01,0.000000E+00,8.575885E-01,8.349546E+03,7.831282E+03
05:40:00,8.474036E-01,7.663687E+03,8.474036E-01,0.000000E+00,0.000000E+00,8.474036E-01,0.000000E+00,2.100637E+00,2.459329E+04,2.410913E+04,8.474036E-01,7.663687E+03,8.474036E-01,0.000000E+00,0.000000E+00,8.474036E-01,0.000000E+00,9.480517E-01,9.258565E+03,8.686056E+03,8.474036E-01,7.663687E+03,8.474036E-01,0.000000E+00,0.000000E+00,8.474036E-01,0.000000E+00,8.605043E-01,8.403587E+03,7.883947E+03
05:50:00,8.474036E-01,7.663687E+03,8.474036E-01,0.000000E+00,0.000000E+00,8.474036E-01,0.000000E+00,2.106057E+00,2.470267E+04,2.421911E+04,8.474036E-01,7.663687E+03,8.474036E-01,0.000000E+00,0.000000E+00,8.474036E-01,0.000000E+00,9.567739E-01,9.372267E+03,8.794919E+03,8.474036E-01,7.663687E+03,8.474036E-01,0.000000E+00,0.000000E+00,8.474036E-01,0.000000E+00,8.637250E-01,8.460788E+03,7.939589E+03
06:00:00,8.474036E-01,7.663687E+03,8.474036E-01,0.000000E+00,0.000000E+00,8.474036E-01,0.000000E+00,2.114105E+00,2.484876E+04,2.436642E+04,8.474036E-01,7.663687E+03,8.474036E-01,0.000000E+00,0.000000E+00,8.474036E-01,0.000000E+00,9.763907E-01,9.593534E+03,9.004786E+03,8.474036E-01,7.663687E+03,8.474036E-01,0.000000E+00,0.000000E+00,8.474036E-01,0.000000E+00,8.727302E-01,8.575017E+03,8.048775E+03
06:10:00,8.474036E-01,7.663687E+03,8.474036E-01,0.000000E+00,0.000000E+00,8.474036E-01,0.000000E+00,2.525968E+00,3.040775E+04,3.025834E+04,8.474036E-01,7.663687E+03,8.474036E-01,0.000000E+00,0.000000E+00,8.474036E-01,0.000000E+00,1.432229E+00,1.537272E+04,1.480219E+04,8.474036E-01,7.663687E+03,8.474036E-01,0.000000E+00,0.000000E+00,8.474036E-01,0.000000E+00,1.256135E+00,1.295325E+04,1.231844E+04
06:20:00,8.474036E-01,7.663687E+03,8.474036E-01,0.000000E+00,0.000000E+00,8.474036E-01,0.000000E+00,2.731547E+00,3.289498E+04,3.328673E+04,8.474036E-01,7.663687E+03,8.474036E-01,0.000000E+00,0.000000E+00,8.474036E-01,0.000000E+00,1.588140E+00,1.750190E+04,1.713808E+04,9.067705E-01,8.200585E+03,8.474036E-01,0.000000E+00,0.000000E+00,8.474036E-01,0.000000E+00,1.387228E+00,1.479817E+04,1.429655E+04
06:30:00,8.474036E-01,7.663687E+03,8.474036E-01,0.000000E+00,0.000000E+00,8.474036E-01,0.000000E+00,3.222306E+00,3.902095E+04,4.003855E+04,8.986514E-01,8.127158E+03,8.474036E-01,0.000000E+00,0.000000E+00,8.474036E-01,0.000000E+00,2.032329E+00,2.333811E+04,2.345281E+04,1.108208E+00,1.002233E+04,8.474036E-01,0.000000E+00,0.000000E+00,8.474036E-01,0.000000E+00,1.823921E+00,2.059105E+04,2.052844E+04
06:40:00,8.958356E-01,8.101693E+03,8.474036E-01,0.000000E+00,0.000000E+00,8.474036E-01,0.000000E+00,3.635594E+00,4.386883E+04,4.574023E+04,9.805266E-01,8.867616E+03,8.474036E-01,0.000000E+00,0.000000E+00,8.474036E-01,0.000000E+00,2.395130E+00,2.787282E+04,2.867883E+04,1.244314E+00,9.411928E+03,8.474036E-01,0.000000E+00,0.000000E+00,8.474036E-01,0.000000E+00,2.175342E+00,2.503704E+04,2.560904E+04
06:50:00,9.654716E-01,8.731462E+03,8.474036E-01,0.000000E+00,0.000000E+00,8.474036E-01,0.000000E+00,4.041815E+00,4.839196E+04,5.097768E+04,1.061886E+00,9.603405E+03,8.474036E-01,0.000000E+00,0.000000E+00,8.474036E-01,0.000000E+00,2.751609E+00,3.212116E+04,3.364477E+04,1.385962E+00,8.474318E+03,8.474036E-01,0.000000E+00,0.000000E+00,8.474036E-01,0.000000E+00,2.523250E+00,2.923857E+04,3.050453E+04
07:00:00,1.033788E+00,9.349293E+03,8.474036E-01,0.000000E+00,0.000000E+00,8.474036E-01,0.000000E+00,4.441712E+00,5.260557E+04,5.581035E+04,1.141009E+00,1.014435E+04,8.474036E-01,0.000000E+00,0.000000E+00,8.474036E-01,0.000000E+00,3.102024E+00,3.609169E+04,3.831850E+04,1.583176E+00,7.237438E+03,8.474036E-01,0.000000E+00,0.000000E+00,8.474036E-01,0.000000E+00,2.866799E+00,3.318818E+04,3.515645E+04
07:10:00,1.063915E+00,9.621753E+03,8.474036E-01,0.000000E+00,0.000000E+00,8.474036E-01,0.000000E+00,4.696774E+00,5.545130E+04,5.883470E+04,1.150888E+00,1.007241E+04,8.474036E-01,0.000000E+00,0.000000E+00,8.474036E-01,0.000000E+00,3.308442E+00,3.857342E+04,4.108110E+04,1.621339E+00,6.776107E+03,8.474036E-01,0.000000E+00,0.000000E+00,8.474036E-01,0.000000E+00,3.079611E+00,3.579195E+04,3.807725E+04
07:20:00,1.088805E+00,9.846854E+03,8.474036E-01,0.000000E+00,0.000000E+00,8.474036E-01,0.000000E+00,5.076968E+00,5.969811E+04,6.326819E+04,1.168747E+00,9.939116E+03,8.474036E-01,0.000000E+00,0.000000E+00,8.474036E-01,0.000000E+00,3.644318E+00,4.252079E+04,4.531973E+04,1.633687E+00,6.587014E+03,8.474036E-01,0.000000E+00,0.000000E+00,8.474036E-01,0.000000E+00,3.429510E+00,3.994570E+04,4.258052E+04
07:30:00,1.126564E+00,1.018833E+04,8.474036E-01,0.000000E+00,0.000000E+00,8.474036E-01,0.000000E+00,5.315302E+00,6.214011E+04,6.571500E+04,1.192548E+00,9.752844E+03,8.474036E-01,0.000000E+00,0.000000E+00,8.474036E-01,0.000000E+00,3.834793E+00,4.463687E+04,4.748976E+04,1.661478E+00,6.262394E+03,8.474036E-01,0.000000E+00,0.000000E+00,8.474036E-01,0.000000E+00,3.620853E+00,4.210799E+04,4.481565E+04
07:40:00,1.191474E+00,9.740103E+03,8.474036E-01,0.000000E+00,0.000000E+00,8.474036E-01,0.000000E+00,5.585629E+00,6.487508E+04,6.846812E+04,1.250514E+00,9.293619E+03,8.474036E-01,0.000000E+00,0.000000E+00,8.474036E-01,0.000000E+00,4.058553E+00,4.707698E+04,5.002746E+04,1.779856E+00,5.229291E+03,8.474036E-01,0.000000E+00,0.000000E+00,8.474036E-01,0.000000E+00,3.852447E+00,4.467517E+04,4.750859E+04
07:50:00,1.252838E+00,9.246581E+03,8.474036E-01,0.000000E+00,0.000000E+00,8.474036E-01,0.000000E+00,5.849815E+00,6.744920E+04,7.117141E+04,1.304900E+00,8.835435E+03,8.474036E-01,0.000000E+00,0.000000E+00,8.474036E-01,0.000000E+00,4.274545E+00,4.935305E+04,5.247776E+04,1.890154E+00,4.204693E+03,8.474036E-01,0.000000E+00,0.000000E+00,8.474036E-01,0.000000E+00,4.076723E+00,4.708083E+04,5.010682E+04
08:00:00,1.312984E+00,8.744459E+03,8.474036E-01,0.000000E+00,0.000000E+00,8.474036E-01,0.000000E+00,6.110983E+00,6.990082E+04,7.383580E+04,1.358161E+00,8.360855E+03,8.474036E-01,0.000000E+00,0.000000E+00,8.474036E-01,0.000000E+00,4.486184E+00,5.150761E+04,5.486477E+04,1.998774E+00,3.142097E+03,8.474036E-01,0.000000E+00,0.000000E+00,8.474036E-01,0.000000E+00,4.298109E+00,4.937876E+04,5.265056E+04
08:10:00,1.261667E+00,9.141068E+03,8.474036E-01,0.000000E+00,0.000000E+00,8.474036E-01,0.000000E+00,6.004971E+00,6.870841E+04,7.254995E+04,1.296660E+00,8.840936E+03,8.474036E-01,0.000000E+00,0.000000E+00,8.474036E-01,0.000000E+00,4.352517E+00,5.011228E+04,5.331595E+04,1.837005E+00,4.392429E+03,8.474036E-01,0.000000E+00,0.000000E+00,8.474036E-01,0.000000E+00,4.182451E+00,4.819840E+04,5.132175E+04
08:20:00,1.292756E+00,8.874245E+03,8.474036E-01,0.000000E+00,0.000000E+00,8.474036E-01,0.000000E+00,6.090179E+00,6.998604E+04,7.392984E+04,1.320044E+00,8.650771E+03,8.474036E-01,0.000000E+00,0.000000E+00,8.474036E-01,0.000000E+00,4.434240E+00,5.135140E+04,5.467735E+04,1.893785E+00,3.924598E+03,8.474036E-01,0.000000E+00,0.000000E+00,8.474036E-01,0.000000E+00,4.282802E+00,4.964719E+04,5.290704E+04
08:30:00,1.269711E+00,9.066533E+03,8.474036E-01,0.000000E+00,0.000000E+00,8.474036E-01,0.000000E+00,6.026793E+00,6.959258E+04,7.349028E+04,1.292138E+00,8.881768E+03,8.474036E-01,0.000000E+00,0.000000E+00,8.474036E-01,0.000000E+00,4.367167E+00,5.091654E+04,5.417908E+04,1.821669E+00,4.518752E+03,8.474036E-01,0.000000E+00,0.000000E+00,8.474036E-01,0.000000E+00,4.234096E+00,4.941902E+04,5.262261E+04
08:40:00,1.257837E+00,9.164365E+03,8.474036E-01,0.000000E+00,0.000000E+00,8.474036E-01,0.000000E+00,6.003000E+00,6.964494E+04,7.353250E+04,1.276018E+00,9.014574E+03,8.474036E-01,0.000000E+00,0.000000E+00,8.474036E-01,0.000000E+00,4.341493E+00,5.094770E+04,5.419623E+04,1.777943E+00,4.878995E+03,8.474036E-01,0.000000E+00,0.000000E+00,8.474036E-01,0.000000E+00,4.227786E+00,4.966809E+04,5.286711E+04
08:50:00,1.247863E+00,9.246537E+03,8.474036E-01,0.000000E+00,0.000000E+00,8.474036E-01,0.000000E+00,5.986677E+00,6.978131E+04,7.366501E+04,1.262560E+00,9.125450E+03,8.474036E-01,0.000000E+00,0.000000E+00,8.474036E-01,0.000000E+00,4.323407E+00,5.106420E+04,5.430686E+04,1.740068E+00,5.191017E+03,8.474036E-01,0.000000E+00,0.000000E+00,8.474036E-01,0.000000E+00,4.229849E+00,5.001133E+04,5.321444E+04
09:00:00,1.239500E+00,9.315431E+03,8.474036E-01,0.000000E+00,0.000000E+00,8.474036E-01,0.000000E+00,5.974059E+00,6.995933E+04,7.384237E+04,1.251203E+00,9.219013E+03,8.474036E-01,0.000000E+00,0.000000E+00,8.474036E-01,0.000000E+00,4.309127E+00,5.122352E+04,5.446404E+04,1.707256E+00,5.461333E+03,8.474036E-01,0.000000E+00,0.000000E+00,8.474036E-01,0.000000E+00,4.236568E+00,5.040693E+04,5.361828E+04
09:10:00,1.232359E+00,9.374267E+03,8.474036E-01,0.000000E+00,0.000000E+00,8.474036E-01,0.000000E+00,5.964064E+00,7.013315E+04,7.401711E+04,1.241492E+00,9.299020E+03,8.474036E-01,0.000000E+00,0.000000E+00,8.474036E-01,0.000000E+00,4.297454E+00,5.137846E+04,5.461869E+04,1.678516E+00,5.698104E+03,8.474036E-01,0.000000E+00,0.000000E+00,8.474036E-01,0.000000E+00,4.246637E+00,5.080654E+04,5.402821E+04
09:20:00,1.226168E+00,9.425274E+03,8.474036E-01,0.000000E+00,0.000000E+00,8.474036E-01,0.000000E+00,5.955831E+00,7.032680E+04,7.421287E+04,1.233076E+00,9.368361E+03,8.474036E-01,0.000000E+00,0.000000E+00,8.474036E-01,0.000000E+00,4.287432E+00,5.155198E+04,5.479325E+04,1.653135E+00,5.907218E+03,8.474036E-01,0.000000E+00,0.000000E+00,8.474036E-01,0.000000E+00,4.259037E+00,5.123239E+04,5.446591E+04
09:30:00,1.220726E+00,9.470107E+03,8.474036E-01,0.000000E+00,0.000000E+00,8.474036E-01,0.000000E+00,5.948731E+00,7.053321E+04,7.442207E+04,1.225686E+00,9.429242E+03,8.474036E-01,0.000000E+00,0.000000E+00,8.474036E-01,0.000000E+00,4.278348E+00,5.173606E+04,5.497909E+04,1.630496E+00,6.093739E+03,8.474036E-01,0.000000E+00,0.000000E+00,8.474036E-01,0.000000E+00,4.272971E+00,5.167549E+04,5.492174E+04
09:40:00,1.215879E+00,9.510045E+03,8.474036E-01,0.000000E+00,0.000000E+00,8.474036E-01,0.000000E+00,5.941787E+00,7.074137E+04,7.463297E+04,1.219112E+00,9.483412E+03,8.474036E-01,0.000000E+00,0.000000E+00,8.474036E-01,0.000000E+00,4.269108E+00,5.191838E+04,5.516295E+04,1.610072E+00,6.262016E+03,8.474036E-01,0.000000E+00,0.000000E+00,8.474036E-01,0.000000E+00,4.287238E+00,5.212234E+04,5.538118E+04
09:50:00,1.211509E+00,9.546052E+03,8.474036E-01,0.000000E+00,0.000000E+00,8.474036E-01,0.000000E+00,5.934823E+00,7.094930E+04,7.484389E+04,1.213195E+00,9.532164E+03,8.474036E-01,0.000000E+00,0.000000E+00,8.474036E-01,0.000000E+00,4.259523E+00,5.209682E+04,5.534294E+04,1.591499E+00,6.415050E+03,8.474036E-01,0.000000E+00,0.000000E+00,8.474036E-01,0.000000E+00,4.301529E+00,5.256946E+04,5.584092E+04
10:00:00,1.207528E+00,9.578850E+03,8.474036E-01,0.000000E+00,0.000000E+00,8.474036E-01,0.000000E+00,5.927456E+00,7.115270E+04,7.505007E+04,1.207820E+00,9.576444E+03,8.474036E-01,0.000000E+00,0.000000E+00,8.474036E-01,0.000000E+00,4.249208E+00,5.226704E+04,5.551419E+04,1.574531E+00,6.554853E+03,8.474036E-01,0.000000E+00,0.000000E+00,8.474036E-01,0.000000E+00,4.315353E+00,5.301133E+04,5.629487E+04
10:10:00,1.203865E+00,9.609034E+03,8.474036E-01,0.000000E+00,0.000000E+00,8.474036E-01,0.000000E+00,5.919476E+00,7.131552E+04,7.521469E+04,1.202890E+00,9.617070E+03,8.474036E-01,0.000000E+00,0.000000E+00,8.474036E-01,0.000000E+00,4.237961E+00,5.239309E+04,5.563993E+04,1.558918E+00,6.683494E+03,8.474036E-01,0.000000E+00,0.000000E+00,8.474036E-01,0.000000E+00,4.328402E+00,5.341079E+04,5.670505E+04
10:20:00,1.200461E+00,9.637081E+03,8.474036E-01,0.000000E+00,0.000000E+00,8.474036E-01,0.000000E+00,5.910773E+00,7.147021E+04,7.537072E+04,1.198323E+00,9.654696E+03,8.474036E-01,0.000000E+00,0.000000E+00,8.474036E-01,0.000000E+00,4.225699E+00,5.250773E+04,5.575343E+04,1.544451E+00,6.802704E+03,8.474036E-01,0.000000E+00,0.000000E+00,8.474036E-01,0.000000E+00,4.340482E+00,5.379935E+04,5.710347E+04
10:30:00,1.197271E+00,9.663363E+03,8.474036E-01,0.000000E+00,0.000000E+00,8.474036E-01,0.000000E+00,5.901293E+00,7.161615E+04,7.551753E+04,1.194059E+00,9.689834E+03,8.474036E-01,0.000000E+00,0.000000E+00,8.474036E-01,0.000000E+00,4.212487E+00,5.261168E+04,5.585552E+04,1.530962E+00,6.913840E+03,8.474036E-01,0.000000E+00,0.000000E+00,8.474036E-01,0.000000E+00,4.351546E+00,5.417648E+04,5.748966E+04
10:40:00,1.194259E+00,9.688177E+03,8.474036E-01,0.000000E+00,0.000000E+00,8.474036E-01,0.000000E+00,5.891571E+00,7.175937E+04,7.566153E+04,1.190047E+00,9.722890E+03,8.474036E-01,0.000000E+00,0.000000E+00,8.474036E-01,0.000000E+00,4.199011E+00,5.271264E+04,5.595439E+04,1.518320E+00,7.018007E+03,8.474036E-01,0.000000E+00,0.000000E+00,8.474036E-01,0.000000E+00,4.362125E+00,5.454816E+04,5.787001E+04
10:50:00,1.191397E+00,9.711759E+03,8.474036E-01,0.000000E+00,0.000000E+00,8.474036E-01,0.000000E+00,5.881653E+00,7.190038E+04,7.580318E+04,1.186248E+00,9.754188E+03,8.474036E-01,0.000000E+00,0.000000E+00,8.474036E-01,0.000000E+00,4.185401E+00,5.281211E+04,5.605146E+04,1.506414E+00,7.116112E+03,8.474036E-01,0.000000E+00,0.000000E+00,8.474036E-01,0.000000E+00,4.372259E+00,5.491481E+04,5.824491E+04
11:00:00,1.188660E+00,9.734319E+03,8.474036E-01,0.000000E+00,0.000000E+00,8.474036E-01,0.000000E+00,5.871981E+00,7.204417E+04,7.594759E+04,1.182625E+00,9.784043E+03,8.474036E-01,0.000000E+00,0.000000E+00,8.474036E-01,0.000000E+00,4.172246E+00,5.291670E+04,5.615371E+04,1.495111E+00,7.209239E+03,8.474036E-01,0.000000E+00,0.000000E+00,8.474036E-01,0.000000E+00,4.382460E+00,5.528224E+04,5.862046E+04
11:10:00,1.186028E+00,9.756000E+03,8.474036E-01,0.000000E+00,0.000000E+00,8.474036E-01,0.000000E+00,5.862799E+00,7.210926E+04,7.601179E+04,1.179154E+00,9.812645E+03,8.474036E-01,0.000000E+00,0.000000E+00,8.474036E-01,0.000000E+00,4.159939E+00,5.294662E+04,5.617994E+04,1.484350E+00,7.297908E+03,8.474036E-01,0.000000E+00,0.000000E+00,8.474036E-01,0.000000E+00,4.393047E+00,5.556979E+04,5.891457E+04
11:20:00,1.183490E+00,9.776915E+03,8.474036E-01,0.000000E+00,0.000000E+00,8.474036E-01,0.000000E+00,5.854594E+00,7.218534E+04,7.608724E+04,1.175817E+00,9.840139E+03,8.474036E-01,0.000000E+00,0.000000E+00,8.474036E-01,0.000000E+00,4.149126E+00,5.299335E+04,5.622362E+04,1.474081E+00,7.382523E+03,8.474036E-01,0.000000E+00,0.000000E+00,8.474036E-01,0.000000E+00,4.404593E+00,5.586814E+04,5.921980E+04
11:30:00,1.181034E+00,9.797155E+03,8.474036E-01,0.000000E+00,0.000000E+00,8.474036E-01,0.000000E+00,5.847702E+00,7.227619E+04,7.617797E+04,1.172599E+00,9.866651E+03,8.474036E-01,0.000000E+00,0.000000E+00,8.474036E-01,0.000000E+00,4.140216E+00,5.306150E+04,5.628966E+04,1.464255E+00,7.463488E+03,8.474036E-01,0.000000E+00,0.000000E+00,8.474036E-01,0.000000E+00,4.417448E+00,5.618122E+04,5.954032E+04
11:40:00,1.178650E+00,9.816797E+03,8.474036E-01,0.000000E+00,0.000000E+00,8.474036E-01,0.000000E+00,5.842246E+00,7.238320E+04,7.628532E+04,1.169488E+00,9.892290E+03,8.474036E-01,0.000000E+00,0.000000E+00,8.474036E-01,0.000000E+00,4.133412E+00,5.315334E+04,5.638040E+04,1.454829E+00,7.541154E+03,8.474036E-01,0.000000E+00,0.000000E+00,8.474036E-01,0.000000E+00,4.431797E+00,5.651111E+04,5.987827E+04
11:50:00,1.176337E+00,9.835850E+03,8.474036E-01,0.000000E+00,0.000000E+00,8.474036E-01,0.000000E+00,5.837900E+00,7.250271E+04,7.640540E+04,1.166485E+00,9.917036E+03,8.474036E-01,0.000000E+00,0.000000E+00,8.474036E-01,0.000000E+00,4.128402E+00,5.326538E+04,5.649211E+04,1.445815E+00,7.615427E+03,8.474036E-01,0.000000E+00,0.000000E+00,8.474036E-01,0.000000E+00,4.447270E+00,5.685364E+04,6.022924E+04
12:00:00,1.174088E+00,9.854380E+03,8.474036E-01,0.000000E+00,0.000000E+00,8.474036E-01,0.000000E+00,5.834220E+00,7.262972E+04,7.653314E+04,1.163577E+00,9.940990E+03,8.474036E-01,0.000000E+00,0.000000E+00,8.474036E-01,0.000000E+00,4.124618E+00,5.339121E+04,5.661816E+04,1.437168E+00,7.686676E+03,8.474036E-01,0.000000E+00,0.000000E+00,8.474036E-01,0.000000E+00,4.463227E+00,5.720163E+04,6.058578E+04
12:10:00,1.171896E+00,9.872445E+03,8.474036E-01,0.000000E+00,0.000000E+00,8.474036E-01,0.000000E+00,5.830840E+00,7.272641E+04,7.663031E+04,1.160755E+00,9.964249E+03,8.474036E-01,0.000000E+00,0.000000E+00,8.474036E-01,0.000000E+00,4.121607E+00,5.349206E+04,5.671930E+04,1.428845E+00,7.755254E+03,8.474036E-01,0.000000E+00,0.000000E+00,8.474036E-01,0.000000E+00,4.479116E+00,5.751517E+04,6.090748E+04
12:20:00,1.169755E+00,9.890088E+03,8.474036E-01,0.000000E+00,0.000000E+00,8.474036E-01,0.000000E+00,5.827448E+00,7.282298E+04,7.672777E+04,1.158009E+00,9.986874E+03,8.474036E-01,0.000000E+00,0.000000E+00,8.474036E-01,0.000000E+00,4.118996E+00,5.359740E+04,5.682564E+04,1.420818E+00,7.821397E+03,8.474036E-01,0.000000E+00,0.000000E+00,8.474036E-01,0.000000E+00,4.494530E+00,5.782336E+04,6.122414E+04
12:30:00,1.167661E+00,9.907341E+03,8.474036E-01,0.000000E+00,0.000000E+00,8.474036E-01,0.000000E+00,5.823976E+00,7.291863E+04,7.682472E+04,1.155334E+00,1.000891E+04,8.474036E-01,0.000000E+00,0.000000E+00,8.474036E-01,0.000000E+00,4.116684E+00,5.370612E+04,5.693599E+04,1.413063E+00,7.885294E+03,8.474036E-01,0.000000E+00,0.000000E+00,8.474036E-01,0.000000E+00,4.509345E+00,5.812481E+04,6.153429E+04
12:40:00,1.165611E+00,9.924229E+03,8.474036E-01,0.000000E+00,0.000000E+00,8.474036E-01,0.000000E+00,5.820611E+00,7.301550E+04,7.692313E+04,1.152726E+00,1.003041E+04,8.474036E-01,0.000000E+00,0.000000E+00,8.474036E-01,0.000000E+00,4.114870E+00,5.382044E+04,5.705241E+04,1.405561E+00,7.947111E+03,8.474036E-01,0.000000E+00,0.000000E+00,8.474036E-01,0.000000E+00,4.523732E+00,5.842145E+04,6.183961E+04
12:50:00,1.163597E+00,9.940828E+03,8.474036E-01,0.000000E+00,0.000000E+00,8.474036E-01,0.000000E+00,5.817867E+00,7.311935E+04,7.702875E+04,1.150167E+00,1.005149E+04,8.474036E-01,0.000000E+00,0.000000E+00,8.474036E-01,0.000000E+00,4.114120E+00,5.394673E+04,5.718130E+04,1.398246E+00,8.007382E+03,8.474036E-01,0.000000E+00,0.000000E+00,8.474036E-01,0.000000E+00,4.538236E+00,5.871940E+04,6.214616E+04
13:00:00,1.161617E+00,9.957141E+03,8.474036E-01,0.000000E+00,0.000000E+00,8.474036E-01,0.000000E+00,5.816283E+00,7.323626E+04,7.714767E+04,1.147658E+00,1.007216E+04,8.474036E-01,0.000000E+00,0.000000E+00,8.474036E-01,0.000000E+00,4.115112E+00,5.409263E+04,5.733045E+04,1.391117E+00,8.066123E+03,8.474036E-01,0.000000E+00,0.000000E+00,8.474036E-01,0.000000E+00,4.553560E+00,5.902658E+04,6.246201E+04
13:10:00,1.159672E+00,9.973165E+03,8.474036E-01,0.000000E+00,0.000000E+00,8.474036E-01,0.000000E+00,5.816365E+00,7.332138E+04,7.723440E+04,1.145201E+00,1.009240E+04,8.474036E-01,0.000000E+00,0.000000E+00,8.474036E-01,0.000000E+00,4.118415E+00,5.421400E+04,5.745512E+04,1.384177E+00,8.123312E+03,8.474036E-01,0.000000E+00,0.000000E+00,8.474036E-01,0.000000E+00,4.570265E+00,5.929877E+04,6.274232E+04
13:20:00,1.157762E+00,9.988908E+03,8.474036E-01,0.000000E+00,0.000000E+00,8.474036E-01,0.000000E+00,5.818335E+00,7.342776E+04,7.734294E+04,1.142795E+00,1.011223E+04,8.474036E-01,0.000000E+00,0.000000E+00,8.474036E-01,0.000000E+00,4.124274E+00,5.436414E+04,5.760962E+04,1.377417E+00,8.179007E+03,8.474036E-01,0.000000E+00,0.000000E+00,8.474036E-01,0.000000E+00,4.588551E+00,5.958876E+04,6.304086E+04
13:30:00,1.155884E+00,1.000438E+04,8.474036E-01,0.000000E+00,0.000000E+00,8.474036E-01,0.000000E+00,5.822216E+00,7.355564E+04,7.747355E+04,1.140439E+00,1.013165E+04,8.474036E-01,0.000000E+00,0.000000E+00,8.474036E-01,0.000000E+00,4.132626E+00,5.454233E+04,5.779312E+04,1.370832E+00,8.233271E+03,8.474036E-01,0.000000E+00,0.000000E+00,8.474036E-01,0.000000E+00,4.608344E+00,5.989571E+04,6.335679E+04
13:40:00,1.154039E+00,1.001958E+04,8.474036E-01,0.000000E+00,0.000000E+00,8.474036E-01,0.000000E+00,5.827700E+00,7.370156E+04,7.762242E+04,1.138130E+00,1.015067E+04,8.474036E-01,0.000000E+00,0.000000E+00,8.474036E-01,0.000000E+00,4.143069E+00,5.474405E+04,5.800078E+04,1.364412E+00,8.286168E+03,8.474036E-01,0.000000E+00,0.000000E+00,8.474036E-01,0.000000E+00,4.629218E+00,6.021481E+04,6.368503E+04
13:50:00,1.152226E+00,1.003453E+04,8.474036E-01,0.000000E+00,0.000000E+00,8.474036E-01,0.000000E+00,5.834417E+00,7.386135E+04,7.778531E+04,1.135868E+00,1.016931E+04,8.474036E-01,0.000000E+00,0.000000E+00,8.474036E-01,0.000000E+00,4.155072E+00,5.496332E+04,5.822639E+04,1.358151E+00,8.337754E+03,8.474036E-01,0.000000E+00,0.000000E+00,8.474036E-01,0.000000E+00,4.650616E+00,6.053982E+04,6.401915E+04
14:00:00,1.150442E+00,1.004922E+04,8.474036E-01,0.000000E+00,0.000000E+00,8.474036E-01,0.000000E+00,5.841917E+00,7.402996E+04,7.795699E+04,1.133651E+00,1.018758E+04,8.474036E-01,0.000000E+00,0.000000E+00,8.474036E-01,0.000000E+00,4.168030E+00,5.519335E+04,5.846295E+04,1.352043E+00,8.388082E+03,8.474036E-01,0.000000E+00,0.000000E+00,8.474036E-01,0.000000E+00,4.671870E+00,6.086320E+04,6.435139E+04
14:10:00,1.148688E+00,1.006367E+04,8.474036E-01,0.000000E+00,0.000000E+00,8.474036E-01,0.000000E+00,5.849901E+00,7.411980E+04,7.804862E+04,1.131478E+00,1.020548E+04,8.474036E-01,0.000000E+00,0.000000E+00,8.474036E-01,0.000000E+00,4.181520E+00,5.534516E+04,5.862012E+04,1.346082E+00,8.437204E+03,8.474036E-01,0.000000E+00,0.000000E+00,8.474036E-01,0.000000E+00,4.692592E+00,6.109639E+04,6.459189E+04
14:20:00,1.146963E+00,1.007789E+04,8.474036E-01,0.000000E+00,0.000000E+00,8.474036E-01,0.000000E+00,5.857735E+00,7.420795E+04,7.813831E+04,1.129348E+00,1.021352E+04,8.474036E-01,0.000000E+00,0.000000E+00,8.474036E-01,0.000000E+00,4.194702E+00,5.549349E+04,5.877354E+04,1.340261E+00,8.485164E+03,8.474036E-01,0.000000E+00,0.000000E+00,8.474036E-01,0.000000E+00,4.711959E+00,6.131433E+04,6.481652E+04
14:30:00,1.145266E+00,1.009187E+04,8.474036E-01,0.000000E+00,0.000000E+00,8.474036E-01,0.000000E+00,5.864961E+00,7.428927E+04,7.822099E+04,1.127260E+00,1.019463E+04,8.474036E-01,0.000000E+00,0.000000E+00,8.474036E-01,0.000000E+00,4.206993E+00,5.563181E+04,5.891667E+04,1.334576E+00,8.532007E+03,8.474036E-01,0.000000E+00,0.000000E+00,8.474036E-01,0.000000E+00,4.729333E+00,6.150986E+04,6.501807E+04
14:40:00,1.143596E+00,1.010563E+04,8.474036E-01,0.000000E+00,0.000000E+00,8.474036E-01,0.000000E+00,5.871368E+00,7.436136E+04,7.829444E+04,1.125213E+00,1.017612E+04,8.474036E-01,0.000000E+00,0.000000E+00,8.474036E-01,0.000000E+00,4.218062E+00,5.575638E+04,5.904580E+04,1.329022E+00,8.577774E+03,8.474036E-01,0.000000E+00,0.000000E+00,8.474036E-01,0.000000E+00,4.744384E+00,6.167924E+04,6.519284E+04
14:50:00,1.141953E+00,1.011917E+04,8.474036E-01,0.000000E+00,0.000000E+00,8.474036E-01,0.000000E+00,5.876758E+00,7.442202E+04,7.835631E+04,1.123205E+00,1.015796E+04,8.474036E-01,0.000000E+00,0.000000E+00,8.474036E-01,0.000000E+00,4.227654E+00,5.586433E+04,5.915788E+04,1.323593E+00,8.622502E+03,8.474036E-01,0.000000E+00,0.000000E+00,8.474036E-01,0.000000E+00,4.756845E+00,6.181948E+04,6.533766E+04
15:00:00,1.140336E+00,1.013249E+04,8.474036E-01,0.000000E+00,0.000000E+00,8.474036E-01,0.000000E+00,5.881033E+00,7.447014E+04,7.840537E+04,1.121236E+00,1.014015E+04,8.474036E-01,0.000000E+00,0.000000E+00,8.474036E-01,0.000000E+00,4.235613E+00,5.595389E+04,5.925091E+04,1.318287E+00,8.666227E+03,8.474036E-01,0.000000E+00,0.000000E+00,8.474036E-01,0.000000E+00,4.766550E+00,6.192870E+04,6.545042E+04
15:10:00,1.138744E+00,1.014561E+04,8.474036E-01,0.000000E+00,0.000000E+00,8.474036E-01,0.000000E+00,5.883780E+00,7.440000E+04,7.833388E+04,1.119304E+00,1.012268E+04,8.474036E-01,0.000000E+00,0.000000E+00,8.474036E-01,0.000000E+00,4.241451E+00,5.591855E+04,5.921628E+04,1.313098E+00,8.708983E+03,8.474036E-01,0.000000E+00,0.000000E+00,8.474036E-01,0.000000E+00,4.772977E+00,6.189998E+04,6.542211E+04
15:20:00,1.137177E+00,1.015852E+04,8.474036E-01,0.000000E+00,0.000000E+00,8.474036E-01,0.000000E+00,5.885199E+00,7.431493E+04,7.824719E+04,1.117409E+00,1.010554E+04,8.474036E-01,0.000000E+00,0.000000E+00,8.474036E-01,0.000000E+00,4.245402E+00,5.586196E+04,5.915966E+04,1.308022E+00,8.750802E+03,8.474036E-01,0.000000E+00,0.000000E+00,8.474036E-01,0.000000E+00,4.776328E+00,6.183665E+04,6.535804E+04
15:30:00,1.135634E+00,1.017124E+04,8.474036E-01,0.000000E+00,0.000000E+00,8.474036E-01,0.000000E+00,5.885298E+00,7.421500E+04,7.814543E+04,1.115550E+00,1.008873E+04,8.474036E-01,0.000000E+00,0.000000E+00,8.474036E-01,0.000000E+00,4.247499E+00,5.578452E+04,5.908154E+04,1.303057E+00,8.791714E+03,8.474036E-01,0.000000E+00,0.000000E+00,8.474036E-01,0.000000E+00,4.776602E+00,6.173870E+04,6.525828E+04
15:40:00,1.134115E+00,1.018375E+04,8.474036E-01,0.000000E+00,0.000000E+00,8.474036E-01,0.000000E+00,5.884026E+00,7.409964E+04,7.802792E+04,1.113726E+00,1.007223E+04,8.474036E-01,0.000000E+00,0.000000E+00,8.474036E-01,0.000000E+00,4.247703E+00,5.568578E+04,5.898134E+04,1.298199E+00,8.831747E+03,8.474036E-01,0.000000E+00,0.000000E+00,8.474036E-01,0.000000E+00,4.773737E+00,6.160542E+04,6.512199E+04
15:50:00,1.132619E+00,1.019608E+04,8.474036E-01,0.000000E+00,0.000000E+00,8.474036E-01,0.000000E+00,5.880996E+00,7.396450E+04,7.788972E+04,1.111936E+00,1.005605E+04,8.474036E-01,0.000000E+00,0.000000E+00,8.474036E-01,0.000000E+00,4.245579E+00,5.556083E+04,5.885351E+04,1.293443E+00,8.870929E+03,8.474036E-01,0.000000E+00,0.000000E+00,8.474036E-01,0.000000E+00,4.767280E+00,6.143171E+04,6.494351E+04
16:00:00,1.131145E+00,1.020823E+04,8.474036E-01,0.000000E+00,0.000000E+00,8.474036E-01,0.000000E+00,5.876303E+00,7.381064E+04,7.773240E+04,1.110179E+00,1.004016E+04,8.474036E-01,0.000000E+00,0.000000E+00,8.474036E-01,0.000000E+00,4.241229E+00,5.541083E+04,5.869973E+04,1.288788E+00,8.909285E+03,8.474036E-01,0.000000E+00,0.000000E+00,8.474036E-01,0.000000E+00,4.757327E+00,6.121867E+04,6.472440E+04
16:10:00,1.129693E+00,1.021664E+04,8.474036E-01,0.000000E+00,0.000000E+00,8.474036E-01,0.000000E+00,5.870015E+00,7.360516E+04,7.752257E+04,1.108455E+00,1.002457E+04,8.474036E-01,0.000000E+00,0.000000E+00,8.474036E-01,0.000000E+00,4.234724E+00,5.520290E+04,5.848668E+04,1.284231E+00,8.946840E+03,8.474036E-01,0.000000E+00,0.000000E+00,8.474036E-01,0.000000E+00,4.743951E+00,6.093342E+04,6.443129E+04
16:20:00,1.128263E+00,1.020371E+04,8.474036E-01,0.000000E+00,0.000000E+00,8.474036E-01,0.000000E+00,5.862108E+00,7.338144E+04,7.729410E+04,1.106763E+00,1.000926E+04,8.474036E-01,0.000000E+00,0.000000E+00,8.474036E-01,0.000000E+00,4.225362E+00,5.496282E+04,5.824004E+04,1.279767E+00,8.983617E+03,8.474036E-01,0.000000E+00,0.000000E+00,8.474036E-01,0.000000E+00,4.726442E+00,6.060167E+04,6.408983E+04
16:30:00,1.126854E+00,1.019096E+04,8.474036E-01,0.000000E+00,0.000000E+00,8.474036E-01,0.000000E+00,5.852657E+00,7.314037E+04,7.704775E+04,1.105102E+00,9.994237E+03,8.474036E-01,0.000000E+00,0.000000E+00,8.474036E-01,0.000000E+00,4.212617E+00,5.468468E+04,5.795383E+04,1.275396E+00,9.019638E+03,8.474036E-01,0.000000E+00,0.000000E+00,8.474036E-01,0.000000E+00,4.704316E+00,6.021795E+04,6.369455E+04
16:40:00,1.125466E+00,1.017841E+04,8.474036E-01,0.000000E+00,0.000000E+00,8.474036E-01,0.000000E+00,5.841851E+00,7.288403E+04,7.678560E+04,1.103470E+00,9.979486E+03,8.474036E-01,0.000000E+00,0.000000E+00,8.474036E-01,0.000000E+00,4.196635E+00,5.437010E+04,5.763011E+04,1.271113E+00,9.054924E+03,8.474036E-01,0.000000E+00,0.000000E+00,8.474036E-01,0.000000E+00,4.677685E+00,5.978353E+04,6.324708E+04
16:50:00,1.124098E+00,1.016603E+04,8.474036E-01,0.000000E+00,0.000000E+00,8.474036E-01,0.000000E+00,5.830013E+00,7.261609E+04,7.651153E+04,1.101869E+00,9.965001E+03,8.474036E-01,0.000000E+00,0.000000E+00,8.474036E-01,0.000000E+00,4.177956E+00,5.402517E+04,5.727527E+04,1.267023E+00,9.088631E+03,8.474036E-01,0.000000E+00,0.000000E+00,8.474036E-01,0.000000E+00,4.647117E+00,5.930482E+04,6.275407E+04
17:00:00,1.122749E+00,1.015384E+04,8.474036E-01,0.000000E+00,0.000000E+00,8.474036E-01,0.000000E+00,5.816712E+00,7.233167E+04,7.622016E+04,1.100296E+00,9.950777E+03,8.474036E-01,0.000000E+00,0.000000E+00,8.474036E-01,0.000000E+00,4.156294E+00,5.364667E+04,5.688505E+04,1.264921E+00,9.105945E+03,8.474036E-01,0.000000E+00,0.000000E+00,8.474036E-01,0.000000E+00,4.612324E+00,5.877856E+04,6.221127E+04
17:10:00,1.121420E+00,1.014182E+04,8.474036E-01,0.000000E+00,0.000000E+00,8.474036E-01,0.000000E+00,5.801677E+00,7.199406E+04,7.587434E+04,1.098751E+00,9.936809E+03,8.474036E-01,0.000000E+00,0.000000E+00,8.474036E-01,0.000000E+00,4.131713E+00,5.320163E+04,5.642586E+04,1.262865E+00,9.122891E+03,8.474036E-01,0.000000E+00,0.000000E+00,8.474036E-01,0.000000E+00,4.573390E+00,5.817201E+04,6.158528E+04
17:20:00,1.120110E+00,1.012997E+04,8.474036E-01,0.000000E+00,0.000000E+00,8.474036E-01,0.000000E+00,5.784612E+00,7.163361E+04,7.550532E+04,1.097234E+00,9.923089E+03,8.474036E-01,0.000000E+00,0.000000E+00,8.474036E-01,0.000000E+00,4.104611E+00,5.272824E+04,5.593680E+04,1.260852E+00,9.139478E+03,8.474036E-01,0.000000E+00,0.000000E+00,8.474036E-01,0.000000E+00,4.530730E+00,5.752353E+04,6.091536E+04
17:30:00,1.118818E+00,1.011829E+04,8.474036E-01,0.000000E+00,0.000000E+00,8.474036E-01,0.000000E+00,5.764625E+00,7.124029E+04,7.510259E+04,1.095744E+00,9.909613E+03,8.474036E-01,0.000000E+00,0.000000E+00,8.474036E-01,0.000000E+00,4.075568E+00,5.223300E+04,5.542516E+04,1.258881E+00,9.155717E+03,8.474036E-01,0.000000E+00,0.000000E+00,8.474036E-01,0.000000E+00,4.484960E+00,5.684005E+04,6.020919E+04
17:40:00,1.117545E+00,1.010677E+04,8.474036E-01,0.000000E+00,0.000000E+00,8.474036E-01,0.000000E+00,5.740436E+00,7.079967E+04,7.465105E+04,1.094280E+00,9.896374E+03,8.474036E-01,0.000000E+00,0.000000E+00,8.474036E-01,0.000000E+00,4.043282E+00,5.170125E+04,5.487469E+04,1.256951E+00,9.171616E+03,8.474036E-01,0.000000E+00,0.000000E+00,8.474036E-01,0.000000E+00,4.434876E+00,5.610803E+04,5.945179E+04
17:50:00,1.116289E+00,1.009541E+04,8.474036E-01,0.000000E+00,0.000000E+00,8.474036E-01,0.000000E+00,5.712006E+00,7.031132E+04,7.415118E+04,1.092842E+00,9.883367E+03,8.474036E-01,0.000000E+00,0.000000E+00,8.474036E-01,0.000000E+00,4.007928E+00,5.113499E+04,5.428847E+04,1.255062E+00,9.187184E+03,8.474036E-01,0.000000E+00,0.000000E+00,8.474036E-01,0.000000E+00,4.380733E+00,5.533034E+04,5.864712E+04
18:00:00,1.115050E+00,1.008421E+04,8.474036E-01,0.000000E+00,0.000000E+00,8.474036E-01,0.000000E+00,5.678969E+00,6.977113E+04,7.359815E+04,1.091429E+00,9.870588E+03,8.474036E-01,0.000000E+00,0.000000E+00,8.474036E-01,0.000000E+00,3.968988E+00,5.052837E+04,5.365986E+04,1.253211E+00,9.202431E+03,8.474036E-01,0.000000E+00,0.000000E+00,8.474036E-01,0.000000E+00,4.322106E+00,5.450217E+04,5.778954E+04
18:10:00,1.119647E+00,1.012578E+04,8.474036E-01,0.000000E+00,0.000000E+00,8.474036E-01,0.000000E+00,5.640409E+00,6.908459E+04,7.289522E+04,1.098935E+00,9.938468E+03,8.474036E-01,0.000000E+00,0.000000E+00,8.474036E-01,0.000000E+00,3.925524E+00,4.978664E+04,5.289197E+04,1.262100E+00,9.129192E+03,8.474036E-01,0.000000E+00,0.000000E+00,8.474036E-01,0.000000E+00,4.258129E+00,5.352960E+04,5.678301E+04
18:20:00,1.124278E+00,1.016766E+04,8.474036E-01,0.000000E+00,0.000000E+00,8.474036E-01,0.000000E+00,5.597479E+00,6.834886E+04,7.214190E+04,1.106493E+00,1.000682E+04,8.474036E-01,0.000000E+00,0.000000E+00,8.474036E-01,0.000000E+00,3.878379E+00,4.900348E+04,5.208068E+04,1.271058E+00,9.055376E+03,8.474036E-01,0.000000E+00,0.000000E+00,8.474036E-01,0.000000E+00,4.189724E+00,5.250720E+04,5.572429E+04
18:30:00,1.128953E+00,1.020994E+04,8.474036E-01,0.000000E+00,0.000000E+00,8.474036E-01,0.000000E+00,5.551929E+00,6.758366E+04,7.135783E+04,1.114115E+00,1.007575E+04,8.474036E-01,0.000000E+00,0.000000E+00,8.474036E-01,0.000000E+00,3.828620E+00,4.819090E+04,5.123784E+04,1.280111E+00,8.980786E+03,8.474036E-01,0.000000E+00,0.000000E+00,8.474036E-01,0.000000E+00,4.118040E+00,5.144790E+04,5.462613E+04
18:40:00,1.133681E+00,1.018733E+04,8.474036E-01,0.000000E+00,0.000000E+00,8.474036E-01,0.000000E+00,5.507312E+00,6.682895E+04,7.058470E+04,1.121816E+00,1.014539E+04,8.474036E-01,0.000000E+00,0.000000E+00,8.474036E-01,0.000000E+00,3.780250E+00,4.739396E+04,5.041143E+04,1.289285E+00,8.905201E+03,8.474036E-01,0.000000E+00,0.000000E+00,8.474036E-01,0.000000E+00,4.047196E+00,5.039805E+04,5.353757E+04
18:50:00,1.138469E+00,1.014788E+04,8.474036E-01,0.000000E+00,0.000000E+00,8.474036E-01,0.000000E+00,5.464657E+00,6.609632E+04,6.983243E+04,1.129603E+00,1.021583E+04,8.474036E-01,0.000000E+00,0.000000E+00,8.474036E-01,0.000000E+00,3.734147E+00,4.662253E+04,4.960976E+04,1.298588E+00,8.828551E+03,8.474036E-01,0.000000E+00,0.000000E+00,8.474036E-01,0.000000E+00,3.978182E+00,4.936879E+04,5.246812E+04
19:00:00,1.143308E+00,1.010800E+04,8.474036E-01,0.000000E+00,0.000000E+00,8.474036E-01,0.000000E+00,5.425232E+00,6.540002E+04,6.911566E+04,1.137465E+00,1.015615E+04,8.474036E-01,0.000000E+00,0.000000E+00,8.474036E-01,0.000000E+00,3.691708E+00,4.589232E+04,4.884931E+04,1.308008E+00,8.750940E+03,8.474036E-01,0.000000E+00,0.000000E+00,8.474036E-01,0.000000E+00,3.912554E+00,4.837764E+04,5.143605E+04
19:10:00,1.142369E+00,1.011574E+04,8.474036E-01,0.000000E+00,0.000000E+00,8.474036E-01,0.000000E+00,5.391099E+00,6.483066E+04,6.852873E+04,1.136491E+00,1.016417E+04,8.474036E-01,0.000000E+00,0.000000E+00,8.474036E-01,0.000000E+00,3.654850E+00,4.529228E+04,4.822288E+04,1.306831E+00,8.760639E+03,8.474036E-01,0.000000E+00,0.000000E+00,8.474036E-01,0.000000E+00,3.852446E+00,4.751596E+04,5.053667E+04
19:20:00,1.141446E+00,1.012335E+04,8.474036E-01,0.000000E+00,0.000000E+00,8.474036E-01,0.000000E+00,5.361828E+00,6.431599E+04,6.799889E+04,1.135538E+00,1.017203E+04,8.474036E-01,0.000000E+00,0.000000E+00,8.474036E-01,0.000000E+00,3.623545E+00,4.475474E+04,4.766275E+04,1.305719E+00,8.769808E+03,8.474036E-01,0.000000E+00,0.000000E+00,8.474036E-01,0.000000E+00,3.798061E+00,4.671869E+04,4.970505E+04
19:30:00,1.140525E+00,1.013093E+04,8.474036E-01,0.000000E+00,0.000000E+00,8.474036E-01,0.000000E+00,5.336873E+00,6.384990E+04,6.752041E+04,1.134588E+00,1.017985E+04,8.474036E-01,0.000000E+00,0.000000E+00,8.474036E-01,0.000000E+00,3.597163E+00,4.427259E+04,4.716205E+04,1.304640E+00,8.778703E+03,8.474036E-01,0.000000E+00,0.000000E+00,8.474036E-01,0.000000E+00,3.748999E+00,4.598131E+04,4.893711E+04
19:40:00,1.139594E+00,1.013861E+04,8.474036E-01,0.000000E+00,0.000000E+00,8.474036E-01,0.000000E+00,5.314161E+00,6.340905E+04,6.706819E+04,1.133623E+00,1.018781E+04,8.474036E-01,0.000000E+00,0.000000E+00,8.474036E-01,0.000000E+00,3.573346E+00,4.381931E+04,4.669194E+04,1.303562E+00,8.787591E+03,8.474036E-01,0.000000E+00,0.000000E+00,8.474036E-01,0.000000E+00,3.703117E+00,4.527972E+04,4.820677E+04
19:50:00,1.138643E+00,1.014644E+04,8.474036E-01,0.000000E+00,0.000000E+00,8.474036E-01,0.000000E+00,5.293070E+00,6.298644E+04,6.663484E+04,1.132631E+00,1.019598E+04,8.474036E-01,0.000000E+00,0.000000E+00,8.474036E-01,0.000000E+00,3.551343E+00,4.338644E+04,4.624332E+04,1.302470E+00,8.796594E+03,8.474036E-01,0.000000E+00,0.000000E+00,8.474036E-01,0.000000E+00,3.659804E+00,4.460705E+04,4.750661E+04
20:00:00,1.137681E+00,1.015437E+04,8.474036E-01,0.000000E+00,0.000000E+00,8.474036E-01,0.000000E+00,5.273315E+00,6.257888E+04,6.621714E+04,1.131622E+00,1.020429E+04,8.474036E-01,0.000000E+00,0.000000E+00,8.474036E-01,0.000000E+00,3.530835E+00,4.297039E+04,4.581246E+04,1.301371E+00,8.805651E+03,8.474036E-01,0.000000E+00,0.000000E+00,8.474036E-01,0.000000E+00,3.618840E+00,4.396080E+04,4.683407E+04
20:10:00,1.136714E+00,1.016234E+04,8.474036E-01,0.000000E+00,0.000000E+00,8.474036E-01,0.000000E+00,5.254607E+00,6.221677E+04,6.584583E+04,1.130609E+00,1.021264E+04,8.474036E-01,0.000000E+00,0.000000E+00,8.474036E-01,0.000000E+00,3.511498E+00,4.260120E+04,4.542964E+04,1.300272E+00,8.814707E+03,8.474036E-01,0.000000E+00,0.000000E+00,8.474036E-01,0.000000E+00,3.579957E+00,4.337167E+04,4.622021E+04
20:20:00,1.135749E+00,1.017029E+04,8.474036E-01,0.000000E+00,0.000000E+00,8.474036E-01,0.000000E+00,5.236802E+00,6.186482E+04,6.548498E+04,1.129600E+00,1.021580E+04,8.474036E-01,0.000000E+00,0.000000E+00,8.474036E-01,0.000000E+00,3.493167E+00,4.224334E+04,4.505864E+04,1.299176E+00,8.823739E+03,8.474036E-01,0.000000E+00,0.000000E+00,8.474036E-01,0.000000E+00,3.543022E+00,4.280444E+04,4.562914E+04
20:30:00,1.134789E+00,1.017820E+04,8.474036E-01,0.000000E+00,0.000000E+00,8.474036E-01,0.000000E+00,5.219787E+00,6.152177E+04,6.513323E+04,1.128599E+00,1.020674E+04,8.474036E-01,0.000000E+00,0.000000E+00,8.474036E-01,0.000000E+00,3.475715E+00,4.189537E+04,4.469792E+04,1.298085E+00,8.832735E+03,8.474036E-01,0.000000E+00,0.000000E+00,8.474036E-01,0.000000E+00,3.507905E+00,4.225769E+04,4.505937E+04
20:40:00,1.133835E+00,1.018606E+04,8.474036E-01,0.000000E+00,0.000000E+00,8.474036E-01,0.000000E+00,5.203468E+00,6.118654E+04,6.478954E+04,1.127606E+00,1.019776E+04,8.474036E-01,0.000000E+00,0.000000E+00,8.474036E-01,0.000000E+00,3.459032E+00,4.155606E+04,4.434622E+04,1.296998E+00,8.841688E+03,8.474036E-01,0.000000E+00,0.000000E+00,8.474036E-01,0.000000E+00,3.474444E+00,4.172956E+04,4.450895E+04
20:50:00,1.132889E+00,1.019386E+04,8.474036E-01,0.000000E+00,0.000000E+00,8.474036E-01,0.000000E+00,5.187773E+00,6.085835E+04,6.445309E+04,1.126624E+00,1.018888E+04,8.474036E-01,0.000000E+00,0.000000E+00,8.474036E-01,0.000000E+00,3.443040E+00,4.122452E+04,4.400262E+04,1.295918E+00,8.850588E+03,8.474036E-01,0.000000E+00,0.000000E+00,8.474036E-01,0.000000E+00,3.442540E+00,4.121895E+04,4.397677E+04
21:00:00,1.131950E+00,1.020159E+04,8.474036E-01,0.000000E+00,0.000000E+00,8.474036E-01,0.000000E+00,5.172643E+00,6.053651E+04,6.412323E+04,1.125652E+00,1.018009E+04,8.474036E-01,0.000000E+00,0.000000E+00,8.474036E-01,0.000000E+00,3.427671E+00,4.089999E+04,4.366638E+04,1.294846E+00,8.859424E+03,8.474036E-01,0.000000E+00,0.000000E+00,8.474036E-01,0.000000E+00,3.412102E+00,4.072484E+04,4.346183E+04
21:10:00,1.131020E+00,1.020926E+04,8.474036E-01,0.000000E+00,0.000000E+00,8.474036E-01,0.000000E+00,5.157949E+00,6.021958E+04,6.379841E+04,1.124693E+00,1.017142E+04,8.474036E-01,0.000000E+00,0.000000E+00,8.474036E-01,0.000000E+00,3.412785E+00,4.058091E+04,4.333579E+04,1.293782E+00,8.868189E+03,8.474036E-01,0.000000E+00,0.000000E+00,8.474036E-01,0.000000E+00,3.382990E+00,4.024566E+04,4.296244E+04
21:20:00,1.130098E+00,1.021685E+04,8.474036E-01,0.000000E+00,0.000000E+00,8.474036E-01,0.000000E+00,5.143648E+00,5.990707E+04,6.347811E+04,1.123746E+00,1.016286E+04,8.474036E-01,0.000000E+00,0.000000E+00,8.474036E-01,0.000000E+00,3.398329E+00,4.026665E+04,4.301021E+04,1.292728E+00,8.876874E+03,8.474036E-01,0.000000E+00,0.000000E+00,8.474036E-01,0.000000E+00,3.355098E+00,3.978020E+04,4.247732E+04
21:30:00,1.129186E+00,1.021205E+04,8.474036E-01,0.000000E+00,0.000000E+00,8.474036E-01,0.000000E+00,5.129699E+00,5.959852E+04,6.316187E+04,1.122813E+00,1.015441E+04,8.474036E-01,0.000000E+00,0.000000E+00,8.474036E-01,0.000000E+00,3.384254E+00,3.995668E+04,4.268908E+04,1.291684E+00,8.885475E+03,8.474036E-01,0.000000E+00,0.000000E+00,8.474036E-01,0.000000E+00,3.328326E+00,3.932735E+04,4.200528E+04
21:40:00,1.128284E+00,1.020389E+04,8.474036E-01,0.000000E+00,0.000000E+00,8.474036E-01,0.000000E+00,5.116068E+00,5.929355E+04,6.284931E+04,1.121891E+00,1.014608E+04,8.474036E-01,0.000000E+00,0.000000E+00,8.474036E-01,0.000000E+00,3.370522E+00,3.965057E+04,4.237195E+04,1.290651E+00,8.893985E+03,8.474036E-01,0.000000E+00,0.000000E+00,8.474036E-01,0.000000E+00,3.302590E+00,3.888616E+04,4.154536E+04
21:50:00,1.127391E+00,1.019581E+04,8.474036E-01,0.000000E+00,0.000000E+00,8.474036E-01,0.000000E+00,5.102727E+00,5.899184E+04,6.254009E+04,1.120983E+00,1.013787E+04,8.474036E-01,0.000000E+00,0.000000E+00,8.474036E-01,0.000000E+00,3.357100E+00,3.934796E+04,4.205842E+04,1.289630E+00,8.902401E+03,8.474036E-01,0.000000E+00,0.000000E+00,8.474036E-01,0.000000E+00,3.277806E+00,3.845569E+04,4.109658E+04
22:00:00,1.126507E+00,1.018782E+04,8.474036E-01,0.000000E+00,0.000000E+00,8.474036E-01,0.000000E+00,5.089652E+00,5.869313E+04,6.223395E+04,1.120088E+00,1.012977E+04,8.474036E-01,0.000000E+00,0.000000E+00,8.474036E-01,0.000000E+00,3.343961E+00,3.904852E+04,4.174822E+04,1.288620E+00,8.910719E+03,8.474036E-01,0.000000E+00,0.000000E+00,8.474036E-01,0.000000E+00,3.253896E+00,3.803505E+04,4.065805E+04
22:10:00,1.022030E+00,9.242964E+03,8.474036E-01,0.000000E+00,0.000000E+00,8.474036E-01,0.000000E+00,4.343674E+00,5.101017E+04,5.376092E+04,1.016676E+00,9.194544E+03,8.474036E-01,0.000000E+00,0.000000E+00,8.474036E-01,0.000000E+00,2.781146E+00,3.287028E+04,3.473396E+04,1.157072E+00,9.994600E+03,8.474036E-01,0.000000E+00,0.000000E+00,8.474036E-01,0.000000E+00,2.701577E+00,3.195175E+04,3.374216E+04
22:20:00,9.177033E-01,8.299458E+03,8.474036E-01,0.000000E+00,0.000000E+00,8.474036E-01,0.000000E+00,3.665364E+00,4.404074E+04,4.601829E+04,9.134168E-01,8.260693E+03,8.474036E-01,0.000000E+00,0.000000E+00,8.474036E-01,0.000000E+00,2.220583E+00,2.663868E+04,2.765896E+04,1.025695E+00,9.276106E+03,8.474036E-01,0.000000E+00,0.000000E+00,8.474036E-01,0.000000E+00,2.153436E+00,2.583849E+04,2.678512E+04
22:30:00,8.474036E-01,7.663687E+03,8.474036E-01,0.000000E+00,0.000000E+00,8.474036E-01,0.000000E+00,3.039755E+00,3.729485E+04,3.854958E+04,8.474036E-01,7.663687E+03,8.474036E-01,0.000000E+00,0.000000E+00,8.474036E-01,0.000000E+00,1.662229E+00,2.017582E+04,2.034919E+04,8.944872E-01,8.089499E+03,8.474036E-01,0.000000E+00,0.000000E+00,8.474036E-01,0.000000E+00,1.609336E+00,1.952718E+04,1.963207E+04
22:40:00,8.474036E-01,7.663687E+03,8.474036E-01,0.000000E+00,0.000000E+00,8.474036E-01,0.000000E+00,2.429129E+00,3.024510E+04,3.082392E+04,8.474036E-01,7.663687E+03,8.474036E-01,0.000000E+00,0.000000E+00,8.474036E-01,0.000000E+00,1.136425E+00,1.374273E+04,1.311027E+04,8.474036E-01,7.663687E+03,8.474036E-01,0.000000E+00,0.000000E+00,8.474036E-01,0.000000E+00,1.083544E+00,1.310127E+04,1.248512E+04
22:50:00,8.474036E-01,7.663687E+03,8.474036E-01,0.000000E+00,0.000000E+00,8.474036E-01,0.000000E+00,1.940269E+00,2.425474E+04,2.431439E+04,8.474036E-01,7.663687E+03,8.474036E-01,0.000000E+00,0.000000E+00,8.474036E-01,0.000000E+00,8.474036E-01,1.015765E+04,9.674435E+03,8.474036E-01,7.663687E+03,8.474036E-01,0.000000E+00,0.000000E+00,8.474036E-01,0.000000E+00,8.474036E-01,1.015765E+04,9.674435E+03
23:00:00,8.474036E-01,7.663687E+03,8.474036E-01,0.000000E+00,0.000000E+00,8.474036E-01,0.000000E+00,1.576182E+00,1.951644E+04,1.923800E+04,8.474036E-01,7.663687E+03,8.474036E-01,0.000000E+00,0.000000E+00,8.474036E-01,0.000000E+00,8.474036E-01,1.006923E+04,9.584689E+03,8.474036E-01,7.663687E+03,8.474036E-01,0.000000E+00,0.000000E+00,8.474036E-01,0.000000E+00,8.474036E-01,1.006923E+04,9.584689E+03
23:10:00,8.474036E-01,7.663687E+03,8.474036E-01,0.000000E+00,0.000000E+00,8.474036E-01,0.000000E+00,1.719379E+00,2.146815E+04,2.125775E+04,8.474036E-01,7.663687E+03,8.474036E-01,0.000000E+00,0.000000E+00,8.474036E-01,0.000000E+00,8.474036E-01,9.980817E+03,9.494932E+03,8.474036E-01,7.663687E+03,8.474036E-01,0.000000E+00,0.000000E+00,8.474036E-01,0.000000E+00,8.474036E-01,9.980817E+03,9.494932E+03
23:20:00,8.474036E-01,7.663687E+03,8.474036E-01,0.000000E+00,0.000000E+00,8.474036E-01,0.000000E+00,1.799867E+00,2.251178E+04,2.230895E+04,8.474036E-01,7.663687E+03,8.474036E-01,0.000000E+00,0.000000E+00,8.474036E-01,0.000000E+00,8.474036E-01,9.892401E+03,9.405174E+03,8.474036E-01,7.663687E+03,8.474036E-01,0.000000E+00,0.000000E+00,8.474036E-01,0.000000E+00,8.474036E-01,9.892401E+03,9.405174E+03
23:30:00,8.474036E-01,7.663687E+03,8.474036E-01,0.000000E+00,0.000000E+00,8.474036E-01,0.000000E+00,1.832228E+00,2.286620E+04,2.264726E+04,8.474036E-01,7.663687E+03,8.474036E-01,0.000000E+00,0.000000E+00,8.474036E-01,0.000000E+00,8.474036E-01,9.803984E+03,9.315414E+03,8.474036E-01,7.663687E+03,8.474036E-01,0.000000E+00,0.000000E+00,8.474036E-01,0.000000E+00,8.474036E-01,9.803984E+03,9.315414E+03
23:40:00,8.474036E-01,7.663687E+03,8.474036E-01,0.000000E+00,0.000000E+00,8.474036E-01,0.000000E+00,1.855597E+00,2.308670E+04,2.285291E+04,8.474036E-01,7.663687E+03,8.474036E-01,0.000000E+00,0.000000E+00,8.474036E-01,0.000000E+00,8.474036E-01,9.715568E+03,9.225656E+03,8.474036E-01,7.663687E+03,8.474036E-01,0.000000E+00,0.000000E+00,8.474036E-01,0.000000E+00,8.474036E-01,9.715568E+03,9.225656E+03
23:50:00,8.474036E-01,7.663687E+03,8.474036E-01,0.000000E+00,0.000000E+00,8.474036E-01,0.000000E+00,1.872326E+00,2.320617E+04,2.295813E+04,8.474036E-01,7.663687E+03,8.474036E-01,0.000000E+00,0.000000E+00,8.474036E-01,0.000000E+00,8.474036E-01,9.627152E+03,9.135898E+03,8.474036E-01,7.663687E+03,8.474036E-01,0.000000E+00,0.000000E+00,8.474036E-01,0.000000E+00,8.474036E-01,9.627152E+03,9.135898E+03
24:00:00,8.474036E-01,7.663687E+03,8.474036E-01,0.000000E+00,0.000000E+00,8.474036E-01,0.000000E+00,1.886252E+00,2.328279E+04,2.302210E+04,8.474036E-01,7.663687E+03,8.474036E-01,0.000000E+00,0.000000E+00,8.474036E-01,0.000000E+00,8.474036E-01,9.538736E+03,9.046153E+03,8.474036E-01,7.663687E+03,8.474036E-01,0.000000E+00,0.000000E+00,8.474036E-01,0.000000E+00,8.474036E-01,9.538736E+03,9.046153E+03
Coinc Peak   ,1.312984E+00,6.110983E+00,1.021685E+04,7.447014E+04,1.358161E+00,4.486184E+00,1.021583E+04,5.595389E+04,1.998774E+00,4.776602E+00,1.002233E+04,6.192870E+04
NonCoinc Peak,1.312984E+00,6.576437E+00,1.021685E+04,7.447014E+04,1.358161E+00,5.062498E+00,1.021583E+04,5.595389E+04,1.998774E+00,5.197537E+00,1.002233E+04,6.192870E+04
